timestamp,x,y,event_type
1787477000.0105,496,502,move
1787477000.0175,497,491,move
1787477000.0251,511,485,move
1787477000.0364,514,479,move
1787477000.0438,523,472,move
1787477000.0506,538,465,move
1787477000.0621,536,453,move
1787477000.0688,532,460,move
1787477000.0787,552,452,move
1787477000.0894,557,447,move
1787477000.0956,552,437,move
1787477000.1054,567,431,move
1787477000.1124,559,430,move
1787477000.1206,582,414,move
1787477000.1706,581,415,click_LEFT_press
1787477000.2506,581,415,click_LEFT_release
1787477000.662,574,423,move
1787477000.6734,575,414,move
1787477000.6844,576,418,move
1787477000.6939,575,419,move
1787477000.7058,579,413,move
1787477000.7161,575,405,move
1787477000.7242,563,401,move
1787477000.7333,567,401,move
1787477000.7419,567,399,move
1787477000.7507,558,409,move
1787477000.7604,568,400,move
1787477000.7722,556,409,move
1787477000.784,554,397,move
1787477001.3549,560,406,move
1787477001.3647,564,392,move
1787477001.3723,578,401,move
1787477001.3783,597,405,move
1787477001.3865,602,405,move
1787477001.3965,602,393,move
1787477001.408,625,392,move
1787477001.4187,626,396,move
1787477001.4265,643,400,move
1787477001.4338,656,393,move
1787477001.4419,668,383,move
1787477001.4508,673,388,move
1787477001.4583,692,384,move
1787477002.039,689,393,move
1787477002.0481,709,373,move
1787477002.0557,705,374,move
1787477002.0662,702,369,move
1787477002.0721,715,366,move
1787477002.0838,722,374,move
1787477002.0917,718,366,move
1787477002.0983,735,370,move
1787477002.1038,738,375,move
1787477002.1146,749,365,move
1787477002.1257,748,365,move
1787477002.6211,752,351,move
1787477002.6277,765,366,move
1787477002.6341,774,369,move
1787477002.6422,786,371,move
1787477002.6511,795,368,move
1787477002.6607,806,377,move
1787477002.671,820,379,move
1787477002.6805,826,382,move
1787477002.6897,840,377,move
1787477002.6992,859,397,move
1787477002.7073,860,395,move
1787477003.1672,866,393,move
1787477003.1741,868,405,move
1787477003.1803,841,413,move
1787477003.186,834,406,move
1787477003.1962,824,405,move
1787477003.2035,821,419,move
1787477003.2132,812,427,move
1787477003.225,799,433,move
1787477003.2369,786,441,move
1787477003.245,778,440,move
1787477003.2537,765,438,move
1787477003.3037,746,448,click_LEFT_press
1787477003.3837,746,448,click_LEFT_release
1787477003.7798,755,453,move
1787477003.7908,751,441,move
1787477003.8019,745,437,move
1787477003.809,756,420,move
1787477003.818,752,411,move
1787477003.8276,768,397,move
1787477003.8382,768,397,move
1787477003.8441,762,394,move
1787477003.8553,763,378,move
1787477003.8635,772,365,move
1787477003.872,779,361,move
1787477003.8809,782,351,move
1787477003.8893,778,338,move
1787477003.8983,784,328,move
1787477003.9078,778,317,move
1787477004.4923,782,310,move
1787477004.4974,777,315,move
1787477004.5065,763,330,move
1787477004.5128,760,317,move
1787477004.5234,755,335,move
1787477004.5305,761,324,move
1787477004.5383,751,342,move
1787477004.5485,746,335,move
1787477004.5579,732,341,move
1787477004.5665,727,351,move
1787477005.0056,726,348,move
1787477005.017,710,352,move
1787477005.0224,702,347,move
1787477005.0294,694,333,move
1787477005.0363,695,346,move
1787477005.0482,672,342,move
1787477005.0557,669,337,move
1787477005.0634,660,329,move
1787477005.071,646,323,move
1787477005.0762,634,328,move
1787477005.0875,626,317,move
1787477005.0974,617,309,move
1787477005.1079,609,317,move
1787477005.8773,599,299,move
1787477005.8834,615,316,move
1787477005.8923,632,332,move
1787477005.9016,622,344,move
1787477005.9096,632,340,move
1787477005.9212,648,364,move
1787477005.9287,659,369,move
1787477005.9406,653,375,move
1787477005.9491,676,395,move
1787477005.9547,686,396,move
1787477005.9628,684,403,move
1787477005.9699,687,415,move
1787477006.3251,700,429,move
1787477006.3338,697,422,move
1787477006.3391,684,427,move
1787477006.3469,671,425,move
1787477006.3571,665,422,move
1787477006.3641,670,410,move
1787477006.3757,665,409,move
1787477006.3811,655,411,move
1787477006.3909,649,416,move
1787477006.4016,642,409,move
1787477007.0663,625,407,move
1787477007.0766,638,406,move
1787477007.0881,662,404,move
1787477007.0978,668,407,move
1787477007.1084,677,394,move
1787477007.1145,694,398,move
1787477007.125,691,403,move
1787477007.131,718,397,move
1787477007.1361,723,386,move
1787477007.1475,723,394,move
1787477007.1557,748,384,move
1787477007.1677,757,385,move
1787477007.1757,759,396,move
1787477007.2257,778,385,click_LEFT_press
1787477007.3057,778,385,click_LEFT_release
1787477007.7274,778,384,move
1787477007.7363,772,378,move
1787477007.7475,770,385,move
1787477007.7565,764,374,move
1787477007.7655,765,376,move
1787477007.7763,772,366,move
1787477007.7864,768,365,move
1787477007.7968,766,353,move
1787477007.807,761,358,move
1787477007.8155,766,355,move
1787477007.8273,751,344,move
1787477007.8336,746,335,move
1787477007.844,757,343,move
1787477007.8515,749,339,move
1787477007.8575,751,327,move
1787477008.3912,748,322,move
1787477008.4029,738,329,move
1787477008.4113,753,338,move
1787477008.4201,735,337,move
1787477008.4309,742,335,move
1787477008.4375,741,343,move
1787477008.4467,745,362,move
1787477008.4544,747,365,move
1787477008.462,747,357,move
1787477008.4737,742,364,move
1787477008.4805,742,382,move
1787477008.4917,742,383,move
1787477008.5005,731,383,move
1787477009.1979,730,378,move
1787477009.2063,751,402,move
1787477009.2158,761,394,move
1787477009.2247,765,408,move
1787477009.2304,781,419,move
1787477009.2393,794,428,move
1787477009.248,796,442,move
1787477009.2549,807,438,move
1787477009.2614,826,452,move
1787477009.2697,826,467,move
1787477009.2752,831,468,move
1787477009.2833,845,464,move
1787477009.291,861,489,move
1787477009.7377,879,498,move
1787477009.7471,888,498,move
1787477009.7578,885,510,move
1787477009.7635,905,520,move
1787477009.7754,914,526,move
1787477009.7817,921,533,move
1787477009.7893,924,544,move
1787477009.7959,942,556,move
1787477009.8035,957,566,move
1787477009.8149,957,574,move
1787477009.8237,961,593,move
1787477009.8326,969,599,move
1787477009.8412,991,612,move
1787477009.8466,1002,608,move
1787477009.8966,1005,622,click_LEFT_press
1787477009.9766,1005,622,click_LEFT_release
1787477010.3076,1002,618,move
1787477010.3178,1001,625,move
1787477010.3268,1018,604,move
1787477010.3334,1021,609,move
1787477010.3433,1018,593,move
1787477010.353,1032,603,move
1787477010.3604,1029,597,move
1787477010.3674,1027,587,move
1787477010.3756,1040,581,move
1787477010.3835,1033,572,move
1787477010.3933,1052,572,move
1787477010.4027,1049,566,move
1787477010.4114,1055,558,move
1787477010.4186,1061,556,move
1787477010.7732,1053,540,move
1787477010.7793,1060,537,move
1787477010.7854,1057,555,move
1787477010.7913,1041,544,move
1787477010.8007,1025,553,move
1787477010.8106,1037,541,move
1787477010.8184,1031,547,move
1787477010.8288,1025,551,move
1787477010.8361,1016,549,move
1787477010.8441,997,536,move
1787477010.8556,1001,546,move
1787477010.8648,980,537,move
1787477010.8761,976,556,move
1787477010.8819,975,549,move
1787477010.8902,977,537,move
1787477011.6622,955,538,move
1787477011.6688,960,546,move
1787477011.6771,948,542,move
1787477011.6827,940,529,move
1787477011.6905,933,530,move
1787477011.6982,930,519,move
1787477011.7078,918,520,move
1787477011.718,910,511,move
1787477011.7267,896,519,move
1787477011.736,899,512,move
1787477011.7474,891,507,move
1787477011.756,879,489,move
1787477012.5459,876,483,move
1787477012.5529,873,473,move
1787477012.5593,879,468,move
1787477012.5664,875,443,move
1787477012.5716,890,439,move
1787477012.5791,882,425,move
1787477012.5867,901,394,move
1787477012.598,904,394,move
1787477012.6097,910,381,move
1787477012.6182,905,357,move
1787477012.6682,910,344,click_LEFT_press
1787477012.7482,910,344,click_LEFT_release
1787477013.1941,913,337,move
1787477013.2042,922,339,move
1787477013.2148,927,327,move
1787477013.2261,939,331,move
1787477013.2344,950,317,move
1787477013.2449,942,314,move
1787477013.2554,961,299,move
1787477013.2673,963,303,move
1787477013.2732,985,288,move
1787477013.2851,981,288,move
1787477013.2949,985,282,move
1787477013.3062,1004,261,move
1787477013.3147,1020,269,move
1787477013.3238,1029,262,move
1787477013.3341,1035,249,move
1787477013.3841,1038,240,click_LEFT_press
1787477013.4641,1038,240,click_LEFT_release
1787477013.8931,1043,243,move
1787477013.8992,1027,250,move
1787477013.9092,1008,262,move
1787477013.9185,1005,262,move
1787477013.9247,997,273,move
1787477013.9334,984,288,move
1787477013.9441,964,296,move
1787477013.955,946,315,move
1787477013.9656,936,326,move
1787477013.9712,922,318,move
1787477013.9788,907,344,move
1787477013.9842,910,347,move
1787477014.497,892,347,move
1787477014.5066,886,351,move
1787477014.5127,870,348,move
1787477014.5213,857,328,move
1787477014.5273,842,314,move
1787477014.5361,840,317,move
1787477014.5452,835,309,move
1787477014.5523,819,302,move
1787477014.5595,808,278,move
1787477014.5703,792,284,move
1787477014.5767,783,265,move
1787477014.5826,776,255,move
1787477014.5928,770,252,move
1787477014.6028,747,234,move
1787477014.9411,735,237,move
1787477014.9518,730,227,move
1787477014.9623,733,214,move
1787477014.969,712,221,move
1787477014.9799,704,209,move
1787477014.986,699,208,move
1787477014.9937,700,202,move
1787477015.0041,687,204,move
1787477015.0146,688,204,move
1787477015.0237,669,195,move
1787477015.0321,656,180,move
1787477015.0821,655,180,click_LEFT_press
1787477015.1621,655,180,click_LEFT_release
1787477015.7165,657,183,move
1787477015.7263,670,173,move
1787477015.7359,681,179,move
1787477015.7437,678,171,move
1787477015.7515,697,171,move
1787477015.7621,699,164,move
1787477015.7681,707,172,move
1787477015.7779,725,172,move
1787477015.7869,727,163,move
1787477015.7944,746,158,move
1787477015.7997,743,166,move
1787477015.8497,755,161,click_LEFT_press
1787477015.9297,755,161,click_LEFT_release
1787477016.6104,749,155,move
1787477016.6194,770,141,move
1787477016.6287,772,134,move
1787477016.6395,796,123,move
1787477016.6468,812,115,move
1787477016.6549,820,107,move
1787477016.6641,827,87,move
1787477016.6721,858,69,move
1787477016.6797,864,66,move
1787477016.6875,875,44,move
1787477016.6957,898,30,move
1787477016.7457,903,23,click_LEFT_press
1787477016.8257,903,23,click_LEFT_release
1787477017.1567,906,19,move
1787477017.1683,907,28,move
1787477017.1796,918,43,move
1787477017.1889,922,49,move
1787477017.1942,935,57,move
1787477017.2008,930,61,move
1787477017.2126,935,69,move
1787477017.2177,942,60,move
1787477017.2252,941,71,move
1787477017.2328,957,81,move
1787477017.2415,964,91,move
1787477017.2493,957,94,move
1787477017.2611,968,102,move
1787477017.2709,975,100,move
1787477017.3209,981,116,click_LEFT_press
1787477017.4009,981,116,click_LEFT_release
1787477017.9205,976,110,move
1787477017.9276,987,120,move
1787477017.9346,989,141,move
1787477017.9413,997,158,move
1787477017.952,1001,151,move
1787477017.9577,1009,173,move
1787477017.9664,1019,175,move
1787477017.9729,1007,192,move
1787477017.9781,1027,193,move
1787477017.9889,1022,214,move
1787477018.0002,1031,227,move
1787477018.0115,1044,228,move
1787477018.0615,1040,246,click_LEFT_press
1787477018.1415,1040,246,click_LEFT_release
1787477018.6184,1047,238,move
1787477018.6252,1039,243,move
1787477018.6369,1028,263,move
1787477018.6442,1020,265,move
1787477018.6533,1005,279,move
1787477018.6646,988,280,move
1787477018.6714,987,280,move
1787477018.6805,977,289,move
1787477018.6898,960,308,move
1787477018.698,956,309,move
1787477018.7031,940,315,move
1787477018.7092,936,311,move
1787477018.7169,931,325,move
1787477018.7257,926,327,move
1787477018.7345,916,339,move
1787477019.3285,895,354,move
1787477019.3341,891,363,move
1787477019.3443,885,351,move
1787477019.3533,884,365,move
1787477019.364,885,383,move
1787477019.3729,893,391,move
1787477019.3798,881,386,move
1787477019.3874,869,397,move
1787477019.394,864,400,move
1787477019.4023,876,412,move
1787477019.4115,875,430,move
1787477019.4179,867,422,move
1787477019.4266,861,433,move
1787477019.4322,860,448,move
1787477019.4433,861,444,move
1787477019.9202,844,469,move
1787477019.932,863,462,move
1787477019.9437,873,455,move
1787477019.9506,868,454,move
1787477019.9579,878,463,move
1787477019.9697,887,465,move
1787477019.9775,906,470,move
1787477019.9871,896,468,move
1787477019.998,906,476,move
1787477020.0064,924,468,move
1787477020.7982,927,471,move
1787477020.8074,912,469,move
1787477020.8177,919,461,move
1787477020.8232,915,465,move
1787477020.8329,898,470,move
1787477020.8404,897,450,move
1787477020.8501,887,450,move
1787477020.8619,882,448,move
1787477020.873,879,457,move
1787477020.8848,879,448,move
1787477020.8959,859,444,move
1787477020.9052,857,446,move
1787477020.9154,847,444,move
1787477021.6209,848,429,move
1787477021.6262,854,444,move
1787477021.6337,863,438,move
1787477021.6429,868,455,move
1787477021.6511,893,458,move
1787477021.6608,895,461,move
1787477021.667,902,454,move
1787477021.6736,906,466,move
1787477021.6822,919,463,move
1787477021.6894,939,461,move
1787477021.6952,934,468,move
1787477021.7021,944,475,move
1787477021.7124,962,482,move
1787477021.7186,968,488,move
1787477021.7248,974,478,move
1787477022.4553,983,482,move
1787477022.4616,978,487,move
1787477022.4687,989,478,move
1787477022.4777,975,488,move
1787477022.4888,985,477,move
1787477022.4946,983,483,move
1787477022.5045,977,492,move
1787477022.5161,985,478,move
1787477022.5227,979,482,move
1787477022.5341,967,484,move
1787477022.5428,985,477,move
1787477022.5496,966,476,move
1787477022.5592,975,475,move
1787477022.5667,965,487,move
1787477022.5746,979,472,move
1787477023.0589,971,469,move
1787477023.0673,970,493,move
1787477023.0726,969,500,move
1787477023.0804,987,514,move
1787477023.0855,990,524,move
1787477023.0962,984,531,move
1787477023.1061,988,548,move
1787477023.1149,1001,556,move
1787477023.1216,991,557,move
1787477023.1285,997,571,move
1787477023.1356,999,571,move
1787477023.8279,1021,588,move
1787477023.8362,1010,590,move
1787477023.8454,1025,597,move
1787477023.851,1024,598,move
1787477023.857,1022,606,move
1787477023.8679,1028,608,move
1787477023.8781,1027,612,move
1787477023.8883,1026,609,move
1787477023.8971,1030,603,move
1787477023.9037,1038,605,move
1787477023.9128,1040,617,move
1787477023.9225,1039,621,move
1787477023.9303,1041,606,move
1787477023.9388,1055,621,move
1787477024.5607,1048,629,move
1787477024.5662,1057,624,move
1787477024.5715,1065,645,move
1787477024.5823,1073,651,move
1787477024.594,1092,650,move
1787477024.601,1100,671,move
1787477024.6071,1104,678,move
1787477024.6165,1113,679,move
1787477024.6268,1112,698,move
1787477024.6386,1122,709,move
1787477024.6458,1132,715,move
1787477024.6542,1145,728,move
1787477024.6607,1156,744,move
1787477024.6689,1151,742,move
1787477024.6788,1165,750,move
1787477024.7288,1176,765,click_LEFT_press
1787477024.8088,1176,765,click_LEFT_release
1787477025.466,1168,757,move
1787477025.4778,1173,763,move
1787477025.4862,1144,754,move
1787477025.4923,1139,736,move
1787477025.5009,1127,740,move
1787477025.509,1114,724,move
1787477025.5149,1109,730,move
1787477025.5255,1102,721,move
1787477025.531,1075,720,move
1787477025.5423,1075,709,move
1787477025.5923,1062,701,click_LEFT_press
1787477025.6723,1062,701,click_LEFT_release
1787477026.1783,1070,694,move
1787477026.1859,1072,685,move
1787477026.1967,1070,678,move
1787477026.2066,1081,657,move
1787477026.2149,1091,648,move
1787477026.2213,1091,647,move
1787477026.2288,1107,622,move
1787477026.2345,1125,606,move
1787477026.2433,1116,603,move
1787477026.2505,1125,580,move
1787477026.2589,1144,584,move
1787477026.2683,1154,564,move
1787477027.0451,1165,541,move
1787477027.0551,1158,559,move
1787477027.0607,1181,555,move
1787477027.0717,1183,548,move
1787477027.0816,1209,557,move
1787477027.0873,1225,555,move
1787477027.0946,1218,567,move
1787477027.1016,1236,567,move
1787477027.1089,1257,559,move
1787477027.1165,1265,573,move
1787477027.1252,1269,580,move
1787477027.1354,1296,573,move
1787477027.7488,1303,581,move
1787477027.7559,1288,565,move
1787477027.7657,1280,550,move
1787477027.7744,1274,548,move
1787477027.7834,1267,537,move
1787477027.7896,1267,537,move
1787477027.7987,1247,520,move
1787477027.8038,1242,510,move
1787477027.8139,1233,507,move
1787477027.8216,1219,500,move
1787477027.83,1224,494,move
1787477027.8373,1207,479,move
1787477027.8467,1210,471,move
1787477028.3782,1195,464,move
1787477028.3832,1206,476,move
1787477028.3943,1201,469,move
1787477028.4049,1196,466,move
1787477028.4169,1209,478,move
1787477028.4237,1213,473,move
1787477028.4307,1206,472,move
1787477028.4358,1217,472,move
1787477028.4418,1225,466,move
1787477028.4523,1227,464,move
1787477028.9777,1223,458,move
1787477028.9852,1229,454,move
1787477028.9968,1242,448,move
1787477029.0084,1260,451,move
1787477029.0162,1267,435,move
1787477029.0245,1283,432,move
1787477029.0356,1292,424,move
1787477029.0421,1295,419,move
1787477029.049,1308,422,move
1787477029.0559,1327,411,move
1787477029.0611,1340,398,move
1787477029.7484,1336,398,move
1787477029.7565,1351,396,move
1787477029.7618,1337,401,move
1787477029.7688,1345,384,move
1787477029.7768,1332,380,move
1787477029.7875,1346,393,move
1787477029.7933,1328,381,move
1787477029.8022,1330,375,move
1787477029.8079,1335,378,move
1787477029.8135,1335,387,move
1787477029.8207,1335,371,move
1787477029.8707,1331,375,click_LEFT_press
1787477029.9507,1331,375,click_LEFT_release
1787477030.5477,1340,375,move
1787477030.5595,1326,375,move
1787477030.5697,1303,363,move
1787477030.5773,1308,360,move
1787477030.5893,1290,353,move
1787477030.5945,1290,350,move
1787477030.6065,1282,330,move
1787477030.6136,1264,329,move
1787477030.6202,1247,324,move
1787477030.6284,1253,310,move
1787477030.639,1238,320,move
1787477030.6454,1228,307,move
1787477030.6564,1213,310,move
1787477030.6665,1196,305,move
1787477031.195,1186,294,move
1787477031.2002,1210,272,move
1787477031.2073,1227,270,move
1787477031.2191,1220,260,move
1787477031.2306,1233,264,move
1787477031.2402,1249,256,move
1787477031.2462,1266,235,move
1787477031.2552,1276,236,move
1787477031.2608,1289,234,move
1787477031.2689,1294,216,move
1787477031.2802,1300,218,move
1787477031.2887,1326,207,move
1787477031.2986,1336,195,move
1787477031.8869,1349,183,move
1787477031.8954,1352,177,move
1787477031.9009,1351,183,move
1787477031.906,1370,171,move
1787477031.913,1370,158,move
1787477031.9224,1374,159,move
1787477031.9329,1375,138,move
1787477031.9392,1381,137,move
1787477031.9509,1390,114,move
1787477031.9576,1398,110,move
1787477031.9657,1406,98,move
1787477032.4406,1414,88,move
1787477032.4462,1402,92,move
1787477032.4558,1397,93,move
1787477032.4632,1395,98,move
1787477032.473,1391,94,move
1787477032.4799,1387,91,move
1787477032.4911,1378,81,move
1787477032.5004,1366,81,move
1787477032.5105,1368,88,move
1787477032.5224,1359,70,move
1787477032.5328,1348,69,move
1787477032.5447,1344,68,move
1787477032.5498,1323,76,move
1787477032.8903,1332,70,move
1787477032.8956,1314,70,move
1787477032.9065,1300,69,move
1787477032.9166,1294,70,move
1787477032.922,1299,87,move
1787477032.9283,1283,82,move
1787477032.9359,1271,90,move
1787477032.9463,1275,84,move
1787477032.9525,1268,79,move
1787477032.9632,1246,92,move
1787477032.9695,1239,88,move
1787477032.9803,1226,87,move
1787477032.9922,1223,94,move
1787477033.0025,1223,106,move
1787477033.5042,1213,111,move
1787477033.5119,1211,116,move
1787477033.5186,1193,124,move
1787477033.5284,1192,117,move
1787477033.5357,1170,142,move
1787477033.5448,1170,144,move
1787477033.5523,1164,151,move
1787477033.5576,1155,144,move
1787477033.5635,1149,170,move
1787477033.5755,1133,171,move
1787477033.5866,1128,184,move
1787477033.5965,1115,173,move
1787477033.6074,1112,183,move
1787477033.6574,1101,197,click_LEFT_press
1787477033.7374,1101,197,click_LEFT_release
1787477034.5387,1107,194,move
1787477034.55,1107,187,move
1787477034.5564,1125,196,move
1787477034.5632,1135,187,move
1787477034.5733,1142,190,move
1787477034.5847,1138,195,move
1787477034.5901,1154,198,move
1787477034.5981,1157,190,move
1787477034.6081,1168,186,move
1787477034.6138,1181,198,move
1787477034.6195,1174,196,move
1787477034.625,1187,196,move
1787477034.6357,1207,197,move
1787477034.6857,1208,194,click_LEFT_press
1787477034.7657,1208,194,click_LEFT_release
1787477035.4181,1206,190,move
1787477035.4237,1196,202,move
1787477035.4312,1193,217,move
1787477035.4415,1197,215,move
1787477035.4487,1193,232,move
1787477035.4552,1181,241,move
1787477035.4607,1176,254,move
1787477035.4714,1171,271,move
1787477035.477,1156,276,move
1787477035.4872,1152,277,move
1787477035.4982,1164,290,move
1787477035.5053,1143,310,move
1787477035.5132,1146,309,move
1787477035.5196,1144,323,move
1787477036.1244,1139,323,move
1787477036.1339,1128,321,move
1787477036.1427,1131,325,move
1787477036.1515,1119,309,move
1787477036.1626,1130,311,move
1787477036.1695,1120,302,move
1787477036.1815,1118,305,move
1787477036.1877,1106,284,move
1787477036.1958,1105,287,move
1787477036.2065,1105,281,move
1787477036.2118,1110,275,move
1787477036.2222,1100,268,move
1787477036.2275,1100,262,move
1787477036.2331,1089,261,move
1787477036.2389,1100,244,move
1787477036.7205,1082,253,move
1787477036.7302,1077,244,move
1787477036.7389,1078,229,move
1787477036.7448,1072,224,move
1787477036.7501,1079,195,move
1787477036.76,1064,190,move
1787477036.7697,1065,179,move
1787477036.7815,1053,179,move
1787477036.7894,1064,165,move
1787477036.7953,1061,158,move
1787477036.8011,1056,145,move
1787477036.8069,1055,123,move
1787477036.812,1039,120,move
1787477036.824,1039,122,move
1787477037.4785,1024,94,move
1787477037.4856,1024,117,move
1787477037.4959,1017,118,move
1787477037.5062,994,125,move
1787477037.514,997,137,move
1787477037.5236,984,161,move
1787477037.5325,980,172,move
1787477037.5416,970,167,move
1787477037.5536,940,179,move
1787477037.5623,940,203,move
1787477037.5687,924,206,move
1787477037.6187,920,220,click_LEFT_press
1787477037.6987,920,220,click_LEFT_release
1787477038.1019,921,228,move
1787477038.1132,906,204,move
1787477038.1196,908,201,move
1787477038.1281,907,205,move
1787477038.1353,908,190,move
1787477038.1453,904,194,move
1787477038.1522,892,184,move
1787477038.1614,893,178,move
1787477038.169,869,158,move
1787477038.1754,875,151,move
1787477038.1835,878,151,move
1787477038.1896,870,141,move
1787477038.1953,854,134,move
1787477038.204,855,133,move
1787477038.9716,838,131,move
1787477038.9809,842,122,move
1787477038.9908,864,121,move
1787477039.0017,854,134,move
1787477039.0082,866,135,move
1787477039.0162,857,129,move
1787477039.0245,871,135,move
1787477039.0346,876,120,move
1787477039.0414,884,121,move
1787477039.0486,882,139,move
1787477039.0545,872,140,move
1787477039.0643,884,129,move
1787477039.0708,883,141,move
1787477039.784,892,125,move
1787477039.7926,908,143,move
1787477039.8011,916,155,move
1787477039.807,915,160,move
1787477039.8183,923,173,move
1787477039.8258,918,171,move
1787477039.8327,936,190,move
1787477039.843,943,186,move
1787477039.8533,952,198,move
1787477039.8647,953,215,move
1787477040.5615,963,215,move
1787477040.5712,959,221,move
1787477040.5781,966,204,move
1787477040.5845,966,207,move
1787477040.5926,977,195,move
1787477040.5992,973,192,move
1787477040.6079,990,186,move
1787477040.6186,978,176,move
1787477040.629,988,187,move
1787477040.6363,994,174,move
1787477040.6468,999,169,move
1787477040.6576,1002,158,move
1787477040.6634,997,167,move
1787477040.6727,1012,166,move
1787477040.6832,1004,148,move
1787477041.2958,1004,150,move
1787477041.3059,1003,139,move
1787477041.3116,1017,135,move
1787477041.3209,1006,122,move
1787477041.3298,1019,96,move
1787477041.3378,1023,102,move
1787477041.3472,1022,88,move
1787477041.3586,1022,65,move
1787477041.3655,1025,66,move
1787477041.3731,1025,51,move
1787477041.383,1016,34,move
1787477041.3942,1029,29,move
1787477041.4058,1018,8,move
1787477041.8952,1018,1,move
1787477041.9064,1031,13,move
1787477041.9178,1019,25,move
1787477041.9274,1014,34,move
1787477041.9331,1013,39,move
1787477041.9395,1006,64,move
1787477041.9451,1023,57,move
1787477041.9518,1020,77,move
1787477041.9613,1019,85,move
1787477041.9701,1007,103,move
1787477041.982,1011,109,move
1787477041.9904,994,111,move
1787477042.6465,1008,119,move
1787477042.6585,985,140,move
1787477042.6646,975,145,move
1787477042.6717,960,155,move
1787477042.6774,941,160,move
1787477042.6875,927,162,move
1787477042.6963,918,169,move
1787477042.7044,912,173,move
1787477042.712,888,199,move
1787477042.723,872,195,move
1787477042.7289,870,201,move
1787477043.318,858,213,move
1787477043.3232,858,207,move
1787477043.3301,835,188,move
1787477043.3392,829,183,move
1787477043.3494,842,165,move
1787477043.3547,836,168,move
1787477043.3598,814,149,move
1787477043.3674,825,141,move
1787477043.3754,803,137,move
1787477043.3824,813,111,move
1787477043.3878,802,116,move
1787477043.3992,789,93,move
1787477043.4091,779,83,move
1787477043.42,779,75,move
1787477043.9861,772,63,move
1787477043.9927,787,56,move
1787477044.0013,789,57,move
1787477044.0066,807,59,move
1787477044.0164,808,46,move
1787477044.0259,821,38,move
1787477044.0346,833,39,move
1787477044.0463,837,42,move
1787477044.0532,843,38,move
1787477044.0643,856,33,move
1787477044.0719,860,28,move
1787477044.0782,869,7,move
1787477044.1282,870,10,click_LEFT_press
1787477044.2082,870,10,click_LEFT_release
1787477045.001,862,16,move
1787477045.0078,875,14,move
1787477045.0151,870,9,move
1787477045.0222,872,-4,move
1787477045.0303,873,-5,move
1787477045.0411,880,-11,move
1787477045.0468,867,-19,move
1787477045.0535,883,-22,move
1787477045.0646,881,-26,move
1787477045.0733,871,-12,move
1787477045.084,882,-27,move
1787477045.091,879,-37,move
1787477045.1003,877,-24,move
1787477045.1103,884,-34,move
1787477045.1603,881,-39,click_LEFT_press
1787477045.2403,881,-39,click_LEFT_release
1787477046.0476,879,-32,move
1787477046.0531,869,-40,move
1787477046.0583,864,-57,move
1787477046.07,846,-73,move
1787477046.0756,838,-86,move
1787477046.0831,828,-89,move
1787477046.0914,817,-107,move
1787477046.0993,826,-123,move
1787477046.1078,803,-129,move
1787477046.1157,806,-130,move
1787477046.1272,791,-152,move
1787477046.1376,774,-163,move
1787477046.1432,765,-156,move
1787477046.1537,752,-179,move
1787477046.674,743,-178,move
1787477046.6806,757,-187,move
1787477046.6857,769,-200,move
1787477046.694,785,-189,move
1787477046.7018,790,-185,move
1787477046.7124,797,-191,move
1787477046.7222,798,-203,move
1787477046.7304,811,-194,move
1787477046.7374,823,-199,move
1787477046.7475,826,-196,move
1787477046.755,839,-204,move
1787477046.767,829,-196,move
1787477046.7744,842,-200,move
1787477046.8244,855,-205,click_LEFT_press
1787477046.9044,855,-205,click_LEFT_release
1787477047.5725,852,-199,move
1787477047.5778,866,-208,move
1787477047.5874,870,-202,move
1787477047.5974,883,-200,move
1787477047.6064,887,-190,move
1787477047.6125,903,-190,move
1787477047.6186,913,-190,move
1787477047.6295,927,-199,move
1787477047.6379,919,-189,move
1787477047.6456,933,-201,move
1787477047.6548,945,-194,move
1787477047.6617,960,-189,move
1787477047.6706,968,-181,move
1787477047.681,963,-191,move
1787477047.6878,974,-183,move
1787477048.4046,987,-190,move
1787477048.411,998,-183,move
1787477048.4186,1006,-193,move
1787477048.4282,1005,-206,move
1787477048.4394,1023,-201,move
1787477048.4496,1037,-205,move
1787477048.4603,1042,-218,move
1787477048.4668,1053,-217,move
1787477048.4722,1045,-229,move
1787477048.4774,1064,-234,move
1787477048.4836,1075,-247,move
1787477048.4901,1082,-247,move
1787477048.4996,1082,-254,move
1787477048.5115,1085,-248,move
1787477049.1941,1098,-267,move
1787477049.2032,1101,-265,move
1787477049.2109,1094,-275,move
1787477049.218,1092,-290,move
1787477049.2255,1104,-303,move
1787477049.2357,1088,-294,move
1787477049.2449,1104,-310,move
1787477049.2518,1092,-329,move
1787477049.2627,1102,-338,move
1787477049.2691,1096,-346,move
1787477049.2753,1099,-356,move
1787477049.286,1104,-366,move
1787477049.2957,1099,-367,move
1787477049.3031,1086,-371,move
1787477049.3122,1100,-383,move
1787477049.3622,1094,-396,click_LEFT_press
1787477049.4422,1094,-396,click_LEFT_release
1787477050.1203,1096,-397,move
1787477050.1311,1095,-413,move
1787477050.1426,1097,-412,move
1787477050.1507,1105,-416,move
1787477050.1586,1108,-438,move
1787477050.1675,1095,-432,move
1787477050.1762,1094,-451,move
1787477050.1829,1111,-463,move
1787477050.1917,1109,-475,move
1787477050.1969,1114,-476,move
1787477050.7996,1109,-483,move
1787477050.8055,1116,-503,move
1787477050.8154,1121,-516,move
1787477050.8209,1144,-516,move
1787477050.8277,1163,-547,move
1787477050.8373,1160,-554,move
1787477050.8478,1191,-561,move
1787477050.8528,1202,-571,move
1787477050.8601,1199,-589,move
1787477050.8671,1212,-599,move
1787477051.642,1231,-614,move
1787477051.6495,1249,-631,move
1787477051.6598,1245,-634,move
1787477051.6665,1264,-628,move
1787477051.6761,1270,-632,move
1787477051.6858,1276,-637,move
1787477051.6939,1287,-633,move
1787477051.7007,1305,-655,move
1787477051.7122,1299,-653,move
1787477051.7208,1313,-661,move
1787477051.7295,1319,-668,move
1787477051.7368,1331,-668,move
1787477051.7428,1339,-671,move
1787477052.1339,1347,-677,move
1787477052.1417,1345,-663,move
1787477052.1482,1356,-670,move
1787477052.1583,1356,-671,move
1787477052.169,1364,-660,move
1787477052.1789,1365,-662,move
1787477052.1886,1360,-652,move
1787477052.1952,1367,-655,move
1787477052.2062,1365,-659,move
1787477052.2124,1359,-664,move
1787477052.2188,1360,-647,move
1787477052.2283,1363,-648,move
1787477052.2366,1362,-652,move
1787477052.2468,1374,-652,move
1787477052.2571,1361,-658,move
1787477052.3071,1372,-650,click_LEFT_press
1787477052.3871,1372,-650,click_LEFT_release
1787477052.9511,1379,-640,move
1787477052.9616,1381,-657,move
1787477052.9669,1384,-653,move
1787477052.9737,1383,-647,move
1787477052.983,1398,-650,move
1787477052.9907,1400,-662,move
1787477052.9986,1420,-657,move
1787477053.0052,1408,-666,move
1787477053.0117,1424,-666,move
1787477053.0188,1422,-655,move
1787477053.025,1447,-665,move
1787477053.0348,1449,-658,move
1787477053.0431,1449,-659,move
1787477053.4521,1453,-662,move
1787477053.464,1449,-660,move
1787477053.4698,1460,-644,move
1787477053.4783,1461,-627,move
1787477053.4837,1465,-612,move
1787477053.4926,1467,-602,move
1787477053.4999,1450,-599,move
1787477053.5066,1466,-585,move
1787477053.517,1468,-570,move
1787477053.5284,1452,-568,move
1787477054.0393,1464,-541,move
1787477054.0469,1445,-559,move
1787477054.0561,1456,-568,move
1787477054.0637,1438,-580,move
1787477054.0698,1434,-587,move
1787477054.0775,1442,-603,move
1787477054.0858,1442,-604,move
1787477054.094,1435,-611,move
1787477054.1033,1416,-616,move
1787477054.1097,1418,-637,move
1787477054.1165,1422,-646,move
1787477054.1237,1421,-658,move
1787477054.1289,1399,-663,move
1787477054.1382,1409,-681,move
1787477054.1501,1393,-681,move
1787477054.8573,1394,-696,move
1787477054.8667,1391,-682,move
1787477054.8782,1376,-676,move
1787477054.8876,1360,-663,move
1787477054.8962,1364,-661,move
1787477054.9049,1343,-640,move
1787477054.9131,1340,-638,move
1787477054.9184,1332,-627,move
1787477054.9237,1319,-621,move
1787477054.9308,1309,-607,move
1787477054.9358,1296,-590,move
1787477054.9427,1301,-591,move
1787477054.9515,1287,-584,move
1787477054.9633,1280,-570,move
1787477054.9709,1270,-563,move
1787477055.3047,1257,-543,move
1787477055.3139,1264,-565,move
1787477055.3252,1278,-571,move
1787477055.3351,1273,-582,move
1787477055.3412,1277,-577,move
1787477055.3486,1294,-585,move
1787477055.3557,1300,-592,move
1787477055.3647,1312,-610,move
1787477055.3722,1309,-618,move
1787477055.3809,1310,-632,move
1787477055.3893,1320,-629,move
1787477055.3947,1320,-632,move
1787477055.4447,1335,-649,click_LEFT_press
1787477055.5247,1335,-649,click_LEFT_release
1787477055.8925,1334,-648,move
1787477055.9016,1344,-655,move
1787477055.9081,1357,-658,move
1787477055.9192,1354,-652,move
1787477055.9307,1360,-662,move
1787477055.9406,1371,-659,move
1787477055.9459,1392,-663,move
1787477055.953,1393,-676,move
1787477055.9638,1412,-671,move
1787477055.9697,1408,-680,move
1787477055.9782,1430,-679,move
1787477055.9889,1432,-690,move
1787477055.9969,1444,-685,move
1787477056.0027,1437,-681,move
1787477056.4815,1451,-688,move
1787477056.487,1461,-690,move
1787477056.4933,1456,-699,move
1787477056.502,1475,-702,move
1787477056.5111,1473,-699,move
1787477056.5176,1478,-705,move
1787477056.5277,1494,-707,move
1787477056.5356,1492,-715,move
1787477056.5413,1501,-725,move
1787477056.5468,1501,-724,move
1787477056.5968,1510,-727,click_LEFT_press
1787477056.6768,1510,-727,click_LEFT_release
1787477057.0882,1511,-719,move
1787477057.0957,1514,-728,move
1787477057.103,1531,-754,move
1787477057.114,1530,-764,move
1787477057.125,1549,-767,move
1787477057.1353,1552,-767,move
1787477057.1451,1560,-788,move
1787477057.1543,1581,-801,move
1787477057.1646,1584,-803,move
1787477057.1758,1591,-809,move
1787477057.185,1611,-822,move
1787477057.235,1611,-830,click_LEFT_press
1787477057.315,1611,-830,click_LEFT_release
1787477058.1135,1602,-830,move
1787477058.1249,1617,-831,move
1787477058.1359,1612,-811,move
1787477058.1412,1610,-811,move
1787477058.1468,1617,-803,move
1787477058.152,1619,-791,move
1787477058.1609,1615,-787,move
1787477058.1728,1615,-771,move
1787477058.1838,1623,-770,move
1787477058.1921,1619,-757,move
1787477058.1983,1624,-763,move
1787477058.2036,1628,-755,move
1787477058.2129,1634,-750,move
1787477058.2245,1637,-743,move
1787477058.2745,1637,-728,click_LEFT_press
1787477058.3545,1637,-728,click_LEFT_release
1787477059.1288,1629,-727,move
1787477059.1381,1634,-713,move
1787477059.1434,1616,-720,move
1787477059.155,1606,-714,move
1787477059.1606,1608,-705,move
1787477059.1725,1602,-699,move
1787477059.1815,1595,-703,move
1787477059.1881,1591,-683,move
1787477059.1973,1575,-687,move
1787477059.2087,1568,-675,move
1787477059.2201,1563,-684,move
1787477059.2288,1545,-662,move
1787477059.2351,1553,-675,move
1787477059.2462,1544,-651,move
1787477059.2537,1524,-648,move
1787477059.7163,1531,-647,move
1787477059.7271,1522,-642,move
1787477059.738,1528,-649,move
1787477059.7476,1521,-655,move
1787477059.7566,1532,-665,move
1787477059.7652,1525,-668,move
1787477059.7766,1528,-668,move
1787477059.7833,1536,-663,move
1787477059.7933,1529,-675,move
1787477059.7987,1538,-676,move
1787477059.8049,1547,-671,move
1787477059.8103,1551,-675,move
1787477059.8213,1549,-673,move
1787477060.4447,1542,-669,move
1787477060.4523,1540,-689,move
1787477060.4588,1534,-688,move
1787477060.4686,1514,-685,move
1787477060.4789,1511,-708,move
1787477060.487,1503,-699,move
1787477060.4922,1483,-705,move
1787477060.5005,1487,-717,move
1787477060.5089,1485,-720,move
1787477060.5179,1472,-731,move
1787477060.5272,1460,-740,move
1787477060.5337,1449,-732,move
1787477060.5417,1441,-743,move
1787477060.5488,1429,-744,move
1787477060.5988,1421,-760,click_LEFT_press
1787477060.6788,1421,-760,click_LEFT_release
1787477061.1085,1415,-751,move
1787477061.1154,1422,-745,move
1787477061.1234,1430,-731,move
1787477061.1324,1449,-732,move
1787477061.1416,1454,-720,move
1787477061.1498,1447,-717,move
1787477061.157,1466,-703,move
1787477061.168,1472,-692,move
1787477061.1743,1467,-686,move
1787477061.1822,1472,-678,move
1787477061.1908,1493,-675,move
1787477061.66,1481,-666,move
1787477061.6711,1473,-661,move
1787477061.6775,1473,-644,move
1787477061.6849,1458,-642,move
1787477061.6916,1439,-656,move
1787477061.698,1429,-650,move
1787477061.7053,1424,-641,move
1787477061.7168,1403,-636,move
1787477061.7235,1392,-642,move
1787477061.7315,1381,-636,move
1787477061.7433,1358,-635,move
1787477062.5138,1343,-633,move
1787477062.523,1344,-629,move
1787477062.5318,1350,-624,move
1787477062.542,1339,-628,move
1787477062.5493,1334,-621,move
1787477062.5591,1337,-617,move
1787477062.5653,1344,-601,move
1787477062.5749,1335,-605,move
1787477062.5824,1336,-596,move
1787477062.5928,1322,-608,move
1787477062.603,1339,-598,move
1787477062.653,1328,-590,click_LEFT_press
1787477062.733,1328,-590,click_LEFT_release
1787477063.5336,1334,-599,move
1787477063.5399,1319,-592,move
1787477063.5511,1314,-595,move
1787477063.5579,1320,-597,move
1787477063.5664,1307,-595,move
1787477063.5772,1306,-602,move
1787477063.5834,1297,-602,move
1787477063.5925,1295,-594,move
1787477063.6006,1283,-592,move
1787477063.609,1281,-601,move
1787477063.6209,1282,-588,move
1787477063.6259,1274,-591,move
1787477063.6366,1266,-590,move
1787477063.6866,1263,-600,click_LEFT_press
1787477063.7666,1263,-600,click_LEFT_release
1787477064.5403,1254,-608,move
1787477064.5513,1277,-608,move
1787477064.5603,1286,-615,move
1787477064.5671,1295,-621,move
1787477064.5728,1292,-608,move
1787477064.5832,1307,-621,move
1787477064.5943,1328,-628,move
1787477064.6027,1327,-619,move
1787477064.6102,1332,-640,move
1787477064.6214,1350,-634,move
1787477064.6276,1357,-638,move
1787477064.6396,1358,-644,move
1787477064.6481,1375,-645,move
1787477065.3295,1380,-653,move
1787477065.3387,1383,-664,move
1787477065.3484,1375,-670,move
1787477065.3555,1370,-680,move
1787477065.3636,1375,-682,move
1787477065.3743,1369,-698,move
1787477065.3828,1350,-716,move
1787477065.3938,1354,-718,move
1787477065.4004,1340,-724,move
1787477065.4076,1347,-744,move
1787477065.4159,1330,-748,move
1787477065.4256,1326,-750,move
1787477065.4328,1323,-769,move
1787477065.4413,1331,-786,move
1787477065.4523,1309,-786,move
1787477065.8779,1307,-787,move
1787477065.8893,1322,-794,move
1787477065.8966,1333,-803,move
1787477065.9042,1334,-805,move
1787477065.9102,1335,-809,move
1787477065.9175,1341,-815,move
1787477065.9252,1356,-814,move
1787477065.9348,1361,-816,move
1787477065.9408,1363,-831,move
1787477065.95,1371,-832,move
1787477065.9561,1366,-842,move
1787477065.9652,1371,-832,move
1787477065.9707,1375,-854,move
1787477066.4672,1385,-855,move
1787477066.4762,1393,-835,move
1787477066.4842,1374,-834,move
1787477066.4928,1376,-810,move
1787477066.5015,1375,-793,move
1787477066.5116,1371,-791,move
1787477066.5213,1360,-779,move
1787477066.5318,1360,-771,move
1787477066.5417,1363,-747,move
1787477066.5489,1356,-746,move
1787477066.5541,1355,-727,move
1787477066.6041,1347,-719,click_LEFT_press
1787477066.6841,1347,-719,click_LEFT_release
1787477067.3682,1351,-718,move
1787477067.3744,1336,-728,move
1787477067.3834,1339,-728,move
1787477067.391,1312,-738,move
1787477067.397,1307,-744,move
1787477067.4037,1296,-744,move
1787477067.4128,1284,-755,move
1787477067.4188,1289,-751,move
1787477067.4286,1278,-747,move
1787477067.4369,1274,-757,move
1787477067.4477,1250,-756,move
1787477067.454,1252,-759,move
1787477067.4659,1244,-776,move
1787477067.4722,1241,-770,move
1787477067.5222,1225,-782,click_LEFT_press
1787477067.6022,1225,-782,click_LEFT_release
1787477068.3035,1228,-778,move
1787477068.3129,1226,-780,move
1787477068.3246,1220,-780,move
1787477068.3302,1204,-780,move
1787477068.3362,1209,-779,move
1787477068.3473,1194,-792,move
1787477068.3568,1205,-792,move
1787477068.3663,1189,-782,move
1787477068.3765,1185,-801,move
1787477068.3823,1182,-801,move
1787477069.0536,1184,-796,move
1787477069.0599,1174,-810,move
1787477069.0715,1179,-805,move
1787477069.0786,1169,-823,move
1787477069.0872,1181,-835,move
1787477069.0983,1182,-838,move
1787477069.1049,1173,-863,move
1787477069.113,1170,-866,move
1787477069.1229,1186,-870,move
1787477069.1338,1182,-890,move
1787477069.1393,1178,-894,move
1787477069.1483,1185,-914,move
1787477069.1983,1178,-915,click_LEFT_press
1787477069.2783,1178,-915,click_LEFT_release
1787477070.0277,1185,-918,move
1787477070.0377,1182,-922,move
1787477070.0469,1192,-940,move
1787477070.0548,1187,-945,move
1787477070.0638,1204,-960,move
1787477070.0708,1203,-964,move
1787477070.0761,1201,-992,move
1787477070.0881,1207,-1005,move
1787477070.0958,1217,-1009,move
1787477070.1023,1211,-1012,move
1787477070.108,1231,-1037,move
1787477070.1146,1221,-1038,move
1787477070.1217,1230,-1057,move
1787477070.6805,1239,-1061,move
1787477070.6892,1239,-1074,move
1787477070.6948,1235,-1074,move
1787477070.706,1234,-1073,move
1787477070.7163,1235,-1086,move
1787477070.7276,1243,-1097,move
1787477070.7345,1245,-1103,move
1787477070.7464,1243,-1098,move
1787477070.7547,1242,-1106,move
1787477070.7603,1235,-1116,move
1787477070.7663,1247,-1129,move
1787477070.7749,1246,-1134,move
1787477070.7823,1248,-1143,move
1787477070.7887,1239,-1148,move
1787477070.7955,1243,-1143,move
1787477070.8455,1244,-1154,click_LEFT_press
1787477070.9255,1244,-1154,click_LEFT_release
1787477071.6703,1241,-1157,move
1787477071.6794,1244,-1154,move
1787477071.6907,1241,-1148,move
1787477071.6971,1242,-1158,move
1787477071.7024,1230,-1167,move
1787477071.7137,1229,-1168,move
1787477071.7248,1214,-1160,move
1787477071.7329,1213,-1170,move
1787477071.7427,1213,-1174,move
1787477071.7532,1216,-1161,move
1787477071.7622,1211,-1159,move
1787477071.7674,1204,-1172,move
1787477071.7787,1195,-1172,move
1787477071.784,1193,-1171,move
1787477071.791,1193,-1169,move
1787477072.5343,1202,-1186,move
1787477072.5438,1176,-1163,move
1787477072.549,1168,-1161,move
1787477072.559,1164,-1164,move
1787477072.5658,1162,-1154,move
1787477072.5743,1158,-1147,move
1787477072.5845,1144,-1144,move
1787477072.5896,1134,-1127,move
1787477072.5961,1125,-1122,move
1787477072.6033,1133,-1111,move
1787477072.612,1120,-1100,move
1787477072.6194,1109,-1097,move
1787477073.0296,1092,-1088,move
1787477073.035,1099,-1093,move
1787477073.0465,1087,-1088,move
1787477073.0538,1082,-1081,move
1787477073.0645,1078,-1062,move
1787477073.0718,1061,-1055,move
1787477073.0815,1055,-1051,move
1787477073.0924,1050,-1042,move
1787477073.1026,1050,-1050,move
1787477073.1146,1044,-1039,move
1787477073.1247,1028,-1029,move
1787477073.134,1039,-1024,move
1787477073.1393,1017,-1026,move
1787477073.1457,1016,-1005,move
1787477073.1569,1005,-998,move
1787477073.8399,1011,-996,move
1787477073.849,1021,-996,move
1787477073.8595,1025,-1003,move
1787477073.8663,1029,-998,move
1787477073.8777,1040,-980,move
1787477073.8864,1044,-980,move
1787477073.8961,1049,-987,move
1787477073.9078,1058,-986,move
1787477073.9191,1060,-981,move
1787477073.9248,1076,-973,move
1787477073.9348,1077,-976,move
1787477073.9848,1092,-971,click_LEFT_press
1787477074.0648,1092,-971,click_LEFT_release
1787477074.406,1085,-970,move
1787477074.4124,1105,-978,move
1787477074.4224,1113,-976,move
1787477074.4299,1127,-984,move
1787477074.4377,1137,-995,move
1787477074.4481,1142,-999,move
1787477074.4531,1155,-1006,move
1787477074.4645,1173,-1007,move
1787477074.4697,1170,-1014,move
1787477074.4807,1196,-1006,move
1787477074.489,1196,-1025,move
1787477074.4982,1208,-1016,move
1787477074.5095,1214,-1038,move
1787477074.9791,1233,-1027,move
1787477074.9901,1240,-1034,move
1787477075.0,1233,-1052,move
1787477075.0089,1253,-1048,move
1787477075.0161,1247,-1049,move
1787477075.0258,1254,-1061,move
1787477075.0323,1257,-1064,move
1787477075.0407,1253,-1066,move
1787477075.0495,1262,-1076,move
1787477075.0582,1267,-1074,move
1787477075.0698,1266,-1088,move
1787477075.1198,1279,-1091,click_LEFT_press
1787477075.1998,1279,-1091,click_LEFT_release
1787477075.5384,1278,-1084,move
1787477075.5446,1272,-1089,move
1787477075.552,1278,-1111,move
1787477075.56,1270,-1113,move
1787477075.5668,1262,-1110,move
1787477075.5771,1269,-1123,move
1787477075.583,1251,-1136,move
1787477075.592,1255,-1143,move
1787477075.5981,1250,-1148,move
1787477075.6049,1240,-1146,move
1787477075.6125,1249,-1165,move
1787477075.6186,1237,-1159,move
1787477075.6686,1238,-1174,click_LEFT_press
1787477075.7486,1238,-1174,click_LEFT_release
1787477076.2276,1230,-1170,move
1787477076.2364,1235,-1173,move
1787477076.2449,1249,-1192,move
1787477076.2552,1259,-1190,move
1787477076.2659,1256,-1190,move
1787477076.2738,1266,-1208,move
1787477076.2823,1281,-1217,move
1787477076.2874,1275,-1220,move
1787477076.2934,1293,-1214,move
1787477076.3032,1282,-1236,move
1787477076.3145,1302,-1224,move
1787477076.3258,1311,-1234,move
1787477076.3758,1308,-1246,click_LEFT_press
1787477076.4558,1308,-1246,click_LEFT_release
1787477077.2005,1310,-1239,move
1787477077.2079,1312,-1248,move
1787477077.2171,1302,-1231,move
1787477077.2222,1315,-1219,move
1787477077.2326,1307,-1226,move
1787477077.238,1306,-1218,move
1787477077.2469,1307,-1211,move
1787477077.2586,1319,-1210,move
1787477077.265,1323,-1201,move
1787477077.2762,1328,-1204,move
1787477077.2846,1312,-1179,move
1787477077.2952,1326,-1187,move
1787477077.3452,1322,-1178,click_LEFT_press
1787477077.4252,1322,-1178,click_LEFT_release
1787477077.835,1314,-1185,move
1787477077.8422,1325,-1192,move
1787477077.848,1327,-1190,move
1787477077.8543,1334,-1201,move
1787477077.8609,1344,-1206,move
1787477077.8695,1349,-1222,move
1787477077.8761,1362,-1213,move
1787477077.8846,1375,-1236,move
1787477077.8935,1382,-1232,move
1787477077.9021,1381,-1246,move
1787477077.9095,1383,-1253,move
1787477078.6002,1389,-1259,move
1787477078.6084,1404,-1252,move
1787477078.6139,1391,-1259,move
1787477078.6212,1407,-1259,move
1787477078.6278,1393,-1268,move
1787477078.6352,1395,-1257,move
1787477078.6416,1394,-1262,move
1787477078.6481,1401,-1269,move
1787477078.6561,1406,-1267,move
1787477078.6635,1401,-1266,move
1787477079.4423,1409,-1263,move
1787477079.4492,1412,-1273,move
1787477079.4603,1396,-1265,move
1787477079.469,1390,-1270,move
1787477079.4795,1398,-1284,move
1787477079.4864,1398,-1280,move
1787477079.498,1377,-1280,move
1787477079.5087,1385,-1291,move
1787477079.5151,1381,-1287,move
1787477079.5265,1384,-1291,move
1787477079.5343,1364,-1298,move
1787477079.5426,1366,-1310,move
1787477079.5509,1372,-1311,move
1787477079.9467,1362,-1299,move
1787477079.9548,1350,-1316,move
1787477079.963,1343,-1331,move
1787477079.9683,1335,-1348,move
1787477079.976,1343,-1348,move
1787477079.9853,1324,-1368,move
1787477079.9929,1319,-1374,move
1787477080.0008,1312,-1377,move
1787477080.0115,1316,-1390,move
1787477080.0174,1305,-1401,move
1787477080.0243,1305,-1428,move
1787477080.0347,1302,-1435,move
1787477080.7107,1291,-1439,move
1787477080.7163,1284,-1436,move
1787477080.7255,1286,-1448,move
1787477080.7364,1284,-1441,move
1787477080.7479,1259,-1432,move
1787477080.7547,1254,-1434,move
1787477080.7607,1258,-1438,move
1787477080.7665,1244,-1430,move
1787477080.7745,1251,-1440,move
1787477080.7849,1236,-1434,move
1787477080.7938,1236,-1433,move
1787477080.8438,1227,-1431,click_LEFT_press
1787477080.9238,1227,-1431,click_LEFT_release
1787477081.4708,1231,-1429,move
1787477081.48,1227,-1440,move
1787477081.4855,1242,-1457,move
1787477081.4923,1257,-1478,move
1787477081.5,1272,-1473,move
1787477081.5113,1270,-1498,move
1787477081.523,1291,-1508,move
1787477081.5333,1301,-1515,move
1787477081.5406,1314,-1544,move
1787477081.5494,1305,-1544,move
1787477081.5583,1328,-1560,move
1787477081.6083,1334,-1574,click_LEFT_press
1787477081.6883,1334,-1574,click_LEFT_release
1787477082.2051,1334,-1579,move
1787477082.2126,1327,-1582,move
1787477082.2227,1328,-1584,move
1787477082.2307,1309,-1599,move
1787477082.2371,1314,-1589,move
1787477082.249,1303,-1600,move
1787477082.258,1299,-1611,move
1787477082.2687,1302,-1607,move
1787477082.2737,1295,-1610,move
1787477082.2824,1289,-1626,move
1787477082.2896,1285,-1632,move
1787477082.2948,1271,-1627,move
1787477082.6337,1265,-1645,move
1787477082.6452,1273,-1632,move
1787477082.6537,1275,-1624,move
1787477082.6651,1281,-1616,move
1787477082.6753,1290,-1612,move
1787477082.6815,1289,-1595,move
1787477082.689,1293,-1581,move
1787477082.6956,1289,-1581,move
1787477082.7034,1310,-1572,move
1787477082.7134,1300,-1558,move
1787477082.7196,1311,-1566,move
1787477082.7279,1312,-1555,move
1787477082.7779,1318,-1544,click_LEFT_press
1787477082.8579,1318,-1544,click_LEFT_release
1787477083.4326,1313,-1542,move
1787477083.4436,1315,-1547,move
1787477083.4556,1313,-1558,move
1787477083.4649,1297,-1572,move
1787477083.4767,1295,-1560,move
1787477083.4823,1298,-1583,move
1787477083.4908,1280,-1577,move
1787477083.4972,1272,-1586,move
1787477083.509,1272,-1605,move
1787477083.5184,1267,-1600,move
1787477083.5289,1267,-1609,move
1787477083.5387,1253,-1618,move
1787477084.2997,1260,-1623,move
1787477084.3089,1261,-1612,move
1787477084.3183,1245,-1592,move
1787477084.3272,1263,-1586,move
1787477084.3343,1257,-1573,move
1787477084.3453,1263,-1576,move
1787477084.3518,1256,-1566,move
1787477084.3594,1256,-1559,move
1787477084.3654,1247,-1531,move
1787477084.3716,1261,-1535,move
1787477084.3797,1255,-1519,move
1787477084.3862,1251,-1502,move
1787477084.3981,1261,-1499,move
1787477084.8792,1254,-1495,move
1787477084.8902,1252,-1487,move
1787477084.8978,1239,-1464,move
1787477084.9087,1237,-1473,move
1787477084.9179,1230,-1455,move
1787477084.9293,1219,-1459,move
1787477084.9368,1201,-1458,move
1787477084.9448,1201,-1447,move
1787477084.9552,1203,-1442,move
1787477084.9637,1191,-1432,move
1787477084.975,1179,-1426,move
1787477084.9851,1171,-1425,move
1787477084.9942,1173,-1418,move
1787477085.7483,1158,-1396,move
1787477085.7561,1173,-1415,move
1787477085.7654,1186,-1426,move
1787477085.7774,1186,-1438,move
1787477085.7826,1194,-1428,move
1787477085.7878,1207,-1436,move
1787477085.7962,1216,-1441,move
1787477085.8053,1244,-1450,move
1787477085.8119,1238,-1459,move
1787477085.8183,1250,-1472,move
1787477085.8284,1264,-1480,move
1787477085.8361,1275,-1485,move
1787477085.8465,1279,-1493,move
1787477086.6355,1295,-1510,move
1787477086.644,1299,-1490,move
1787477086.6527,1309,-1490,move
1787477086.662,1317,-1488,move
1787477086.6701,1324,-1482,move
1787477086.6807,1324,-1474,move
1787477086.6891,1323,-1466,move
1787477086.7009,1330,-1462,move
1787477086.7118,1345,-1449,move
1787477086.7229,1336,-1444,move
1787477086.7289,1358,-1436,move
1787477086.7351,1350,-1436,move
1787477086.7431,1360,-1431,move
1787477086.7494,1360,-1426,move
1787477086.7556,1379,-1427,move
1787477087.3131,1370,-1408,move
1787477087.3249,1379,-1407,move
1787477087.3358,1398,-1382,move
1787477087.3442,1411,-1374,move
1787477087.3503,1428,-1346,move
1787477087.3586,1436,-1337,move
1787477087.3694,1442,-1328,move
1787477087.3762,1455,-1321,move
1787477087.3875,1474,-1294,move
1787477087.3965,1476,-1289,move
1787477087.4465,1495,-1268,click_LEFT_press
1787477087.5265,1495,-1268,click_LEFT_release
1787477087.8359,1497,-1262,move
1787477087.8478,1484,-1276,move
1787477087.8561,1486,-1276,move
1787477087.8615,1461,-1284,move
1787477087.8715,1470,-1297,move
1787477087.8802,1460,-1309,move
1787477087.8855,1441,-1312,move
1787477087.8964,1441,-1319,move
1787477087.9079,1420,-1323,move
1787477087.9166,1417,-1336,move
1787477087.9233,1421,-1349,move
1787477087.9348,1413,-1361,move
1787477088.4115,1400,-1371,move
1787477088.4206,1416,-1363,move
1787477088.4291,1429,-1351,move
1787477088.4393,1440,-1344,move
1787477088.4449,1441,-1349,move
1787477088.4511,1468,-1345,move
1787477088.4575,1463,-1333,move
1787477088.4676,1477,-1321,move
1787477088.4739,1496,-1320,move
1787477088.4859,1502,-1317,move
1787477088.4976,1524,-1312,move
1787477088.5476,1534,-1305,click_LEFT_press
1787477088.6276,1534,-1305,click_LEFT_release
1787477089.0121,1529,-1310,move
1787477089.022,1528,-1291,move
1787477089.0272,1538,-1276,move
1787477089.0333,1522,-1277,move
1787477089.0428,1530,-1256,move
1787477089.0501,1534,-1242,move
1787477089.0551,1533,-1230,move
1787477089.0612,1518,-1223,move
1787477089.0667,1535,-1205,move
1787477089.0723,1521,-1195,move
1787477089.0782,1533,-1185,move
1787477089.852,1525,-1169,move
1787477089.8617,1527,-1180,move
1787477089.8671,1554,-1171,move
1787477089.8764,1550,-1176,move
1787477089.884,1577,-1180,move
1787477089.8954,1587,-1172,move
1787477089.9013,1599,-1185,move
1787477089.9126,1602,-1174,move
1787477089.9229,1625,-1179,move
1787477089.9299,1619,-1175,move
1787477089.9384,1640,-1190,move
1787477089.9453,1641,-1180,move
1787477089.9525,1654,-1176,move
1787477090.3868,1684,-1178,move
1787477090.395,1683,-1165,move
1787477090.4069,1689,-1174,move
1787477090.4121,1710,-1156,move
1787477090.4234,1708,-1142,move
1787477090.4353,1728,-1143,move
1787477090.4464,1730,-1126,move
1787477090.4525,1737,-1125,move
1787477090.4615,1747,-1113,move
1787477090.4689,1766,-1098,move
1787477090.4798,1772,-1100,move
1787477090.4857,1781,-1094,move
1787477090.8607,1805,-1078,move
1787477090.8688,1800,-1099,move
1787477090.8763,1806,-1094,move
1787477090.8863,1800,-1114,move
1787477090.8974,1794,-1113,move
1787477090.9025,1794,-1131,move
1787477090.9121,1800,-1143,move
1787477090.9234,1814,-1147,move
1787477090.9299,1807,-1160,move
1787477090.9394,1811,-1167,move
1787477090.9513,1804,-1164,move
1787477090.958,1803,-1186,move
1787477090.9637,1811,-1192,move
1787477090.9693,1824,-1202,move
1787477091.0193,1817,-1206,click_LEFT_press
1787477091.0993,1817,-1206,click_LEFT_release
1787477091.589,1813,-1199,move
1787477091.6007,1811,-1193,move
1787477091.6105,1806,-1179,move
1787477091.6193,1794,-1156,move
1787477091.6285,1787,-1150,move
1787477091.6382,1785,-1134,move
1787477091.6493,1779,-1122,move
1787477091.6607,1781,-1105,move
1787477091.6684,1767,-1090,move
1787477091.6762,1764,-1085,move
1787477091.6826,1751,-1080,move
1787477091.7326,1752,-1058,click_LEFT_press
1787477091.8126,1752,-1058,click_LEFT_release
1787477092.5882,1747,-1051,move
1787477092.5981,1747,-1049,move
1787477092.6099,1734,-1062,move
1787477092.6202,1728,-1051,move
1787477092.6315,1739,-1070,move
1787477092.6404,1719,-1069,move
1787477092.646,1722,-1061,move
1787477092.6524,1713,-1058,move
1787477092.658,1711,-1058,move
1787477092.6632,1707,-1060,move
1787477092.6699,1700,-1057,move
1787477092.6793,1702,-1075,move
1787477092.6874,1696,-1076,move
1787477092.6928,1683,-1059,move
1787477092.7025,1683,-1068,move
1787477093.2849,1672,-1068,move
1787477093.2926,1664,-1085,move
1787477093.3028,1647,-1091,move
1787477093.3117,1647,-1102,move
1787477093.3189,1637,-1109,move
1787477093.3301,1611,-1118,move
1787477093.3371,1613,-1142,move
1787477093.3454,1600,-1145,move
1787477093.3547,1586,-1161,move
1787477093.364,1576,-1167,move
1787477093.3749,1555,-1171,move
1787477093.3803,1538,-1183,move
1787477094.0029,1525,-1201,move
1787477094.0096,1524,-1201,move
1787477094.0184,1530,-1201,move
1787477094.0302,1519,-1222,move
1787477094.0384,1511,-1234,move
1787477094.0468,1506,-1238,move
1787477094.0518,1515,-1238,move
1787477094.0593,1507,-1244,move
1787477094.067,1492,-1253,move
1787477094.0731,1501,-1272,move
1787477094.0845,1487,-1280,move
1787477094.0896,1485,-1278,move
1787477094.0951,1483,-1299,move
1787477094.1009,1479,-1300,move
1787477094.1083,1482,-1306,move
1787477094.1583,1472,-1320,click_LEFT_press
1787477094.2383,1472,-1320,click_LEFT_release
1787477094.9116,1466,-1325,move
1787477094.9216,1466,-1339,move
1787477094.9271,1466,-1336,move
1787477094.9329,1467,-1362,move
1787477094.9429,1446,-1368,move
1787477094.9514,1451,-1379,move
1787477094.961,1452,-1383,move
1787477094.9662,1431,-1400,move
1787477094.9759,1440,-1414,move
1787477094.9815,1421,-1426,move
1787477095.4,1421,-1439,move
1787477095.4093,1404,-1442,move
1787477095.4194,1396,-1433,move
1787477095.4279,1402,-1445,move
1787477095.4382,1373,-1432,move
1787477095.4444,1373,-1427,move
1787477095.4495,1354,-1439,move
1787477095.4605,1354,-1440,move
1787477095.472,1338,-1436,move
1787477095.4803,1327,-1425,move
1787477095.4856,1313,-1426,move
1787477095.5356,1311,-1435,click_LEFT_press
1787477095.6156,1311,-1435,click_LEFT_release
1787477096.0158,1304,-1432,move
1787477096.023,1300,-1450,move
1787477096.0341,1305,-1450,move
1787477096.0398,1307,-1460,move
1787477096.045,1303,-1454,move
1787477096.0556,1305,-1458,move
1787477096.0627,1294,-1462,move
1787477096.0738,1298,-1484,move
1787477096.0801,1290,-1491,move
1787477096.0876,1281,-1498,move
1787477096.0964,1280,-1499,move
1787477096.1062,1282,-1503,move
1787477096.1122,1276,-1518,move
1787477096.1187,1271,-1515,move
1787477096.1298,1265,-1519,move
1787477096.8822,1265,-1534,move
1787477096.8905,1277,-1520,move
1787477096.9006,1274,-1508,move
1787477096.908,1278,-1519,move
1787477096.9152,1280,-1507,move
1787477096.9256,1285,-1504,move
1787477096.9324,1287,-1504,move
1787477096.9376,1301,-1493,move
1787477096.9477,1309,-1490,move
1787477096.9553,1306,-1482,move
1787477096.9609,1311,-1478,move
1787477096.9685,1309,-1473,move
1787477096.9757,1326,-1477,move
1787477096.9868,1331,-1473,move
1787477097.0368,1333,-1462,click_LEFT_press
1787477097.1168,1333,-1462,click_LEFT_release
1787477097.6885,1324,-1457,move
1787477097.6954,1351,-1465,move
1787477097.7018,1355,-1452,move
1787477097.7104,1370,-1450,move
1787477097.7218,1399,-1444,move
1787477097.7273,1402,-1455,move
1787477097.7382,1426,-1448,move
1787477097.7475,1427,-1440,move
1787477097.7579,1440,-1440,move
1787477097.7677,1458,-1438,move
1787477097.8177,1478,-1435,click_LEFT_press
1787477097.8977,1478,-1435,click_LEFT_release
1787477098.2524,1487,-1427,move
1787477098.2599,1487,-1445,move
1787477098.2656,1487,-1452,move
1787477098.2708,1482,-1468,move
1787477098.2776,1500,-1476,move
1787477098.2883,1495,-1478,move
1787477098.2966,1493,-1495,move
1787477098.3057,1510,-1503,move
1787477098.3119,1514,-1502,move
1787477098.3222,1519,-1509,move
1787477098.329,1511,-1520,move
1787477098.3366,1525,-1524,move
1787477098.3459,1536,-1539,move
1787477098.3548,1523,-1538,move
1787477098.361,1532,-1561,move
1787477098.7672,1544,-1565,move
1787477098.7769,1549,-1574,move
1787477098.7873,1545,-1581,move
1787477098.7963,1568,-1588,move
1787477098.8049,1573,-1588,move
1787477098.8131,1580,-1594,move
1787477098.8198,1581,-1610,move
1787477098.8292,1598,-1603,move
1787477098.836,1600,-1622,move
1787477098.8454,1600,-1623,move
1787477098.8518,1617,-1622,move
1787477099.5127,1607,-1621,move
1787477099.5242,1617,-1631,move
1787477099.5303,1614,-1626,move
1787477099.542,1622,-1626,move
1787477099.5529,1633,-1613,move
1787477099.5593,1620,-1611,move
1787477099.5693,1632,-1607,move
1787477099.5807,1640,-1597,move
1787477099.5868,1635,-1595,move
1787477099.5933,1630,-1580,move
1787477099.6005,1643,-1592,move
1787477099.6069,1629,-1569,move
1787477099.6147,1644,-1573,move
1787477099.6647,1643,-1568,click_LEFT_press
1787477099.7447,1643,-1568,click_LEFT_release
1787477100.2245,1639,-1567,move
1787477100.231,1654,-1569,move
1787477100.2393,1661,-1548,move
1787477100.2461,1664,-1548,move
1787477100.2578,1668,-1542,move
1787477100.2684,1677,-1546,move
1787477100.279,1698,-1532,move
1787477100.2867,1694,-1526,move
1787477100.2979,1708,-1536,move
1787477100.3051,1711,-1524,move
1787477100.3152,1724,-1513,move
1787477100.3237,1729,-1515,move
1787477100.3737,1741,-1512,click_LEFT_press
1787477100.4537,1741,-1512,click_LEFT_release
1787477101.0976,1744,-1519,move
1787477101.1094,1747,-1507,move
1787477101.12,1740,-1503,move
1787477101.1282,1750,-1493,move
1787477101.1364,1754,-1471,move
1787477101.1428,1760,-1470,move
1787477101.149,1756,-1452,move
1787477101.1588,1758,-1447,move
1787477101.1703,1765,-1447,move
1787477101.181,1772,-1435,move
1787477101.1917,1774,-1422,move
1787477101.2023,1786,-1411,move
1787477101.2125,1775,-1404,move
1787477101.2191,1779,-1393,move
1787477101.2691,1792,-1393,click_LEFT_press
1787477101.3491,1792,-1393,click_LEFT_release
1787477101.845,1800,-1400,move
1787477101.8568,1798,-1404,move
1787477101.8663,1800,-1424,move
1787477101.8779,1820,-1428,move
1787477101.8857,1818,-1444,move
1787477101.891,1818,-1472,move
1787477101.9024,1826,-1474,move
1787477101.9109,1843,-1494,move
1787477101.9192,1840,-1508,move
1787477101.9264,1858,-1511,move
1787477102.5855,1861,-1529,move
1787477102.597,1867,-1532,move
1787477102.6046,1869,-1518,move
1787477102.6101,1857,-1520,move
1787477102.6203,1867,-1500,move
1787477102.632,1863,-1493,move
1787477102.6383,1861,-1485,move
1787477102.6442,1873,-1493,move
1787477102.6518,1860,-1472,move
1787477102.659,1861,-1480,move
1787477102.6685,1869,-1471,move
1787477102.675,1875,-1456,move
1787477102.6867,1873,-1452,move
1787477102.697,1874,-1440,move
1787477102.747,1868,-1439,click_LEFT_press
1787477102.827,1868,-1439,click_LEFT_release
1787477103.149,1858,-1439,move
1787477103.1608,1863,-1425,move
1787477103.1661,1886,-1420,move
1787477103.1728,1884,-1416,move
1787477103.1829,1884,-1404,move
1787477103.1932,1882,-1398,move
1787477103.1996,1895,-1373,move
1787477103.2098,1901,-1379,move
1787477103.219,1911,-1358,move
1787477103.2269,1907,-1362,move
1787477103.2383,1915,-1342,move
1787477103.2438,1920,-1328,move
1787477103.9967,1931,-1328,move
1787477104.0073,1918,-1339,move
1787477104.016,1901,-1340,move
1787477104.0234,1892,-1348,move
1787477104.0351,1884,-1340,move
1787477104.0429,1884,-1352,move
1787477104.0483,1876,-1355,move
1787477104.06,1851,-1354,move
1787477104.0692,1858,-1357,move
1787477104.0772,1834,-1373,move
1787477104.4292,1840,-1362,move
1787477104.4409,1827,-1360,move
1787477104.4478,1812,-1357,move
1787477104.4572,1811,-1370,move
1787477104.4653,1802,-1359,move
1787477104.4705,1786,-1348,move
1787477104.4797,1777,-1359,move
1787477104.4916,1754,-1357,move
1787477104.4978,1759,-1357,move
1787477104.5061,1741,-1344,move
1787477104.5179,1733,-1339,move
1787477104.5284,1712,-1344,move
1787477104.5381,1707,-1340,move
1787477104.5881,1701,-1338,click_LEFT_press
1787477104.6681,1701,-1338,click_LEFT_release
1787477105.0524,1704,-1328,move
1787477105.0621,1700,-1347,move
1787477105.0694,1723,-1365,move
1787477105.079,1716,-1360,move
1787477105.0879,1730,-1372,move
1787477105.0942,1741,-1395,move
1787477105.102,1753,-1403,move
1787477105.1073,1763,-1406,move
1787477105.1148,1770,-1423,move
1787477105.1223,1762,-1427,move
1787477105.1286,1771,-1434,move
1787477105.1394,1773,-1439,move
1787477105.1504,1796,-1446,move
1787477105.1567,1797,-1460,move
1787477105.1628,1816,-1479,move
1787477105.6706,1821,-1486,move
1787477105.6757,1833,-1467,move
1787477105.6813,1825,-1461,move
1787477105.6864,1838,-1449,move
1787477105.6925,1845,-1440,move
1787477105.7025,1859,-1434,move
1787477105.7089,1874,-1421,move
1787477105.7145,1880,-1416,move
1787477105.7196,1891,-1402,move
1787477105.7297,1901,-1401,move
1787477105.7393,1902,-1380,move
1787477106.4566,1915,-1379,move
1787477106.4631,1906,-1382,move
1787477106.471,1892,-1394,move
1787477106.479,1884,-1406,move
1787477106.4904,1860,-1432,move
1787477106.4978,1841,-1435,move
1787477106.5047,1832,-1454,move
1787477106.5118,1830,-1477,move
1787477106.5192,1803,-1486,move
1787477106.5255,1787,-1502,move
1787477106.9408,1788,-1508,move
1787477106.9488,1792,-1513,move
1787477106.9569,1791,-1528,move
1787477106.965,1803,-1524,move
1787477106.9755,1809,-1544,move
1787477106.9835,1813,-1547,move
1787477106.9953,1807,-1545,move
1787477107.0059,1808,-1556,move
1787477107.0174,1818,-1576,move
1787477107.0263,1821,-1573,move
1787477107.0326,1825,-1576,move
1787477107.0391,1828,-1586,move
1787477107.0511,1837,-1586,move
1787477107.4719,1836,-1602,move
1787477107.4778,1837,-1599,move
1787477107.4895,1849,-1606,move
1787477107.4988,1847,-1615,move
1787477107.5065,1843,-1621,move
1787477107.5172,1857,-1638,move
1787477107.5254,1854,-1641,move
1787477107.5333,1858,-1645,move
1787477107.5426,1864,-1634,move
1787477107.5542,1857,-1653,move
1787477107.5634,1868,-1648,move
1787477107.5687,1877,-1660,move
1787477107.5805,1869,-1658,move
1787477107.5924,1873,-1663,move
1787477107.5994,1879,-1679,move
1787477107.6494,1879,-1680,click_LEFT_press
1787477107.7294,1879,-1680,click_LEFT_release
1787477108.2762,1880,-1678,move
1787477108.2877,1894,-1671,move
1787477108.2939,1891,-1651,move
1787477108.3042,1902,-1632,move
1787477108.3139,1921,-1627,move
1787477108.3231,1942,-1615,move
1787477108.3338,1936,-1609,move
1787477108.342,1947,-1592,move
1787477108.3535,1975,-1588,move
1787477108.3611,1974,-1571,move
1787477108.3687,1993,-1553,move
1787477108.375,2002,-1548,move
1787477108.9369,2005,-1533,move
1787477108.9466,2010,-1524,move
1787477108.9531,2004,-1524,move
1787477108.9612,2009,-1513,move
1787477108.9671,2003,-1516,move
1787477108.9744,2001,-1524,move
1787477108.9799,2000,-1511,move
1787477108.9864,2001,-1510,move
1787477108.9949,1993,-1509,move
1787477109.0051,1994,-1496,move
1787477109.5256,1991,-1503,move
1787477109.5324,1984,-1490,move
1787477109.5422,1982,-1483,move
1787477109.5518,1965,-1483,move
1787477109.5587,1956,-1472,move
1787477109.5673,1937,-1481,move
1787477109.5728,1925,-1470,move
1787477109.5817,1916,-1466,move
1787477109.592,1910,-1468,move
1787477109.6018,1899,-1448,move
1787477109.6074,1892,-1444,move
1787477110.1219,1878,-1437,move
1787477110.1334,1874,-1429,move
1787477110.1398,1890,-1421,move
1787477110.1518,1887,-1410,move
1787477110.1602,1883,-1397,move
1787477110.1676,1876,-1373,move
1787477110.1759,1875,-1362,move
1787477110.1875,1881,-1344,move
1787477110.1966,1886,-1322,move
1787477110.2044,1876,-1311,move
1787477110.6684,1886,-1308,move
1787477110.6749,1859,-1313,move
1787477110.6822,1845,-1303,move
1787477110.6917,1840,-1306,move
1787477110.7019,1822,-1323,move
1787477110.7111,1816,-1326,move
1787477110.7179,1811,-1315,move
1787477110.7232,1807,-1328,move
1787477110.7315,1793,-1332,move
1787477110.7384,1767,-1343,move
1787477110.7884,1765,-1338,click_LEFT_press
1787477110.8684,1765,-1338,click_LEFT_release
1787477111.2039,1755,-1335,move
1787477111.209,1758,-1352,move
1787477111.2158,1760,-1361,move
1787477111.2245,1765,-1373,move
1787477111.234,1743,-1376,move
1787477111.2458,1743,-1399,move
1787477111.2552,1747,-1413,move
1787477111.2631,1752,-1412,move
1787477111.2706,1743,-1438,move
1787477111.2788,1744,-1444,move
1787477111.2847,1739,-1464,move
1787477111.2939,1739,-1474,move
1787477111.3439,1728,-1481,click_LEFT_press
1787477111.4239,1728,-1481,click_LEFT_release
1787477112.1304,1728,-1471,move
1787477112.1408,1739,-1472,move
1787477112.1515,1751,-1478,move
1787477112.1622,1752,-1479,move
1787477112.1673,1760,-1469,move
1787477112.1768,1763,-1456,move
1787477112.1841,1787,-1463,move
1787477112.191,1796,-1461,move
1787477112.1983,1790,-1451,move
1787477112.2069,1802,-1455,move
1787477112.2159,1820,-1452,move
1787477112.2257,1821,-1443,move
1787477112.6211,1825,-1434,move
1787477112.6269,1839,-1439,move
1787477112.6328,1862,-1444,move
1787477112.6404,1877,-1446,move
1787477112.6497,1889,-1455,move
1787477112.6605,1885,-1453,move
1787477112.6705,1912,-1472,move
1787477112.6774,1908,-1468,move
1787477112.6834,1938,-1479,move
1787477112.6951,1945,-1478,move
1787477112.7063,1959,-1484,move
1787477113.1851,1965,-1485,move
1787477113.1962,1970,-1478,move
1787477113.2041,1963,-1476,move
1787477113.2098,1956,-1457,move
1787477113.2208,1954,-1453,move
1787477113.2318,1931,-1450,move
1787477113.242,1933,-1457,move
1787477113.2473,1930,-1441,move
1787477113.2529,1914,-1452,move
1787477113.2605,1909,-1433,move
1787477113.2707,1909,-1426,move
1787477113.3207,1908,-1427,click_LEFT_press
1787477113.4007,1908,-1427,click_LEFT_release
1787477114.0347,1910,-1433,move
1787477114.045,1917,-1440,move
1787477114.0511,1918,-1431,move
1787477114.0607,1937,-1430,move
1787477114.0704,1945,-1439,move
1787477114.0781,1948,-1444,move
1787477114.0873,1962,-1449,move
1787477114.0944,1973,-1451,move
1787477114.1028,1983,-1459,move
1787477114.111,1987,-1462,move
1787477114.1187,2009,-1468,move
1787477114.1281,2015,-1454,move
1787477114.1781,2027,-1466,click_LEFT_press
1787477114.2581,2027,-1466,click_LEFT_release
1787477114.7521,2025,-1471,move
1787477114.7584,2025,-1462,move
1787477114.7701,2036,-1451,move
1787477114.779,2044,-1439,move
1787477114.7843,2043,-1440,move
1787477114.7932,2054,-1435,move
1787477114.8007,2066,-1429,move
1787477114.8059,2078,-1422,move
1787477114.8137,2072,-1419,move
1787477114.8191,2085,-1415,move
1787477114.8289,2084,-1398,move
1787477114.834,2095,-1384,move
1787477114.84,2101,-1381,move
1787477114.89,2106,-1380,click_LEFT_press
1787477114.97,2106,-1380,click_LEFT_release
1787477115.5628,2105,-1381,move
1787477115.5725,2104,-1390,move
1787477115.5801,2097,-1405,move
1787477115.5855,2112,-1412,move
1787477115.595,2112,-1429,move
1787477115.6049,2107,-1444,move
1787477115.6105,2118,-1444,move
1787477115.6166,2116,-1456,move
1787477115.6263,2102,-1462,move
1787477115.6357,2106,-1486,move
1787477116.1135,2103,-1498,move
1787477116.1223,2118,-1487,move
1787477116.1303,2123,-1490,move
1787477116.1369,2131,-1502,move
1787477116.1468,2122,-1490,move
1787477116.152,2136,-1490,move
1787477116.1633,2135,-1503,move
1787477116.1741,2153,-1497,move
1787477116.1802,2156,-1499,move
1787477116.1881,2150,-1491,move
1787477116.1998,2168,-1494,move
1787477116.2099,2161,-1494,move
1787477116.2184,2176,-1501,move
1787477116.2285,2177,-1484,move
1787477116.2349,2188,-1486,move
1787477116.824,2193,-1498,move
1787477116.8312,2197,-1497,move
1787477116.8395,2207,-1508,move
1787477116.8452,2236,-1516,move
1787477116.8505,2238,-1525,move
1787477116.8597,2266,-1532,move
1787477116.8674,2282,-1547,move
1787477116.8772,2295,-1546,move
1787477116.8834,2305,-1570,move
1787477116.8952,2322,-1570,move
1787477117.5392,2328,-1584,move
1787477117.551,2333,-1573,move
1787477117.5618,2332,-1573,move
1787477117.5724,2332,-1562,move
1787477117.5824,2320,-1570,move
1787477117.5893,2335,-1549,move
1787477117.5967,2322,-1552,move
1787477117.6082,2320,-1545,move
1787477117.6145,2336,-1540,move
1787477117.6202,2323,-1540,move
1787477117.6265,2324,-1538,move
1787477117.637,2325,-1519,move
1787477117.6467,2320,-1513,move
1787477117.6555,2318,-1519,move
1787477118.0915,2325,-1501,move
1787477118.1006,2330,-1527,move
1787477118.1096,2311,-1536,move
1787477118.1178,2304,-1537,move
1787477118.1232,2304,-1543,move
1787477118.1299,2309,-1549,move
1787477118.1378,2303,-1569,move
1787477118.1497,2289,-1579,move
1787477118.1584,2300,-1574,move
1787477118.1637,2297,-1586,move
1787477118.1689,2280,-1590,move
1787477118.1798,2273,-1599,move
1787477118.1864,2278,-1618,move
1787477118.1928,2276,-1623,move
1787477118.1979,2273,-1641,move
1787477119.0006,2257,-1639,move
1787477119.0063,2282,-1629,move
1787477119.0129,2281,-1631,move
1787477119.0246,2301,-1623,move
1787477119.0311,2292,-1612,move
1787477119.0422,2311,-1601,move
1787477119.0488,2310,-1597,move
1787477119.0583,2330,-1591,move
1787477119.0647,2345,-1572,move
1787477119.07,2343,-1569,move
1787477119.0794,2348,-1572,move
1787477119.3896,2362,-1551,move
1787477119.3954,2345,-1550,move
1787477119.4061,2328,-1541,move
1787477119.4113,2322,-1541,move
1787477119.417,2313,-1536,move
1787477119.4228,2296,-1543,move
1787477119.4292,2285,-1536,move
1787477119.4411,2276,-1529,move
1787477119.4506,2244,-1532,move
1787477119.4589,2232,-1531,move
1787477119.9735,2231,-1509,move
1787477119.9798,2213,-1529,move
1787477119.9878,2206,-1527,move
1787477119.9976,2209,-1538,move
1787477120.0088,2197,-1557,move
1787477120.0193,2191,-1565,move
1787477120.0251,2189,-1563,move
1787477120.0324,2181,-1579,move
1787477120.0425,2187,-1573,move
1787477120.0516,2177,-1584,move
1787477120.0599,2163,-1589,move
1787477120.0697,2157,-1600,move
1787477120.0775,2159,-1599,move
1787477120.6785,2157,-1612,move
1787477120.6866,2161,-1616,move
1787477120.6925,2160,-1605,move
1787477120.6983,2152,-1611,move
1787477120.7044,2157,-1604,move
1787477120.7116,2156,-1609,move
1787477120.7229,2163,-1602,move
1787477120.73,2179,-1602,move
1787477120.7407,2166,-1583,move
1787477120.7515,2168,-1579,move
1787477120.7626,2179,-1590,move
1787477120.7732,2184,-1584,move
1787477120.781,2189,-1580,move
1787477120.7925,2179,-1570,move
1787477120.8027,2179,-1572,move
1787477121.1442,2194,-1574,move
1787477121.1531,2188,-1572,move
1787477121.1628,2188,-1570,move
1787477121.1727,2191,-1569,move
1787477121.1791,2196,-1590,move
1787477121.1868,2189,-1580,move
1787477121.1983,2207,-1597,move
1787477121.2081,2209,-1596,move
1787477121.2133,2208,-1603,move
1787477121.22,2194,-1605,move
1787477121.2308,2215,-1606,move
1787477121.9494,2202,-1611,move
1787477121.9579,2202,-1589,move
1787477121.965,2216,-1571,move
1787477121.974,2214,-1560,move
1787477121.9816,2214,-1549,move
1787477121.9892,2217,-1537,move
1787477121.9971,2231,-1535,move
1787477122.0048,2221,-1515,move
1787477122.0116,2239,-1490,move
1787477122.0184,2240,-1479,move
1787477122.0244,2230,-1461,move
1787477122.3465,2241,-1453,move
1787477122.3515,2240,-1459,move
1787477122.3572,2227,-1482,move
1787477122.3671,2226,-1481,move
1787477122.3753,2202,-1498,move
1787477122.3845,2200,-1505,move
1787477122.3934,2197,-1510,move
1787477122.404,2190,-1520,move
1787477122.413,2188,-1524,move
1787477122.4234,2165,-1533,move
1787477122.4734,2165,-1543,click_LEFT_press
1787477122.5534,2165,-1543,click_LEFT_release
1787477123.1316,2155,-1551,move
1787477123.1431,2158,-1535,move
1787477123.1514,2169,-1524,move
1787477123.159,2158,-1526,move
1787477123.1655,2163,-1501,move
1787477123.1745,2165,-1508,move
1787477123.1823,2161,-1484,move
1787477123.1932,2157,-1472,move
1787477123.2021,2152,-1473,move
1787477123.2136,2146,-1459,move
1787477123.8146,2145,-1460,move
1787477123.8254,2157,-1459,move
1787477123.8355,2156,-1453,move
1787477123.8473,2150,-1460,move
1787477123.8525,2164,-1451,move
1787477123.861,2157,-1458,move
1787477123.867,2163,-1448,move
1787477123.8723,2166,-1439,move
1787477123.8824,2170,-1455,move
1787477123.8903,2167,-1440,move
1787477123.9022,2171,-1436,move
1787477123.9114,2180,-1435,move
1787477123.9196,2173,-1441,move
1787477124.318,2171,-1434,move
1787477124.3253,2173,-1434,move
1787477124.3329,2177,-1431,move
1787477124.3427,2190,-1440,move
1787477124.3533,2183,-1420,move
1787477124.3585,2179,-1421,move
1787477124.3644,2177,-1430,move
1787477124.371,2196,-1413,move
1787477124.3783,2185,-1419,move
1787477124.3846,2189,-1413,move
1787477124.3961,2186,-1414,move
1787477124.4012,2199,-1413,move
1787477124.4127,2192,-1405,move
1787477124.4182,2197,-1391,move
1787477124.9711,2196,-1393,move
1787477124.9829,2193,-1401,move
1787477124.9942,2193,-1391,move
1787477125.0011,2191,-1395,move
1787477125.0103,2186,-1410,move
1787477125.0182,2199,-1402,move
1787477125.0239,2197,-1392,move
1787477125.0358,2198,-1398,move
1787477125.0456,2193,-1400,move
1787477125.0506,2194,-1414,move
1787477125.0621,2183,-1415,move
1787477125.0684,2175,-1407,move
1787477125.0735,2177,-1399,move
1787477125.1235,2181,-1409,click_LEFT_press
1787477125.2035,2181,-1409,click_LEFT_release
1787477125.8098,2177,-1417,move
1787477125.8149,2191,-1414,move
1787477125.8209,2200,-1429,move
1787477125.8276,2211,-1427,move
1787477125.8348,2216,-1436,move
1787477125.8458,2225,-1434,move
1787477125.8538,2233,-1441,move
1787477125.8609,2241,-1461,move
1787477125.8689,2233,-1469,move
1787477125.8741,2240,-1474,move
1787477125.8845,2249,-1476,move
1787477125.8903,2255,-1482,move
1787477126.3348,2265,-1491,move
1787477126.3428,2252,-1483,move
1787477126.3478,2245,-1491,move
1787477126.354,2244,-1497,move
1787477126.3657,2245,-1484,move
1787477126.3758,2244,-1484,move
1787477126.3828,2221,-1492,move
1787477126.3902,2223,-1492,move
1787477126.4,2208,-1492,move
1787477126.411,2215,-1502,move
1787477126.4195,2201,-1510,move
1787477126.4252,2186,-1497,move
1787477126.4329,2195,-1508,move
1787477126.4428,2181,-1503,move
1787477126.8818,2175,-1510,move
1787477126.8908,2158,-1503,move
1787477126.9002,2165,-1508,move
1787477126.9073,2149,-1511,move
1787477126.9133,2139,-1525,move
1787477126.9217,2141,-1516,move
1787477126.9316,2133,-1528,move
1787477126.9401,2125,-1529,move
1787477126.9459,2116,-1526,move
1787477126.952,2111,-1536,move
1787477126.9579,2103,-1540,move
1787477126.9651,2097,-1536,move
1787477126.9714,2086,-1526,move
1787477126.9822,2071,-1541,move
1787477126.988,2074,-1544,move
1787477127.5242,2055,-1539,move
1787477127.5312,2056,-1531,move
1787477127.5393,2064,-1511,move
1787477127.5495,2065,-1513,move
1787477127.5548,2072,-1502,move
1787477127.5644,2066,-1477,move
1787477127.5695,2075,-1466,move
1787477127.5784,2074,-1460,move
1787477127.5864,2066,-1448,move
1787477127.592,2067,-1436,move
1787477127.5977,2085,-1431,move
1787477127.6043,2068,-1405,move
1787477128.2205,2075,-1406,move
1787477128.2271,2069,-1412,move
1787477128.2345,2074,-1401,move
1787477128.2431,2069,-1403,move
1787477128.252,2083,-1409,move
1787477128.2592,2073,-1397,move
1787477128.2658,2066,-1400,move
1787477128.2762,2068,-1407,move
1787477128.2865,2066,-1401,move
1787477128.2915,2084,-1410,move
1787477128.2985,2078,-1413,move
1787477128.31,2077,-1421,move
1787477128.3175,2083,-1403,move
1787477128.3284,2066,-1409,move
1787477128.3372,2075,-1406,move
1787477128.3872,2073,-1414,click_LEFT_press
1787477128.4672,2073,-1414,click_LEFT_release
1787477128.9905,2078,-1419,move
1787477128.998,2076,-1422,move
1787477129.0073,2087,-1408,move
1787477129.0128,2106,-1406,move
1787477129.0202,2111,-1420,move
1787477129.0318,2122,-1413,move
1787477129.0432,2144,-1411,move
1787477129.053,2154,-1398,move
1787477129.0634,2157,-1414,move
1787477129.0696,2171,-1412,move
1787477129.0791,2183,-1408,move
1787477129.0894,2195,-1394,move
1787477129.1394,2203,-1403,click_LEFT_press
1787477129.2194,2203,-1403,click_LEFT_release
1787477129.7841,2201,-1408,move
1787477129.792,2205,-1395,move
1787477129.7974,2205,-1390,move
1787477129.8062,2207,-1405,move
1787477129.8138,2205,-1385,move
1787477129.8231,2215,-1395,move
1787477129.8319,2225,-1387,move
1787477129.8384,2215,-1392,move
1787477129.8484,2230,-1385,move
1787477129.8559,2231,-1381,move
1787477129.8651,2226,-1380,move
1787477129.8715,2237,-1372,move
1787477129.882,2226,-1370,move
1787477130.5528,2225,-1375,move
1787477130.5634,2253,-1364,move
1787477130.5685,2244,-1357,move
1787477130.5791,2266,-1359,move
1787477130.5863,2271,-1358,move
1787477130.5982,2289,-1338,move
1787477130.6096,2289,-1337,move
1787477130.6185,2308,-1341,move
1787477130.6304,2317,-1323,move
1787477130.6413,2321,-1334,move
1787477130.6471,2328,-1316,move
1787477130.6539,2338,-1319,move
1787477131.2483,2355,-1310,move
1787477131.2581,2341,-1303,move
1787477131.2643,2328,-1291,move
1787477131.2746,2322,-1294,move
1787477131.2856,2309,-1282,move
1787477131.2959,2312,-1285,move
1787477131.3012,2300,-1285,move
1787477131.31,2290,-1273,move
1787477131.3185,2279,-1265,move
1787477131.3238,2268,-1254,move
1787477131.7729,2265,-1248,move
1787477131.7796,2263,-1245,move
1787477131.7915,2261,-1262,move
1787477131.7998,2251,-1251,move
1787477131.8105,2236,-1237,move
1787477131.8222,2215,-1251,move
1787477131.828,2205,-1234,move
1787477131.8361,2209,-1234,move
1787477131.842,2196,-1244,move
1787477131.8529,2177,-1226,move
1787477131.858,2176,-1233,move
1787477131.8635,2165,-1237,move
1787477132.2014,2161,-1228,move
1787477132.2081,2158,-1214,move
1787477132.2162,2156,-1208,move
1787477132.2255,2158,-1200,move
1787477132.2316,2170,-1189,move
1787477132.2422,2170,-1183,move
1787477132.2511,2170,-1183,move
1787477132.261,2155,-1173,move
1787477132.2726,2163,-1171,move
1787477132.2834,2161,-1172,move
1787477132.2938,2159,-1164,move
1787477132.3018,2163,-1159,move
1787477132.3518,2167,-1147,click_LEFT_press
1787477132.4318,2167,-1147,click_LEFT_release
1787477133.049,2172,-1137,move
1787477133.0553,2152,-1151,move
1787477133.0651,2159,-1160,move
1787477133.0758,2151,-1158,move
1787477133.0832,2135,-1172,move
1787477133.0914,2125,-1175,move
1787477133.1024,2113,-1184,move
1787477133.108,2108,-1185,move
1787477133.1156,2097,-1191,move
1787477133.1256,2096,-1187,move
1787477133.1325,2073,-1198,move
1787477133.1432,2064,-1206,move
1787477133.8612,2070,-1209,move
1787477133.869,2067,-1198,move
1787477133.8765,2062,-1197,move
1787477133.883,2062,-1207,move
1787477133.8903,2065,-1192,move
1787477133.9022,2058,-1185,move
1787477133.9125,2071,-1180,move
1787477133.9181,2070,-1193,move
1787477133.9293,2053,-1185,move
1787477133.9352,2067,-1177,move
1787477133.9404,2056,-1166,move
1787477133.9904,2058,-1172,click_LEFT_press
1787477134.0704,2058,-1172,click_LEFT_release
1787477134.6462,2058,-1165,move
1787477134.6582,2052,-1170,move
1787477134.6699,2050,-1156,move
1787477134.6786,2059,-1160,move
1787477134.685,2043,-1138,move
1787477134.6945,2047,-1142,move
1787477134.7028,2053,-1138,move
1787477134.7116,2047,-1118,move
1787477134.7189,2052,-1125,move
1787477134.7275,2053,-1109,move
1787477134.7359,2052,-1104,move
1787477134.7442,2044,-1100,move
1787477134.7553,2041,-1093,move
1787477134.7623,2044,-1087,move
1787477134.8123,2037,-1077,click_LEFT_press
1787477134.8923,2037,-1077,click_LEFT_release
1787477135.377,2029,-1077,move
1787477135.3887,2017,-1076,move
1787477135.3948,2011,-1090,move
1787477135.4028,1997,-1085,move
1787477135.4094,2002,-1100,move
1787477135.4213,1995,-1092,move
1787477135.4312,1976,-1110,move
1787477135.4373,1962,-1101,move
1787477135.4479,1952,-1121,move
1787477135.4583,1958,-1123,move
1787477136.1686,1931,-1113,move
1787477136.1804,1932,-1123,move
1787477136.192,1923,-1107,move
1787477136.2002,1912,-1119,move
1787477136.2062,1900,-1110,move
1787477136.2152,1885,-1110,move
1787477136.2244,1889,-1092,move
1787477136.2358,1879,-1094,move
1787477136.246,1863,-1080,move
1787477136.2564,1859,-1084,move
1787477136.2663,1856,-1088,move
1787477136.2758,1834,-1082,move
1787477136.287,1826,-1064,move
1787477136.337,1820,-1069,click_LEFT_press
1787477136.417,1820,-1069,click_LEFT_release
1787477136.9198,1827,-1062,move
1787477136.9294,1826,-1061,move
1787477136.9396,1834,-1051,move
1787477136.945,1835,-1055,move
1787477136.9547,1842,-1040,move
1787477136.9657,1844,-1053,move
1787477136.9776,1852,-1043,move
1787477136.9896,1846,-1031,move
1787477136.9975,1849,-1021,move
1787477137.0078,1852,-1032,move
1787477137.4868,1853,-1024,move
1787477137.4984,1863,-1018,move
1787477137.5075,1858,-1015,move
1787477137.5159,1870,-1005,move
1787477137.5235,1879,-993,move
1787477137.5294,1879,-1003,move
1787477137.5389,1875,-993,move
1787477137.5476,1886,-987,move
1787477137.5564,1887,-990,move
1787477137.566,1882,-978,move
1787477137.5735,1884,-981,move
1787477137.6235,1886,-972,click_LEFT_press
1787477137.7035,1886,-972,click_LEFT_release
1787477138.5067,1883,-967,move
1787477138.5165,1883,-965,move
1787477138.5285,1899,-972,move
1787477138.5388,1895,-984,move
1787477138.548,1910,-976,move
1787477138.555,1917,-972,move
1787477138.566,1924,-978,move
1787477138.5769,1922,-967,move
1787477138.5827,1932,-970,move
1787477138.5924,1947,-988,move
1787477138.6007,1936,-982,move
1787477139.1842,1954,-973,move
1787477139.1922,1949,-961,move
1787477139.1997,1939,-951,move
1787477139.2113,1922,-943,move
1787477139.2223,1921,-916,move
1787477139.2309,1901,-898,move
1787477139.2402,1904,-888,move
1787477139.2475,1886,-886,move
1787477139.2561,1887,-868,move
1787477139.2615,1873,-854,move
1787477139.3115,1866,-836,click_LEFT_press
1787477139.3915,1866,-836,click_LEFT_release
1787477140.0103,1867,-844,move
1787477140.0216,1871,-847,move
1787477140.0315,1883,-857,move
1787477140.0394,1895,-860,move
1787477140.047,1889,-861,move
1787477140.0568,1904,-883,move
1787477140.0635,1913,-884,move
1787477140.072,1915,-888,move
1787477140.0783,1924,-900,move
1787477140.0883,1922,-896,move
1787477140.0973,1940,-906,move
1787477140.1035,1949,-922,move
1787477140.1123,1940,-917,move
1787477140.1194,1951,-935,move
1787477140.1259,1965,-936,move
1787477140.7707,1961,-953,move
1787477140.7792,1955,-962,move
1787477140.7882,1937,-976,move
1787477140.8002,1933,-990,move
1787477140.8077,1921,-1000,move
1787477140.8187,1906,-1023,move
1787477140.8282,1896,-1037,move
1787477140.8358,1891,-1051,move
1787477140.8408,1884,-1061,move
1787477140.8522,1878,-1069,move
1787477140.8579,1869,-1075,move
1787477140.9079,1856,-1096,click_LEFT_press
1787477140.9879,1856,-1096,click_LEFT_release
1787477141.3372,1860,-1097,move
1787477141.3457,1856,-1084,move
1787477141.3532,1871,-1080,move
1787477141.3625,1883,-1086,move
1787477141.3721,1890,-1064,move
1787477141.3828,1888,-1064,move
1787477141.3911,1897,-1055,move
1787477141.4017,1905,-1049,move
1787477141.4137,1917,-1051,move
1787477141.4211,1907,-1047,move
1787477141.4283,1914,-1037,move
1787477141.4369,1925,-1041,move
1787477141.4432,1939,-1024,move
1787477141.4932,1940,-1020,click_LEFT_press
1787477141.5732,1940,-1020,click_LEFT_release
1787477142.1085,1937,-1020,move
1787477142.1175,1941,-1021,move
1787477142.1292,1938,-1006,move
1787477142.1365,1921,-1000,move
1787477142.1449,1913,-994,move
1787477142.1526,1906,-980,move
1787477142.1587,1899,-980,move
1787477142.1682,1894,-969,move
1787477142.1795,1885,-962,move
1787477142.1883,1883,-960,move
1787477142.1962,1876,-940,move
1787477142.2067,1881,-941,move
1787477142.215,1876,-937,move
1787477142.5303,1857,-933,move
1787477142.542,1851,-935,move
1787477142.5531,1848,-933,move
1787477142.5631,1842,-947,move
1787477142.5731,1850,-947,move
1787477142.581,1834,-963,move
1787477142.5884,1840,-972,move
1787477142.5965,1835,-969,move
1787477142.6063,1828,-975,move
1787477142.6181,1815,-988,move
1787477142.6298,1815,-991,move
1787477143.191,1813,-1011,move
1787477143.1994,1810,-997,move
1787477143.2056,1814,-996,move
1787477143.2145,1819,-990,move
1787477143.2265,1834,-1006,move
1787477143.2383,1824,-987,move
1787477143.2465,1838,-1001,move
1787477143.2546,1827,-985,move
1787477143.2657,1841,-997,move
1787477143.2753,1836,-994,move
1787477143.2813,1836,-991,move
1787477143.2914,1839,-990,move
1787477143.3008,1859,-978,move
1787477143.3059,1859,-987,move
1787477143.3174,1859,-967,move
1787477143.7324,1854,-972,move
1787477143.7443,1854,-981,move
1787477143.751,1839,-1001,move
1787477143.7574,1849,-1007,move
1787477143.7639,1845,-1019,move
1787477143.7722,1824,-1031,move
1787477143.7822,1823,-1054,move
1787477143.7901,1819,-1053,move
1787477143.7973,1809,-1083,move
1787477143.8084,1797,-1085,move
1787477143.8166,1789,-1089,move
1787477143.8666,1792,-1111,click_LEFT_press
1787477143.9466,1792,-1111,click_LEFT_release
1787477144.6003,1798,-1105,move
1787477144.6099,1804,-1111,move
1787477144.621,1796,-1131,move
1787477144.6264,1807,-1127,move
1787477144.6373,1801,-1126,move
1787477144.6451,1820,-1150,move
1787477144.6553,1826,-1154,move
1787477144.6671,1818,-1147,move
1787477144.6787,1819,-1150,move
1787477144.6871,1819,-1170,move
1787477144.6935,1836,-1163,move
1787477144.7035,1844,-1177,move
1787477144.7123,1831,-1181,move
1787477144.7233,1853,-1183,move
1787477144.7733,1849,-1197,click_LEFT_press
1787477144.8533,1849,-1197,click_LEFT_release
1787477145.3374,1850,-1203,move
1787477145.3459,1844,-1203,move
1787477145.3576,1840,-1210,move
1787477145.3652,1831,-1216,move
1787477145.374,1836,-1229,move
1787477145.3842,1813,-1222,move
1787477145.3956,1824,-1243,move
1787477145.4013,1818,-1242,move
1787477145.4077,1813,-1248,move
1787477145.4169,1810,-1253,move
1787477145.4222,1798,-1252,move
1787477145.4329,1782,-1274,move
1787477145.4434,1776,-1280,move
1787477145.4543,1773,-1279,move
1787477145.4607,1767,-1274,move
1787477145.5107,1768,-1291,click_LEFT_press
1787477145.5907,1768,-1291,click_LEFT_release
1787477146.043,1777,-1284,move
1787477146.0549,1770,-1287,move
1787477146.0617,1773,-1286,move
1787477146.0733,1762,-1287,move
1787477146.0811,1767,-1269,move
1787477146.089,1772,-1274,move
1787477146.1003,1766,-1274,move
1787477146.1113,1765,-1267,move
1787477146.1205,1769,-1276,move
1787477146.1271,1765,-1265,move
1787477146.1371,1764,-1270,move
1787477146.1871,1759,-1258,click_LEFT_press
1787477146.2671,1759,-1258,click_LEFT_release
1787477146.6257,1750,-1265,move
1787477146.6374,1752,-1247,move
1787477146.6474,1759,-1245,move
1787477146.6579,1764,-1239,move
1787477146.6678,1767,-1223,move
1787477146.6765,1774,-1228,move
1787477146.6861,1782,-1214,move
1787477146.6966,1790,-1218,move
1787477146.7048,1783,-1197,move
1787477146.7119,1779,-1192,move
1787477146.718,1786,-1196,move
1787477146.7272,1793,-1189,move
1787477146.7377,1806,-1180,move
1787477146.7877,1800,-1175,click_LEFT_press
1787477146.8677,1800,-1175,click_LEFT_release
1787477147.2247,1808,-1177,move
1787477147.2362,1796,-1185,move
1787477147.2444,1791,-1191,move
1787477147.2525,1781,-1175,move
1787477147.2578,1773,-1194,move
1787477147.2673,1750,-1188,move
1787477147.2729,1751,-1193,move
1787477147.2782,1743,-1193,move
1787477147.2888,1723,-1208,move
1787477147.2991,1710,-1199,move
1787477147.3063,1711,-1209,move
1787477147.3147,1711,-1211,move
1787477147.3212,1699,-1207,move
1787477147.332,1675,-1218,move
1787477147.3406,1675,-1230,move
1787477147.3906,1667,-1228,click_LEFT_press
1787477147.4706,1667,-1228,click_LEFT_release
1787477148.1557,1665,-1235,move
1787477148.1671,1664,-1242,move
1787477148.1767,1657,-1242,move
1787477148.1886,1669,-1237,move
1787477148.1981,1659,-1246,move
1787477148.2075,1652,-1251,move
1787477148.2182,1651,-1263,move
1787477148.2281,1645,-1261,move
1787477148.2374,1653,-1255,move
1787477148.2429,1653,-1258,move
1787477148.2516,1653,-1266,move
1787477148.2566,1641,-1284,move
1787477148.2679,1654,-1286,move
1787477148.7452,1637,-1279,move
1787477148.7516,1639,-1285,move
1787477148.7622,1636,-1288,move
1787477148.7737,1615,-1287,move
1787477148.7795,1609,-1294,move
1787477148.7913,1597,-1305,move
1787477148.7983,1604,-1312,move
1787477148.8075,1586,-1308,move
1787477148.8169,1589,-1303,move
1787477148.8282,1586,-1311,move
1787477148.838,1567,-1315,move
1787477148.8437,1565,-1331,move
1787477149.21,1555,-1325,move
1787477149.2165,1561,-1338,move
1787477149.2215,1575,-1334,move
1787477149.2333,1572,-1328,move
1787477149.2453,1576,-1340,move
1787477149.2551,1588,-1353,move
1787477149.2658,1592,-1355,move
1787477149.2742,1616,-1362,move
1787477149.2841,1619,-1356,move
1787477149.2944,1631,-1361,move
1787477149.2995,1625,-1365,move
1787477149.8129,1631,-1372,move
1787477149.8235,1634,-1369,move
1787477149.8321,1627,-1372,move
1787477149.8385,1615,-1387,move
1787477149.845,1622,-1387,move
1787477149.8542,1609,-1409,move
1787477149.8616,1601,-1404,move
1787477149.8715,1611,-1424,move
1787477149.8822,1599,-1423,move
1787477149.893,1590,-1422,move
1787477149.9002,1585,-1440,move
1787477149.91,1573,-1439,move
1787477149.9151,1567,-1441,move
1787477149.9207,1575,-1459,move
1787477149.9308,1567,-1471,move
1787477149.9808,1559,-1470,click_LEFT_press
1787477150.0608,1559,-1470,click_LEFT_release
1787477150.3898,1567,-1469,move
1787477150.3963,1561,-1472,move
1787477150.4042,1563,-1480,move
1787477150.416,1581,-1493,move
1787477150.4222,1585,-1483,move
1787477150.4284,1585,-1496,move
1787477150.4361,1599,-1501,move
1787477150.4437,1606,-1505,move
1787477150.4516,1602,-1526,move
1787477150.4605,1607,-1512,move
1787477150.4663,1607,-1528,move
1787477150.5163,1621,-1534,click_LEFT_press
1787477150.5963,1621,-1534,click_LEFT_release
1787477151.0223,1623,-1537,move
1787477151.0295,1634,-1530,move
1787477151.041,1631,-1534,move
1787477151.0516,1636,-1534,move
1787477151.0591,1651,-1552,move
1787477151.0653,1648,-1549,move
1787477151.073,1654,-1560,move
1787477151.0843,1654,-1552,move
1787477151.0916,1672,-1554,move
1787477151.0969,1676,-1562,move
1787477151.1082,1677,-1572,move
1787477151.1172,1673,-1563,move
1787477151.129,1682,-1572,move
1787477151.179,1689,-1578,click_LEFT_press
1787477151.259,1689,-1578,click_LEFT_release
1787477151.8763,1693,-1585,move
1787477151.8814,1705,-1584,move
1787477151.8902,1704,-1579,move
1787477151.9018,1716,-1580,move
1787477151.9072,1712,-1592,move
1787477151.913,1730,-1581,move
1787477151.9185,1736,-1590,move
1787477151.9244,1733,-1584,move
1787477151.9335,1756,-1591,move
1787477151.9398,1761,-1587,move
1787477151.9499,1774,-1592,move
1787477151.9588,1780,-1598,move
1787477151.9647,1786,-1609,move
1787477151.9699,1790,-1603,move
1787477151.9782,1795,-1603,move
1787477152.5669,1796,-1606,move
1787477152.5731,1808,-1618,move
1787477152.5846,1792,-1630,move
1787477152.5903,1791,-1624,move
1787477152.5978,1801,-1634,move
1787477152.6059,1804,-1643,move
1787477152.6163,1794,-1646,move
1787477152.6237,1783,-1657,move
1787477152.6339,1787,-1664,move
1787477152.64,1795,-1671,move
1787477152.6474,1787,-1685,move
1787477152.6551,1782,-1693,move
1787477152.6617,1790,-1686,move
1787477152.672,1779,-1705,move
1787477153.231,1782,-1710,move
1787477153.2425,1778,-1708,move
1787477153.25,1769,-1704,move
1787477153.2591,1783,-1716,move
1787477153.2682,1771,-1713,move
1787477153.2772,1773,-1700,move
1787477153.2882,1765,-1709,move
1787477153.2959,1767,-1718,move
1787477153.3063,1772,-1705,move
1787477153.3139,1771,-1714,move
1787477153.3209,1770,-1713,move
1787477153.3287,1765,-1708,move
1787477153.3379,1755,-1701,move
1787477153.3487,1755,-1712,move
1787477153.3558,1767,-1713,move
1787477153.979,1749,-1719,move
1787477153.9883,1773,-1705,move
1787477153.9973,1778,-1703,move
1787477154.0077,1776,-1699,move
1787477154.0189,1783,-1694,move
1787477154.0283,1789,-1698,move
1787477154.037,1786,-1692,move
1787477154.0477,1798,-1690,move
1787477154.0549,1812,-1679,move
1787477154.0646,1808,-1683,move
1787477154.071,1822,-1689,move
1787477154.0781,1828,-1674,move
1787477154.0833,1829,-1680,move
1787477154.1333,1836,-1672,click_LEFT_press
1787477154.2133,1836,-1672,click_LEFT_release
1787477154.8569,1839,-1678,move
1787477154.8629,1830,-1681,move
1787477154.8742,1834,-1693,move
1787477154.88,1829,-1698,move
1787477154.8914,1822,-1694,move
1787477154.8996,1814,-1716,move
1787477154.9092,1825,-1710,move
1787477154.9166,1815,-1721,move
1787477154.9282,1806,-1733,move
1787477154.9401,1813,-1727,move
1787477154.948,1797,-1749,move
1787477154.9568,1812,-1753,move
1787477154.9676,1793,-1759,move
1787477154.9765,1794,-1752,move
1787477154.9875,1787,-1761,move
1787477155.3307,1790,-1785,move
1787477155.3419,1787,-1767,move
1787477155.3471,1801,-1763,move
1787477155.3547,1796,-1757,move
1787477155.3619,1809,-1764,move
1787477155.3681,1796,-1765,move
1787477155.3782,1799,-1758,move
1787477155.389,1804,-1748,move
1787477155.3964,1801,-1751,move
1787477155.4032,1815,-1751,move
1787477155.4101,1807,-1739,move
1787477155.4212,1821,-1748,move
1787477155.4291,1820,-1739,move
1787477156.0376,1818,-1727,move
1787477156.0428,1825,-1733,move
1787477156.0526,1817,-1738,move
1787477156.0636,1833,-1754,move
1787477156.0733,1818,-1745,move
1787477156.0815,1819,-1759,move
1787477156.0913,1823,-1761,move
1787477156.0985,1823,-1766,move
1787477156.1094,1833,-1764,move
1787477156.1167,1837,-1774,move
1787477156.1262,1832,-1767,move
1787477156.1356,1835,-1772,move
1787477156.1438,1846,-1785,move
1787477156.1505,1839,-1786,move
1787477156.2005,1845,-1782,click_LEFT_press
1787477156.2805,1845,-1782,click_LEFT_release
1787477156.6032,1836,-1778,move
1787477156.612,1850,-1781,move
1787477156.6183,1854,-1776,move
1787477156.6235,1863,-1782,move
1787477156.6333,1858,-1773,move
1787477156.6401,1871,-1769,move
1787477156.6456,1874,-1767,move
1787477156.657,1876,-1768,move
1787477156.6685,1883,-1748,move
1787477156.6781,1892,-1751,move
1787477156.6876,1903,-1755,move
1787477156.6943,1898,-1738,move
1787477156.706,1903,-1742,move
1787477157.4522,1914,-1734,move
1787477157.4606,1930,-1736,move
1787477157.4687,1932,-1723,move
1787477157.478,1945,-1733,move
1787477157.4869,1954,-1733,move
1787477157.495,1952,-1730,move
1787477157.5038,1969,-1721,move
1787477157.5142,1965,-1709,move
1787477157.526,1981,-1705,move
1787477157.5353,1999,-1696,move
1787477157.5456,1990,-1689,move
1787477157.5513,2015,-1701,move
1787477157.5563,2021,-1685,move
1787477157.5635,2028,-1685,move
1787477157.9794,2023,-1689,move
1787477157.9871,2040,-1685,move
1787477157.9961,2037,-1686,move
1787477158.0075,2045,-1681,move
1787477158.0167,2046,-1698,move
1787477158.0226,2058,-1686,move
1787477158.032,2055,-1695,move
1787477158.0372,2066,-1695,move
1787477158.0472,2055,-1701,move
1787477158.0554,2062,-1697,move
1787477158.0612,2061,-1701,move
1787477158.0675,2067,-1697,move
1787477158.0733,2068,-1698,move
1787477158.0809,2070,-1695,move
1787477158.0905,2073,-1707,move
1787477158.8571,2096,-1712,move
1787477158.8641,2070,-1705,move
1787477158.8701,2056,-1713,move
1787477158.8791,2045,-1714,move
1787477158.89,2030,-1702,move
1787477158.9012,2033,-1719,move
1787477158.9107,2005,-1709,move
1787477158.9218,2005,-1721,move
1787477158.9272,1979,-1708,move
1787477158.9384,1975,-1724,move
1787477158.9458,1971,-1724,move
1787477158.9541,1956,-1726,move
1787477159.5314,1936,-1719,move
1787477159.54,1924,-1717,move
1787477159.5464,1929,-1719,move
1787477159.5563,1923,-1719,move
1787477159.5618,1929,-1724,move
1787477159.5685,1930,-1726,move
1787477159.5779,1912,-1733,move
1787477159.5886,1924,-1719,move
1787477159.5957,1920,-1731,move
1787477159.6031,1911,-1719,move
1787477159.6135,1909,-1719,move
1787477159.6206,1911,-1724,move
1787477159.631,1903,-1736,move
1787477160.2298,1898,-1723,move
1787477160.2365,1912,-1742,move
1787477160.2467,1925,-1746,move
1787477160.2548,1933,-1765,move
1787477160.2628,1937,-1776,move
1787477160.2709,1947,-1782,move
1787477160.2778,1954,-1791,move
1787477160.2897,1965,-1799,move
1787477160.3013,1979,-1797,move
1787477160.3101,1989,-1808,move
1787477160.3204,2016,-1825,move
1787477160.3304,2027,-1834,move
1787477160.3412,2037,-1844,move
1787477160.934,2043,-1853,move
1787477160.9433,2039,-1863,move
1787477160.9547,2052,-1871,move
1787477160.9628,2067,-1876,move
1787477160.9691,2061,-1886,move
1787477160.9753,2076,-1908,move
1787477160.984,2083,-1921,move
1787477160.9893,2085,-1930,move
1787477160.9971,2084,-1940,move
1787477161.0039,2093,-1943,move
1787477161.014,2091,-1962,move
1787477161.0247,2109,-1969,move
1787477161.7714,2105,-1976,move
1787477161.781,2101,-1983,move
1787477161.7886,2121,-1977,move
1787477161.7983,2116,-1986,move
1787477161.8054,2129,-1982,move
1787477161.8153,2120,-1970,move
1787477161.826,2123,-1969,move
1787477161.8345,2129,-1958,move
1787477161.8414,2129,-1956,move
1787477161.8502,2148,-1965,move
1787477161.8578,2136,-1958,move
1787477161.8654,2150,-1945,move
1787477161.8706,2150,-1949,move
1787477161.8806,2155,-1947,move
1787477161.8923,2171,-1948,move
1787477162.3854,2162,-1933,move
1787477162.3925,2162,-1946,move
1787477162.4002,2163,-1956,move
1787477162.4109,2145,-1979,move
1787477162.4186,2145,-1974,move
1787477162.4303,2139,-1983,move
1787477162.4359,2141,-1998,move
1787477162.446,2129,-2012,move
1787477162.4546,2123,-2016,move
1787477162.4648,2127,-2033,move
1787477162.4731,2104,-2046,move
1787477163.227,2099,-2043,move
1787477163.2345,2116,-2048,move
1787477163.241,2103,-2042,move
1787477163.2487,2113,-2040,move
1787477163.2561,2121,-2030,move
1787477163.2631,2120,-2041,move
1787477163.2697,2118,-2030,move
1787477163.2758,2123,-2032,move
1787477163.2836,2124,-2021,move
1787477163.2898,2127,-2015,move
1787477163.3003,2135,-2015,move
1787477163.3088,2139,-2026,move
1787477163.3189,2129,-2017,move
1787477163.3689,2136,-2013,click_LEFT_press
1787477163.4489,2136,-2013,click_LEFT_release
1787477163.7685,2126,-2017,move
1787477163.7764,2126,-2012,move
1787477163.7826,2123,-2006,move
1787477163.7926,2120,-2000,move
1787477163.7984,2106,-2003,move
1787477163.8036,2097,-1986,move
1787477163.8119,2091,-1995,move
1787477163.8197,2083,-1982,move
1787477163.8277,2079,-1980,move
1787477163.8346,2077,-1978,move
1787477163.8453,2079,-1964,move
1787477163.8523,2068,-1956,move
1787477164.1728,2063,-1956,move
1787477164.18,2045,-1948,move
1787477164.1901,2040,-1938,move
1787477164.1976,2040,-1923,move
1787477164.2053,2030,-1924,move
1787477164.2109,2013,-1911,move
1787477164.2207,2002,-1896,move
1787477164.2281,1995,-1894,move
1787477164.2354,1993,-1866,move
1787477164.2459,1990,-1866,move
1787477164.2546,1968,-1858,move
1787477165.0343,1968,-1839,move
1787477165.0452,1965,-1860,move
1787477165.0569,1982,-1850,move
1787477165.0625,1992,-1870,move
1787477165.0724,2008,-1884,move
1787477165.0774,2010,-1883,move
1787477165.0827,2021,-1893,move
1787477165.0937,2044,-1899,move
1787477165.1015,2046,-1899,move
1787477165.1131,2051,-1915,move
1787477165.1195,2069,-1921,move
1787477165.1247,2083,-1920,move
1787477165.1354,2090,-1935,move
1787477165.5799,2088,-1953,move
1787477165.5884,2087,-1943,move
1787477165.594,2081,-1956,move
1787477165.6003,2087,-1963,move
1787477165.6057,2078,-1978,move
1787477165.6137,2081,-1991,move
1787477165.6219,2066,-1984,move
1787477165.6296,2061,-1997,move
1787477165.6385,2052,-2013,move
1787477165.6452,2051,-2002,move
1787477165.6545,2056,-2025,move
1787477165.6647,2035,-2026,move
1787477165.6766,2041,-2028,move
1787477165.6833,2036,-2050,move
1787477166.2921,2025,-2056,move
1787477166.2979,2014,-2057,move
1787477166.3064,2027,-2046,move
1787477166.312,2008,-2054,move
1787477166.321,2011,-2047,move
1787477166.3275,1996,-2050,move
1787477166.3355,1997,-2046,move
1787477166.3413,1976,-2044,move
1787477166.3483,1978,-2042,move
1787477166.3563,1969,-2046,move
1787477166.3679,1970,-2030,move
1787477166.375,1957,-2043,move
1787477166.425,1953,-2034,click_LEFT_press
1787477166.505,1953,-2034,click_LEFT_release
1787477166.8899,1955,-2041,move
1787477166.8969,1954,-2053,move
1787477166.9062,1960,-2059,move
1787477166.9132,1953,-2056,move
1787477166.9221,1966,-2072,move
1787477166.93,1950,-2089,move
1787477166.9392,1951,-2099,move
1787477166.9465,1951,-2099,move
1787477166.9557,1958,-2122,move
1787477166.9666,1973,-2131,move
1787477166.9726,1973,-2143,move
1787477166.9841,1963,-2143,move
1787477166.9895,1964,-2159,move
1787477166.9971,1975,-2173,move
1787477167.0471,1970,-2182,click_LEFT_press
1787477167.1271,1970,-2182,click_LEFT_release
1787477167.6756,1963,-2180,move
1787477167.6875,1965,-2164,move
1787477167.6971,1953,-2159,move
1787477167.7041,1941,-2149,move
1787477167.714,1932,-2144,move
1787477167.7202,1928,-2122,move
1787477167.7305,1921,-2102,move
1787477167.7398,1911,-2101,move
1787477167.7459,1897,-2086,move
1787477167.7534,1893,-2078,move
1787477167.762,1884,-2069,move
1787477168.1759,1879,-2050,move
1787477168.1867,1888,-2067,move
1787477168.1925,1876,-2055,move
1787477168.1997,1883,-2063,move
1787477168.2084,1878,-2081,move
1787477168.2183,1881,-2083,move
1787477168.228,1898,-2079,move
1787477168.2337,1901,-2091,move
1787477168.2449,1902,-2082,move
1787477168.2557,1894,-2095,move
1787477168.2636,1903,-2110,move
1787477168.3136,1900,-2106,click_LEFT_press
1787477168.3936,1900,-2106,click_LEFT_release
1787477169.0429,1905,-2107,move
1787477169.0541,1896,-2093,move
1787477169.0605,1890,-2086,move
1787477169.0679,1862,-2085,move
1787477169.0796,1869,-2080,move
1787477169.0884,1857,-2079,move
1787477169.1004,1840,-2072,move
1787477169.1063,1828,-2063,move
1787477169.116,1832,-2064,move
1787477169.1236,1822,-2059,move
1787477169.1312,1811,-2053,move
1787477169.1412,1785,-2041,move
1787477169.1516,1789,-2045,move
1787477169.161,1778,-2027,move
1787477169.1726,1766,-2028,move
1787477169.537,1752,-2011,move
1787477169.5462,1770,-2020,move
1787477169.5523,1765,-2010,move
1787477169.5594,1761,-2013,move
1787477169.5675,1763,-2009,move
1787477169.5752,1778,-2009,move
1787477169.5838,1788,-2010,move
1787477169.5891,1784,-2011,move
1787477169.599,1787,-1997,move
1787477169.6098,1781,-2006,move
1787477169.6196,1794,-2000,move
1787477169.6289,1790,-1990,move
1787477170.1415,1795,-1995,move
1787477170.149,1795,-1994,move
1787477170.1583,1782,-2009,move
1787477170.167,1763,-1995,move
1787477170.1752,1754,-2016,move
1787477170.1828,1736,-2010,move
1787477170.1946,1743,-2007,move
1787477170.2031,1714,-2015,move
1787477170.2134,1712,-2025,move
1787477170.2245,1691,-2027,move
1787477170.2745,1689,-2032,click_LEFT_press
1787477170.3545,1689,-2032,click_LEFT_release
1787477171.0399,1692,-2041,move
1787477171.0469,1687,-2049,move
1787477171.0569,1683,-2049,move
1787477171.0689,1692,-2064,move
1787477171.0771,1692,-2059,move
1787477171.0871,1680,-2080,move
1787477171.0991,1671,-2088,move
1787477171.1099,1667,-2102,move
1787477171.1207,1682,-2110,move
1787477171.126,1683,-2121,move
1787477171.1339,1673,-2116,move
1787477171.1445,1678,-2134,move
1787477171.5441,1669,-2147,move
1787477171.5511,1671,-2134,move
1787477171.5613,1666,-2141,move
1787477171.5692,1674,-2137,move
1787477171.5749,1667,-2157,move
1787477171.5844,1669,-2143,move
1787477171.594,1680,-2157,move
1787477171.6006,1664,-2160,move
1787477171.6072,1668,-2166,move
1787477171.6187,1667,-2167,move
1787477171.6262,1670,-2155,move
1787477171.6338,1684,-2166,move
1787477171.6399,1671,-2177,move
1787477171.6453,1670,-2179,move
1787477171.6953,1676,-2175,click_LEFT_press
1787477171.7753,1676,-2175,click_LEFT_release
1787477172.5818,1681,-2165,move
1787477172.5915,1686,-2184,move
1787477172.5968,1673,-2178,move
1787477172.605,1675,-2177,move
1787477172.615,1680,-2188,move
1787477172.6229,1677,-2188,move
1787477172.6287,1691,-2176,move
1787477172.6361,1683,-2187,move
1787477172.6429,1682,-2190,move
1787477172.6523,1690,-2176,move
1787477172.7023,1695,-2186,click_LEFT_press
1787477172.7823,1695,-2186,click_LEFT_release
1787477173.5127,1704,-2189,move
1787477173.5179,1690,-2183,move
1787477173.5248,1667,-2205,move
1787477173.5355,1673,-2195,move
1787477173.5452,1659,-2205,move
1787477173.5553,1644,-2214,move
1787477173.5627,1631,-2210,move
1787477173.573,1619,-2216,move
1787477173.5848,1620,-2230,move
1787477173.5933,1607,-2227,move
1787477173.6046,1603,-2229,move
1787477173.6102,1590,-2243,move
1787477173.6165,1578,-2251,move
1787477173.6241,1567,-2258,move
1787477173.6342,1564,-2256,move
1787477174.1326,1539,-2261,move
1787477174.1398,1555,-2249,move
1787477174.1502,1563,-2227,move
1787477174.1601,1562,-2233,move
1787477174.1665,1561,-2210,move
1787477174.1736,1562,-2209,move
1787477174.1799,1572,-2193,move
1787477174.1898,1582,-2186,move
1787477174.1948,1579,-2174,move
1787477174.2006,1588,-2150,move
1787477174.6574,1594,-2150,move
1787477174.668,1605,-2138,move
1787477174.6731,1608,-2126,move
1787477174.6847,1614,-2123,move
1787477174.6906,1631,-2106,move
1787477174.6992,1623,-2100,move
1787477174.7096,1633,-2106,move
1787477174.7164,1637,-2099,move
1787477174.727,1656,-2088,move
1787477174.733,1657,-2080,move
1787477174.7434,1678,-2065,move
1787477174.7492,1679,-2066,move
1787477174.7611,1686,-2065,move
1787477174.77,1684,-2047,move
1787477174.82,1700,-2045,click_LEFT_press
1787477174.9,1700,-2045,click_LEFT_release
1787477175.5548,1704,-2035,move
1787477175.562,1699,-2035,move
1787477175.5679,1702,-2038,move
1787477175.5791,1710,-2033,move
1787477175.5893,1719,-2009,move
1787477175.5994,1719,-2020,move
1787477175.6057,1730,-2013,move
1787477175.6173,1725,-2005,move
1787477175.6253,1725,-1986,move
1787477175.6312,1740,-1979,move
1787477175.6379,1741,-1987,move
1787477175.6489,1751,-1976,move
1787477175.6576,1752,-1974,move
1787477176.1503,1753,-1962,move
1787477176.1575,1751,-1961,move
1787477176.1684,1746,-1935,move
1787477176.1769,1726,-1939,move
1787477176.1842,1734,-1928,move
1787477176.1928,1716,-1905,move
1787477176.2039,1712,-1899,move
1787477176.214,1710,-1902,move
1787477176.2246,1714,-1890,move
1787477176.2349,1700,-1873,move
1787477176.2467,1702,-1867,move
1787477176.7656,1680,-1855,move
1787477176.7728,1695,-1869,move
1787477176.781,1685,-1871,move
1787477176.7896,1700,-1893,move
1787477176.7983,1693,-1912,move
1787477176.8099,1707,-1910,move
1787477176.8177,1712,-1929,move
1787477176.8252,1706,-1945,move
1787477176.8368,1717,-1956,move
1787477176.8476,1722,-1970,move
1787477176.8592,1732,-1985,move
1787477176.9092,1730,-1999,click_LEFT_press
1787477176.9892,1730,-1999,click_LEFT_release
1787477177.3607,1733,-1997,move
1787477177.3694,1726,-2016,move
1787477177.3774,1724,-2020,move
1787477177.3879,1722,-2033,move
1787477177.3976,1738,-2036,move
1787477177.404,1721,-2051,move
1787477177.4096,1720,-2064,move
1787477177.4172,1733,-2062,move
1787477177.4248,1729,-2073,move
1787477177.4303,1723,-2081,move
1787477177.4373,1731,-2088,move
1787477177.4487,1723,-2101,move
1787477177.4587,1717,-2119,move
1787477177.5087,1726,-2128,click_LEFT_press
1787477177.5887,1726,-2128,click_LEFT_release
1787477178.3446,1726,-2122,move
1787477178.3539,1709,-2106,move
1787477178.363,1711,-2106,move
1787477178.3693,1706,-2085,move
1787477178.3785,1695,-2079,move
1787477178.3878,1675,-2061,move
1787477178.3928,1671,-2060,move
1787477178.4042,1666,-2056,move
1787477178.4106,1658,-2043,move
1787477178.4193,1639,-2023,move
1787477178.4693,1633,-2012,click_LEFT_press
1787477178.5493,1633,-2012,click_LEFT_release
1787477178.9202,1633,-2006,move
1787477178.9268,1632,-2018,move
1787477178.9333,1633,-2019,move
1787477178.939,1626,-2021,move
1787477178.9501,1616,-2020,move
1787477178.9563,1620,-2009,move
1787477178.9678,1602,-2019,move
1787477178.978,1600,-2011,move
1787477178.9893,1593,-2013,move
1787477178.9969,1590,-2016,move
1787477179.0469,1594,-2025,click_LEFT_press
1787477179.1269,1594,-2025,click_LEFT_release
1787477179.7503,1592,-2023,move
1787477179.7598,1596,-2023,move
1787477179.7688,1603,-2027,move
1787477179.7788,1629,-2031,move
1787477179.7878,1624,-2022,move
1787477179.7973,1647,-2030,move
1787477179.808,1640,-2027,move
1787477179.8139,1648,-2039,move
1787477179.8246,1661,-2038,move
1787477179.8321,1665,-2039,move
1787477180.5159,1683,-2052,move
1787477180.5269,1690,-2038,move
1787477180.532,1670,-2053,move
1787477180.5424,1685,-2042,move
1787477180.5531,1682,-2036,move
1787477180.5628,1671,-2038,move
1787477180.5687,1680,-2049,move
1787477180.5755,1679,-2054,move
1787477180.5868,1667,-2047,move
1787477180.5929,1667,-2053,move
1787477180.6429,1665,-2052,click_LEFT_press
1787477180.7229,1665,-2052,click_LEFT_release
1787477181.2884,1667,-2052,move
1787477181.3002,1668,-2049,move
1787477181.3059,1659,-2031,move
1787477181.3113,1660,-2025,move
1787477181.3203,1665,-2017,move
1787477181.3287,1658,-2020,move
1787477181.334,1652,-2009,move
1787477181.3422,1660,-1996,move
1787477181.3499,1654,-2002,move
1787477181.3568,1651,-1989,move
1787477181.3635,1656,-1981,move
1787477181.3698,1660,-1987,move
1787477181.8085,1659,-1973,move
1787477181.8158,1636,-1980,move
1787477181.8245,1630,-1972,move
1787477181.836,1618,-1988,move
1787477181.8431,1607,-1994,move
1787477181.8538,1605,-1978,move
1787477181.8636,1590,-1993,move
1787477181.8742,1568,-1996,move
1787477181.8844,1557,-2001,move
1787477181.8961,1555,-2002,move
1787477181.9077,1548,-2000,move
1787477181.9155,1533,-2014,move
1787477182.2846,1512,-2006,move
1787477182.2946,1510,-2004,move
1787477182.3043,1507,-1990,move
1787477182.3128,1480,-1988,move
1787477182.3214,1486,-1988,move
1787477182.3297,1479,-1980,move
1787477182.3372,1454,-1972,move
1787477182.3459,1455,-1948,move
1787477182.3528,1445,-1946,move
1787477182.3604,1439,-1952,move
1787477182.3662,1424,-1928,move
1787477182.3772,1419,-1919,move
1787477182.3841,1407,-1912,move
1787477182.392,1385,-1918,move
1787477182.3976,1382,-1905,move
1787477182.8202,1364,-1893,move
1787477182.8283,1381,-1910,move
1787477182.8384,1363,-1904,move
1787477182.8451,1372,-1927,move
1787477182.8509,1361,-1936,move
1787477182.8561,1366,-1929,move
1787477182.8665,1353,-1938,move
1787477182.877,1358,-1949,move
1787477182.882,1363,-1947,move
1787477182.892,1342,-1956,move
1787477182.8978,1355,-1965,move
1787477182.9077,1352,-1965,move
1787477182.9164,1346,-1976,move
1787477182.9664,1342,-1986,click_LEFT_press
1787477183.0464,1342,-1986,click_LEFT_release
1787477183.5486,1345,-1984,move
1787477183.5585,1340,-1982,move
1787477183.5675,1333,-1975,move
1787477183.5787,1343,-1966,move
1787477183.5888,1336,-1957,move
1787477183.5993,1346,-1964,move
1787477183.6053,1329,-1942,move
1787477183.617,1343,-1949,move
1787477183.6223,1327,-1939,move
1787477183.6298,1332,-1934,move
1787477183.6375,1336,-1932,move
1787477183.6492,1340,-1924,move
1787477183.6596,1339,-1917,move
1787477183.6685,1324,-1910,move
1787477184.0863,1332,-1908,move
1787477184.0945,1324,-1906,move
1787477184.1061,1335,-1909,move
1787477184.1177,1334,-1894,move
1787477184.1288,1338,-1896,move
1787477184.138,1337,-1883,move
1787477184.1468,1341,-1885,move
1787477184.1568,1343,-1883,move
1787477184.1683,1336,-1884,move
1787477184.1764,1335,-1882,move
1787477184.1836,1343,-1880,move
1787477184.1953,1339,-1886,move
1787477184.2004,1346,-1881,move
1787477184.206,1336,-1876,move
1787477184.7033,1343,-1868,move
1787477184.7111,1353,-1873,move
1787477184.723,1365,-1901,move
1787477184.7337,1376,-1900,move
1787477184.7439,1390,-1909,move
1787477184.7524,1390,-1929,move
1787477184.7635,1407,-1935,move
1787477184.7747,1417,-1940,move
1787477184.7849,1439,-1958,move
1787477184.794,1445,-1962,move
1787477184.8057,1460,-1968,move
1787477184.8135,1464,-1982,move
1787477185.4159,1469,-1991,move
1787477185.4215,1484,-1985,move
1787477185.4318,1492,-1997,move
1787477185.437,1486,-2005,move
1787477185.4428,1493,-2009,move
1787477185.4492,1484,-2017,move
1787477185.4593,1485,-2023,move
1787477185.4696,1491,-2009,move
1787477185.4798,1498,-2020,move
1787477185.4899,1501,-2029,move
1787477185.5,1505,-2032,move
1787477185.55,1500,-2039,click_LEFT_press
1787477185.63,1500,-2039,click_LEFT_release
1787477186.2604,1494,-2047,move
1787477186.2673,1507,-2044,move
1787477186.2776,1515,-2037,move
1787477186.2864,1518,-2036,move
1787477186.2949,1522,-2047,move
1787477186.3061,1522,-2048,move
1787477186.3169,1519,-2057,move
1787477186.3281,1538,-2050,move
1787477186.3396,1540,-2050,move
1787477186.3451,1536,-2066,move
1787477186.3543,1546,-2066,move
1787477186.3617,1537,-2060,move
1787477186.3691,1548,-2075,move
1787477186.3778,1563,-2073,move
1787477186.3859,1554,-2080,move
1787477187.1052,1560,-2074,move
1787477187.1171,1569,-2063,move
1787477187.1259,1569,-2064,move
1787477187.1361,1560,-2048,move
1787477187.1448,1560,-2028,move
1787477187.1525,1565,-2035,move
1787477187.161,1555,-2015,move
1787477187.17,1558,-2006,move
1787477187.181,1553,-1994,move
1787477187.1927,1562,-1995,move
1787477187.2427,1557,-1985,click_LEFT_press
1787477187.3227,1557,-1985,click_LEFT_release
1787477187.7421,1553,-1983,move
1787477187.75,1559,-1975,move
1787477187.7608,1569,-1959,move
1787477187.7712,1586,-1960,move
1787477187.7805,1593,-1950,move
1787477187.7912,1596,-1945,move
1787477187.8006,1595,-1940,move
1787477187.8069,1607,-1926,move
1787477187.8153,1624,-1914,move
1787477187.825,1633,-1917,move
1787477187.8311,1631,-1893,move
1787477187.8398,1642,-1884,move
1787477187.8507,1649,-1885,move
1787477187.8583,1656,-1884,move
1787477188.2457,1672,-1873,move
1787477188.253,1671,-1872,move
1787477188.2616,1686,-1879,move
1787477188.2716,1693,-1888,move
1787477188.2801,1698,-1907,move
1787477188.2887,1692,-1916,move
1787477188.2973,1702,-1924,move
1787477188.3078,1702,-1918,move
1787477188.3153,1724,-1932,move
1787477188.3225,1728,-1938,move
1787477188.3331,1734,-1941,move
1787477188.3403,1734,-1956,move
1787477188.348,1734,-1954,move
1787477188.3559,1754,-1976,move
1787477188.3645,1746,-1969,move
1787477188.7943,1753,-1989,move
1787477188.8022,1771,-1977,move
1787477188.8137,1766,-1970,move
1787477188.8211,1768,-1950,move
1787477188.8306,1776,-1940,move
1787477188.837,1774,-1937,move
1787477188.8428,1794,-1910,move
1787477188.8527,1793,-1910,move
1787477188.8647,1792,-1885,move
1787477188.8751,1799,-1880,move
1787477188.8857,1800,-1863,move
1787477188.9357,1811,-1857,click_LEFT_press
1787477189.0157,1811,-1857,click_LEFT_release
1787477189.6785,1804,-1866,move
1787477189.6884,1801,-1839,move
1787477189.6989,1802,-1822,move
1787477189.7108,1786,-1816,move
1787477189.7166,1792,-1805,move
1787477189.7252,1769,-1787,move
1787477189.7325,1766,-1764,move
1787477189.7438,1771,-1746,move
1787477189.7538,1750,-1751,move
1787477189.7621,1756,-1728,move
1787477190.1051,1744,-1705,move
1787477190.1115,1751,-1696,move
1787477190.1231,1756,-1690,move
1787477190.1299,1762,-1698,move
1787477190.1395,1775,-1687,move
1787477190.1509,1791,-1668,move
1787477190.1613,1791,-1661,move
1787477190.1729,1804,-1656,move
1787477190.1784,1803,-1655,move
1787477190.19,1810,-1648,move
1787477190.198,1810,-1632,move
1787477190.2052,1817,-1624,move
1787477190.2116,1842,-1625,move
1787477190.2616,1840,-1616,click_LEFT_press
1787477190.3416,1840,-1616,click_LEFT_release
1787477190.8265,1833,-1618,move
1787477190.8345,1849,-1634,move
1787477190.8427,1842,-1637,move
1787477190.8535,1837,-1637,move
1787477190.861,1844,-1659,move
1787477190.8674,1847,-1674,move
1787477190.8765,1852,-1684,move
1787477190.8866,1846,-1674,move
1787477190.8921,1856,-1697,move
1787477190.8978,1860,-1709,move
1787477190.9031,1846,-1716,move
1787477190.913,1848,-1729,move
1787477190.9245,1855,-1731,move
1787477191.3098,1852,-1744,move
1787477191.3179,1838,-1761,move
1787477191.3292,1830,-1763,move
1787477191.3396,1821,-1790,move
1787477191.3476,1799,-1793,move
1787477191.3538,1793,-1810,move
1787477191.364,1782,-1827,move
1787477191.3744,1776,-1836,move
1787477191.3809,1766,-1845,move
1787477191.3896,1738,-1874,move
1787477191.4396,1732,-1883,click_LEFT_press
1787477191.5196,1732,-1883,click_LEFT_release
1787477191.9434,1726,-1882,move
1787477191.9525,1730,-1888,move
1787477191.9604,1734,-1893,move
1787477191.972,1726,-1897,move
1787477191.9803,1727,-1919,move
1787477191.9883,1728,-1928,move
1787477191.9953,1714,-1923,move
1787477192.0028,1724,-1943,move
1787477192.0095,1727,-1940,move
1787477192.0189,1727,-1952,move
1787477192.0689,1718,-1962,click_LEFT_press
1787477192.1489,1718,-1962,click_LEFT_release
1787477192.8562,1713,-1969,move
1787477192.8643,1722,-1980,move
1787477192.8703,1712,-1981,move
1787477192.8763,1706,-1995,move
1787477192.8868,1710,-2005,move
1787477192.894,1714,-2007,move
1787477192.9024,1707,-2035,move
1787477192.912,1722,-2046,move
1787477192.9197,1722,-2040,move
1787477192.9274,1718,-2066,move
1787477192.9349,1709,-2068,move
1787477192.9421,1702,-2087,move
1787477192.9486,1701,-2100,move
1787477193.6669,1716,-2103,move
1787477193.6727,1716,-2113,move
1787477193.6783,1724,-2134,move
1787477193.688,1717,-2129,move
1787477193.6999,1721,-2158,move
1787477193.7102,1715,-2158,move
1787477193.7214,1734,-2162,move
1787477193.7291,1724,-2189,move
1787477193.7396,1737,-2198,move
1787477193.7464,1726,-2207,move
1787477193.7534,1733,-2221,move
1787477193.7644,1734,-2221,move
1787477193.8144,1739,-2242,click_LEFT_press
1787477193.8944,1739,-2242,click_LEFT_release
1787477194.4885,1739,-2247,move
1787477194.4967,1748,-2254,move
1787477194.5038,1758,-2251,move
1787477194.5128,1770,-2242,move
1787477194.5246,1791,-2260,move
1787477194.5359,1808,-2257,move
1787477194.5474,1805,-2266,move
1787477194.5565,1818,-2271,move
1787477194.5634,1833,-2271,move
1787477194.5748,1850,-2276,move
1787477194.5811,1853,-2273,move
1787477194.6311,1875,-2279,click_LEFT_press
1787477194.7111,1875,-2279,click_LEFT_release
1787477195.2541,1881,-2287,move
1787477195.2614,1876,-2288,move
1787477195.2683,1872,-2276,move
1787477195.2759,1870,-2283,move
1787477195.2853,1870,-2282,move
1787477195.2921,1881,-2287,move
1787477195.2995,1879,-2274,move
1787477195.3059,1881,-2280,move
1787477195.3147,1871,-2286,move
1787477195.3223,1878,-2283,move
1787477195.329,1874,-2271,move
1787477195.3379,1871,-2277,move
1787477195.3491,1872,-2290,move
1787477195.3605,1872,-2280,move
1787477195.3688,1881,-2289,move
1787477195.4188,1878,-2283,click_LEFT_press
1787477195.4988,1878,-2283,click_LEFT_release
1787477196.1086,1884,-2288,move
1787477196.1178,1882,-2294,move
1787477196.1267,1880,-2286,move
1787477196.134,1883,-2296,move
1787477196.1415,1902,-2303,move
1787477196.153,1903,-2299,move
1787477196.1629,1902,-2320,move
1787477196.17,1904,-2311,move
1787477196.1759,1920,-2323,move
1787477196.1843,1920,-2332,move
1787477196.195,1934,-2325,move
1787477196.2018,1932,-2327,move
1787477196.2105,1941,-2347,move
1787477196.2179,1940,-2355,move
1787477196.2679,1948,-2351,click_LEFT_press
1787477196.3479,1948,-2351,click_LEFT_release
1787477197.1235,1949,-2360,move
1787477197.1332,1950,-2340,move
1787477197.1385,1949,-2354,move
1787477197.1446,1954,-2345,move
1787477197.1537,1946,-2352,move
1787477197.1655,1956,-2342,move
1787477197.1706,1940,-2353,move
1787477197.1803,1948,-2346,move
1787477197.1869,1960,-2340,move
1787477197.1941,1957,-2336,move
1787477197.1995,1954,-2339,move
1787477197.2079,1951,-2337,move
1787477197.2129,1948,-2332,move
1787477197.2208,1943,-2334,move
1787477197.6668,1953,-2337,move
1787477197.6733,1963,-2334,move
1787477197.6786,1977,-2324,move
1787477197.689,1977,-2335,move
1787477197.6977,1980,-2333,move
1787477197.7061,1990,-2324,move
1787477197.718,2004,-2317,move
1787477197.7273,2013,-2312,move
1787477197.7334,2018,-2315,move
1787477197.7428,2032,-2308,move
1787477197.7545,2043,-2298,move
1787477197.7615,2056,-2305,move
1787477197.8115,2063,-2298,click_LEFT_press
1787477197.8915,2063,-2298,click_LEFT_release
1787477198.5101,2071,-2300,move
1787477198.5153,2067,-2301,move
1787477198.5243,2084,-2304,move
1787477198.5323,2095,-2287,move
1787477198.5432,2100,-2298,move
1787477198.5508,2108,-2293,move
1787477198.5597,2116,-2296,move
1787477198.5673,2129,-2294,move
1787477198.5775,2131,-2303,move
1787477198.5839,2137,-2286,move
1787477198.5959,2143,-2293,move
1787477198.607,2154,-2302,move
1787477198.616,2170,-2304,move
1787477198.6273,2171,-2286,move
1787477198.6773,2189,-2295,click_LEFT_press
1787477198.7573,2189,-2295,click_LEFT_release
1787477199.3599,2183,-2287,move
1787477199.3687,2200,-2281,move
1787477199.3802,2202,-2264,move
1787477199.3857,2190,-2258,move
1787477199.3925,2200,-2247,move
1787477199.4,2204,-2242,move
1787477199.4113,2214,-2221,move
1787477199.4225,2206,-2209,move
1787477199.4292,2217,-2207,move
1787477199.436,2219,-2185,move
1787477199.4432,2216,-2188,move
1787477199.8148,2226,-2170,move
1787477199.8203,2237,-2171,move
1787477199.829,2240,-2182,move
1787477199.8401,2253,-2169,move
1787477199.8456,2252,-2168,move
1787477199.8567,2263,-2189,move
1787477199.8651,2256,-2186,move
1787477199.8759,2257,-2179,move
1787477199.8836,2263,-2194,move
1787477199.8929,2276,-2181,move
1787477199.9022,2275,-2184,move
1787477199.9117,2285,-2183,move
1787477199.9225,2292,-2203,move
1787477199.9324,2305,-2205,move
1787477199.9397,2298,-2197,move
1787477200.6522,2305,-2197,move
1787477200.6625,2304,-2201,move
1787477200.6743,2290,-2196,move
1787477200.6823,2284,-2211,move
1787477200.6917,2275,-2195,move
1787477200.703,2261,-2199,move
1787477200.7125,2252,-2212,move
1787477200.7203,2223,-2199,move
1787477200.7293,2232,-2206,move
1787477200.7366,2211,-2202,move
1787477200.7459,2192,-2215,move
1787477201.4313,2188,-2200,move
1787477201.442,2179,-2211,move
1787477201.4531,2172,-2218,move
1787477201.465,2169,-2222,move
1787477201.4738,2145,-2216,move
1787477201.4833,2133,-2224,move
1787477201.4936,2124,-2225,move
1787477201.5014,2114,-2230,move
1787477201.5105,2110,-2227,move
1787477201.5218,2098,-2219,move
1787477201.5321,2105,-2224,move
1787477201.9316,2089,-2236,move
1787477201.9433,2086,-2237,move
1787477201.9549,2100,-2241,move
1787477201.9637,2115,-2257,move
1787477201.9719,2121,-2270,move
1787477201.9814,2139,-2279,move
1787477201.9896,2144,-2285,move
1787477202.0008,2149,-2285,move
1787477202.0062,2164,-2298,move
1787477202.0164,2180,-2302,move
1787477202.0251,2186,-2317,move
1787477202.6981,2193,-2322,move
1787477202.7062,2206,-2331,move
1787477202.7161,2206,-2344,move
1787477202.7278,2214,-2343,move
1787477202.7333,2231,-2367,move
1787477202.7428,2235,-2369,move
1787477202.7489,2240,-2375,move
1787477202.754,2260,-2379,move
1787477202.7615,2253,-2396,move
1787477202.7671,2260,-2390,move
1787477202.7724,2286,-2409,move
1787477202.7795,2277,-2422,move
1787477203.5689,2292,-2415,move
1787477203.5767,2278,-2410,move
1787477203.5836,2269,-2405,move
1787477203.5928,2271,-2407,move
1787477203.5981,2249,-2404,move
1787477203.608,2245,-2390,move
1787477203.6135,2232,-2383,move
1787477203.6232,2214,-2394,move
1787477203.6291,2207,-2378,move
1787477203.6388,2203,-2370,move
1787477203.6475,2193,-2362,move
1787477203.6557,2182,-2356,move
1787477204.4238,2167,-2367,move
1787477204.4356,2163,-2352,move
1787477204.4423,2157,-2341,move
1787477204.4528,2166,-2333,move
1787477204.4602,2164,-2337,move
1787477204.4718,2162,-2330,move
1787477204.4799,2154,-2327,move
1787477204.4855,2154,-2320,move
1787477204.4916,2155,-2314,move
1787477204.4991,2162,-2306,move
1787477204.5079,2153,-2301,move
1787477204.5133,2153,-2300,move
1787477204.5633,2152,-2291,click_LEFT_press
1787477204.6433,2152,-2291,click_LEFT_release
1787477204.9659,2158,-2291,move
1787477204.9767,2156,-2280,move
1787477204.9839,2157,-2258,move
1787477204.9893,2168,-2257,move
1787477204.9966,2179,-2242,move
1787477205.0033,2191,-2232,move
1787477205.0135,2200,-2216,move
1787477205.0233,2194,-2201,move
1787477205.03,2207,-2191,move
1787477205.0355,2226,-2195,move
1787477205.045,2221,-2166,move
1787477205.0542,2232,-2166,move
1787477205.0636,2239,-2145,move
1787477205.1136,2246,-2141,click_LEFT_press
1787477205.1936,2246,-2141,click_LEFT_release
1787477205.7838,2240,-2148,move
1787477205.7916,2241,-2162,move
1787477205.7968,2236,-2166,move
1787477205.8034,2222,-2188,move
1787477205.8088,2220,-2193,move
1787477205.8148,2209,-2213,move
1787477205.8243,2195,-2219,move
1787477205.834,2189,-2249,move
1787477205.8451,2180,-2248,move
1787477205.8522,2183,-2265,move
1787477206.6111,2183,-2286,move
1787477206.6173,2165,-2301,move
1787477206.6265,2152,-2319,move
1787477206.6359,2132,-2318,move
1787477206.6454,2131,-2337,move
1787477206.6536,2109,-2343,move
1787477206.663,2105,-2354,move
1787477206.6729,2084,-2378,move
1787477206.6847,2076,-2388,move
1787477206.6951,2072,-2396,move
1787477206.7048,2064,-2413,move
1787477206.7548,2045,-2426,click_LEFT_press
1787477206.8348,2045,-2426,click_LEFT_release
1787477207.6093,2044,-2428,move
1787477207.6159,2055,-2423,move
1787477207.6257,2051,-2398,move
1787477207.6334,2041,-2394,move
1787477207.6431,2059,-2390,move
1787477207.6534,2058,-2383,move
1787477207.6585,2053,-2356,move
1787477207.6675,2053,-2348,move
1787477207.6781,2064,-2342,move
1787477207.6843,2052,-2329,move
1787477207.7343,2060,-2324,click_LEFT_press
1787477207.8143,2060,-2324,click_LEFT_release
1787477208.3343,2057,-2325,move
1787477208.343,2058,-2323,move
1787477208.352,2068,-2307,move
1787477208.3632,2067,-2310,move
1787477208.3748,2064,-2314,move
1787477208.3867,2073,-2304,move
1787477208.3934,2074,-2296,move
1787477208.399,2084,-2292,move
1787477208.4042,2082,-2284,move
1787477208.4137,2091,-2276,move
1787477208.4204,2097,-2268,move
1787477208.4262,2108,-2279,move
1787477208.4762,2103,-2266,click_LEFT_press
1787477208.5562,2103,-2266,click_LEFT_release
1787477209.1607,2097,-2261,move
1787477209.1694,2110,-2252,move
1787477209.1798,2118,-2251,move
1787477209.1905,2126,-2248,move
1787477209.2008,2137,-2244,move
1787477209.2085,2149,-2235,move
1787477209.2201,2148,-2235,move
1787477209.2253,2158,-2239,move
1787477209.234,2161,-2219,move
1787477209.2403,2183,-2218,move
1787477209.2483,2184,-2211,move
1787477209.2543,2196,-2211,move
1787477209.2656,2202,-2204,move
1787477209.3156,2210,-2200,click_LEFT_press
1787477209.3956,2210,-2200,click_LEFT_release
1787477210.1172,2211,-2200,move
1787477210.1286,2205,-2200,move
1787477210.1337,2204,-2200,move
1787477210.1443,2215,-2211,move
1787477210.1499,2201,-2210,move
1787477210.1583,2206,-2218,move
1787477210.167,2213,-2217,move
1787477210.1774,2212,-2226,move
1787477210.1845,2211,-2231,move
1787477210.1954,2216,-2234,move
1787477210.2045,2205,-2228,move
1787477210.2158,2198,-2223,move
1787477210.2251,2214,-2232,move
1787477210.2347,2198,-2230,move
1787477210.2431,2198,-2246,move
1787477210.6882,2198,-2237,move
1787477210.6965,2205,-2236,move
1787477210.7035,2227,-2229,move
1787477210.7153,2214,-2244,move
1787477210.7204,2232,-2241,move
1787477210.7319,2231,-2234,move
1787477210.737,2234,-2224,move
1787477210.7488,2259,-2231,move
1787477210.7574,2252,-2228,move
1787477210.7626,2273,-2226,move
1787477210.8126,2270,-2220,click_LEFT_press
1787477210.8926,2270,-2220,click_LEFT_release
1787477211.2903,2274,-2227,move
1787477211.2988,2270,-2241,move
1787477211.3074,2269,-2251,move
1787477211.3125,2290,-2263,move
1787477211.3218,2295,-2279,move
1787477211.3284,2291,-2281,move
1787477211.3375,2288,-2290,move
1787477211.3441,2303,-2309,move
1787477211.3497,2300,-2324,move
1787477211.3557,2303,-2343,move
1787477211.3663,2309,-2361,move
1787477211.7812,2329,-2366,move
1787477211.7908,2318,-2354,move
1787477211.8,2340,-2345,move
1787477211.8096,2329,-2337,move
1787477211.8206,2352,-2341,move
1787477211.8299,2356,-2319,move
1787477211.8403,2346,-2314,move
1787477211.8495,2351,-2315,move
1787477211.8608,2373,-2291,move
1787477211.8675,2378,-2301,move
1787477211.8783,2373,-2286,move
1787477212.5128,2371,-2281,move
1787477212.5229,2374,-2284,move
1787477212.532,2392,-2274,move
1787477212.5405,2377,-2286,move
1787477212.547,2393,-2291,move
1787477212.5548,2385,-2292,move
1787477212.5606,2391,-2296,move
1787477212.5708,2400,-2298,move
1787477212.5766,2397,-2291,move
1787477212.5818,2399,-2296,move
1787477212.6318,2401,-2298,click_LEFT_press
1787477212.7118,2401,-2298,click_LEFT_release
1787477213.3215,2406,-2301,move
1787477213.3331,2391,-2294,move
1787477213.3382,2393,-2306,move
1787477213.3485,2392,-2306,move
1787477213.3572,2392,-2313,move
1787477213.3669,2394,-2317,move
1787477213.3724,2387,-2330,move
1787477213.3822,2378,-2328,move
1787477213.3911,2387,-2344,move
1787477213.3977,2388,-2341,move
1787477213.4084,2371,-2345,move
1787477213.4151,2368,-2355,move
1787477213.423,2380,-2359,move
1787477213.4289,2367,-2380,move
1787477213.4375,2374,-2381,move
1787477214.0021,2369,-2386,move
1787477214.009,2369,-2380,move
1787477214.0193,2360,-2386,move
1787477214.0267,2352,-2374,move
1787477214.0383,2355,-2379,move
1787477214.0467,2360,-2386,move
1787477214.0538,2346,-2377,move
1787477214.0602,2349,-2375,move
1787477214.0689,2346,-2382,move
1787477214.0802,2347,-2380,move
1787477214.0877,2340,-2372,move
1787477214.0956,2357,-2372,move
1787477214.1069,2353,-2374,move
1787477214.1119,2346,-2382,move
1787477214.7284,2337,-2382,move
1787477214.7337,2345,-2374,move
1787477214.7388,2332,-2373,move
1787477214.7446,2329,-2380,move
1787477214.7526,2309,-2367,move
1787477214.7634,2296,-2373,move
1787477214.769,2297,-2361,move
1787477214.7802,2296,-2374,move
1787477214.7852,2277,-2363,move
1787477214.7943,2268,-2376,move
1787477214.8051,2267,-2365,move
1787477214.8135,2252,-2366,move
1787477214.8217,2246,-2355,move
1787477214.8293,2239,-2359,move
1787477214.8365,2236,-2352,move
1787477215.1902,2223,-2367,move
1787477215.2018,2232,-2348,move
1787477215.2096,2233,-2355,move
1787477215.2151,2229,-2351,move
1787477215.2215,2219,-2345,move
1787477215.2314,2211,-2352,move
1787477215.2367,2213,-2345,move
1787477215.242,2214,-2339,move
1787477215.2528,2221,-2343,move
1787477215.2611,2204,-2331,move
1787477215.3111,2207,-2332,click_LEFT_press
1787477215.3911,2207,-2332,click_LEFT_release
1787477216.0434,2204,-2327,move
1787477216.0501,2211,-2337,move
1787477216.0552,2199,-2330,move
1787477216.0607,2199,-2339,move
1787477216.0678,2200,-2333,move
1787477216.0731,2216,-2332,move
1787477216.0833,2204,-2338,move
1787477216.0899,2213,-2330,move
1787477216.0959,2214,-2327,move
1787477216.107,2202,-2334,move
1787477216.1141,2216,-2342,move
1787477216.1225,2204,-2335,move
1787477216.1313,2217,-2340,move
1787477216.1425,2212,-2346,move
1787477216.1504,2220,-2327,move
1787477216.5147,2213,-2339,move
1787477216.5233,2202,-2351,move
1787477216.5328,2212,-2354,move
1787477216.5401,2207,-2369,move
1787477216.5474,2205,-2379,move
1787477216.5538,2197,-2398,move
1787477216.5597,2196,-2406,move
1787477216.5716,2184,-2415,move
1787477216.5781,2184,-2437,move
1787477216.5879,2189,-2443,move
1787477217.3564,2191,-2445,move
1787477217.3657,2176,-2456,move
1787477217.3751,2173,-2462,move
1787477217.3851,2176,-2469,move
1787477217.3958,2176,-2469,move
1787477217.4032,2155,-2466,move
1787477217.4118,2164,-2472,move
1787477217.4174,2166,-2475,move
1787477217.423,2153,-2473,move
1787477217.4342,2148,-2481,move
1787477217.4407,2142,-2478,move
1787477217.4505,2149,-2491,move
1787477217.462,2137,-2488,move
1787477217.4733,2135,-2492,move
1787477217.4793,2143,-2490,move
1787477218.151,2126,-2499,move
1787477218.1587,2131,-2501,move
1787477218.1642,2102,-2524,move
1787477218.1719,2097,-2525,move
1787477218.1829,2098,-2524,move
1787477218.1926,2084,-2538,move
1787477218.204,2063,-2545,move
1787477218.2147,2054,-2541,move
1787477218.2231,2052,-2556,move
1787477218.2322,2034,-2560,move
1787477218.2405,2029,-2569,move
1787477218.2462,2022,-2574,move
1787477218.2535,2014,-2589,move
1787477218.2641,1986,-2589,move
1787477218.3141,1985,-2595,click_LEFT_press
1787477218.3941,1985,-2595,click_LEFT_release
1787477218.9504,1980,-2602,move
1787477218.9594,1984,-2596,move
1787477218.9682,1974,-2594,move
1787477218.9748,1975,-2596,move
1787477218.9833,1977,-2585,move
1787477218.9908,1966,-2587,move
1787477219.0025,1967,-2583,move
1787477219.0134,1948,-2567,move
1787477219.023,1960,-2569,move
1787477219.0306,1959,-2563,move
1787477219.0404,1957,-2567,move
1787477219.0474,1936,-2561,move
1787477219.0556,1931,-2551,move
1787477219.1056,1936,-2558,click_LEFT_press
1787477219.1856,1936,-2558,click_LEFT_release
1787477219.6855,1940,-2565,move
1787477219.6937,1918,-2563,move
1787477219.7049,1916,-2560,move
1787477219.7118,1898,-2554,move
1787477219.7224,1898,-2554,move
1787477219.729,1898,-2559,move
1787477219.7368,1871,-2564,move
1787477219.7469,1874,-2559,move
1787477219.7585,1850,-2559,move
1787477219.7694,1843,-2548,move
1787477219.7749,1835,-2562,move
1787477219.7827,1836,-2554,move
1787477219.7895,1827,-2556,move
1787477220.2288,1820,-2550,move
1787477220.2386,1814,-2543,move
1787477220.2506,1802,-2541,move
1787477220.2621,1798,-2547,move
1787477220.2696,1804,-2540,move
1787477220.2763,1795,-2545,move
1787477220.2859,1801,-2540,move
1787477220.2915,1790,-2531,move
1787477220.2988,1785,-2532,move
1787477220.3073,1779,-2523,move
1787477220.3139,1785,-2512,move
1787477220.3194,1786,-2510,move
1787477220.3273,1782,-2512,move
1787477220.3374,1782,-2515,move
1787477220.349,1776,-2499,move
1787477220.399,1768,-2503,click_LEFT_press
1787477220.479,1768,-2503,click_LEFT_release
1787477221.112,1768,-2497,move
1787477221.1206,1759,-2513,move
1787477221.1298,1765,-2512,move
1787477221.1393,1761,-2520,move
1787477221.1475,1760,-2543,move
1787477221.1529,1775,-2547,move
1787477221.1647,1778,-2553,move
1787477221.1737,1762,-2554,move
1787477221.1802,1764,-2556,move
1787477221.1912,1783,-2569,move
1787477221.1993,1771,-2575,move
1787477221.2104,1781,-2588,move
1787477221.2184,1783,-2599,move
1787477221.2263,1767,-2608,move
1787477221.2355,1785,-2612,move
1787477221.2855,1777,-2620,click_LEFT_press
1787477221.3655,1777,-2620,click_LEFT_release
1787477222.0656,1775,-2625,move
1787477222.0749,1787,-2623,move
1787477222.0837,1788,-2629,move
1787477222.0939,1782,-2642,move
1787477222.0995,1777,-2660,move
1787477222.1089,1792,-2665,move
1787477222.1148,1778,-2667,move
1787477222.1213,1789,-2681,move
1787477222.1327,1779,-2685,move
1787477222.1394,1796,-2684,move
1787477222.1512,1782,-2708,move
1787477222.2012,1790,-2708,click_LEFT_press
1787477222.2812,1790,-2708,click_LEFT_release
1787477222.8404,1780,-2707,move
1787477222.85,1798,-2697,move
1787477222.8574,1787,-2711,move
1787477222.8651,1786,-2703,move
1787477222.8704,1785,-2690,move
1787477222.8791,1785,-2685,move
1787477222.8878,1781,-2684,move
1787477222.8958,1782,-2696,move
1787477222.9016,1785,-2691,move
1787477222.907,1778,-2679,move
1787477222.9144,1784,-2674,move
1787477222.9251,1778,-2678,move
1787477223.6523,1782,-2682,move
1787477223.6616,1790,-2662,move
1787477223.6682,1784,-2671,move
1787477223.6743,1804,-2648,move
1787477223.6804,1798,-2658,move
1787477223.6883,1806,-2653,move
1787477223.6954,1823,-2643,move
1787477223.7029,1827,-2634,move
1787477223.7107,1835,-2633,move
1787477223.7163,1836,-2628,move
1787477223.7224,1840,-2608,move
1787477223.7286,1853,-2610,move
1787477223.7385,1861,-2596,move
1787477223.7473,1858,-2600,move
1787477224.1882,1876,-2592,move
1787477224.1936,1851,-2599,move
1787477224.2007,1847,-2621,move
1787477224.2123,1844,-2620,move
1787477224.2239,1827,-2652,move
1787477224.2357,1819,-2665,move
1787477224.2444,1800,-2675,move
1787477224.2497,1794,-2681,move
1787477224.2599,1781,-2694,move
1787477224.2712,1774,-2699,move
1787477224.2769,1768,-2715,move
1787477224.2858,1749,-2719,move
1787477224.614,1747,-2750,move
1787477224.6199,1733,-2742,move
1787477224.6271,1758,-2720,move
1787477224.6375,1748,-2726,move
1787477224.6475,1760,-2718,move
1787477224.6577,1762,-2714,move
1787477224.6633,1778,-2703,move
1787477224.6736,1781,-2696,move
1787477224.6792,1781,-2706,move
1787477224.6882,1783,-2700,move
1787477224.6975,1784,-2676,move
1787477224.7027,1808,-2673,move
1787477224.7527,1806,-2675,click_LEFT_press
1787477224.8327,1806,-2675,click_LEFT_release
1787477225.2686,1809,-2679,move
1787477225.2742,1814,-2683,move
1787477225.2809,1811,-2689,move
1787477225.2899,1824,-2680,move
1787477225.296,1808,-2686,move
1787477225.3074,1822,-2691,move
1787477225.3193,1823,-2685,move
1787477225.3272,1830,-2691,move
1787477225.334,1835,-2691,move
1787477225.3405,1841,-2701,move
1787477225.3505,1827,-2701,move
1787477225.3583,1830,-2704,move
1787477226.0523,1833,-2712,move
1787477226.0594,1854,-2710,move
1787477226.0684,1851,-2716,move
1787477226.0762,1863,-2714,move
1787477226.0855,1870,-2725,move
1787477226.0925,1891,-2733,move
1787477226.1006,1889,-2726,move
1787477226.1088,1899,-2726,move
1787477226.1204,1914,-2735,move
1787477226.1291,1916,-2745,move
1787477226.1408,1927,-2742,move
1787477226.1516,1943,-2734,move
1787477226.6521,1946,-2736,move
1787477226.6621,1935,-2735,move
1787477226.6719,1920,-2726,move
1787477226.6813,1904,-2719,move
1787477226.6882,1907,-2712,move
1787477226.6942,1889,-2715,move
1787477226.7055,1878,-2707,move
1787477226.7125,1883,-2693,move
1787477226.7195,1860,-2688,move
1787477226.7277,1852,-2691,move
1787477226.7347,1845,-2672,move
1787477226.7448,1833,-2669,move
1787477226.751,1835,-2670,move
1787477227.1461,1811,-2666,move
1787477227.1525,1807,-2651,move
1787477227.159,1817,-2646,move
1787477227.1663,1812,-2645,move
1787477227.1743,1809,-2642,move
1787477227.1845,1802,-2645,move
1787477227.1953,1799,-2641,move
1787477227.2027,1794,-2634,move
1787477227.2131,1779,-2625,move
1787477227.2249,1787,-2622,move
1787477227.2308,1781,-2619,move
1787477227.2402,1777,-2617,move
1787477227.2492,1767,-2625,move
1787477227.2604,1774,-2622,move
1787477227.2673,1754,-2617,move
1787477227.8509,1758,-2621,move
1787477227.8581,1764,-2593,move
1787477227.8694,1766,-2600,move
1787477227.8793,1770,-2587,move
1787477227.8861,1770,-2562,move
1787477227.8957,1782,-2552,move
1787477227.9014,1780,-2558,move
1787477227.9079,1790,-2537,move
1787477227.9138,1782,-2528,move
1787477227.9191,1802,-2523,move
1787477227.928,1809,-2500,move
1787477227.9389,1798,-2492,move
1787477227.9455,1800,-2485,move
1787477227.9545,1821,-2478,move
1787477228.5169,1811,-2464,move
1787477228.5245,1823,-2459,move
1787477228.5306,1819,-2458,move
1787477228.5413,1834,-2452,move
1787477228.5513,1838,-2451,move
1787477228.5588,1848,-2439,move
1787477228.5651,1837,-2438,move
1787477228.5717,1856,-2443,move
1787477228.5781,1863,-2435,move
1787477228.5891,1858,-2431,move
1787477228.5991,1858,-2416,move
1787477228.6065,1873,-2427,move
1787477228.6115,1880,-2410,move
1787477228.6193,1885,-2421,move
1787477228.6301,1896,-2403,move
1787477229.0257,1894,-2409,move
1787477229.0361,1898,-2398,move
1787477229.0452,1912,-2378,move
1787477229.0534,1921,-2364,move
1787477229.0612,1920,-2365,move
1787477229.0693,1931,-2351,move
1787477229.0745,1941,-2338,move
1787477229.0822,1943,-2317,move
1787477229.094,1960,-2303,move
1787477229.1025,1958,-2309,move
1787477229.4358,1978,-2294,move
1787477229.4469,1969,-2294,move
1787477229.4561,1981,-2273,move
1787477229.4664,1972,-2288,move
1787477229.476,1981,-2274,move
1787477229.4858,1973,-2269,move
1787477229.4945,1974,-2269,move
1787477229.5047,1976,-2268,move
1787477229.5147,1964,-2269,move
1787477229.5209,1972,-2261,move
1787477230.0811,1976,-2264,move
1787477230.087,1975,-2247,move
1787477230.0921,1972,-2258,move
1787477230.099,1972,-2244,move
1787477230.1086,1977,-2244,move
1787477230.1202,1993,-2241,move
1787477230.1282,1996,-2242,move
1787477230.1401,1987,-2233,move
1787477230.1519,1992,-2230,move
1787477230.1614,2002,-2211,move
1787477230.1694,1991,-2218,move
1787477230.177,2003,-2205,move
1787477230.1845,1998,-2197,move
1787477230.192,2000,-2201,move
1787477230.2035,2001,-2194,move
1787477231.0035,2007,-2189,move
1787477231.0094,1997,-2199,move
1787477231.0208,1991,-2202,move
1787477231.0307,1994,-2227,move
1787477231.041,1985,-2230,move
1787477231.0491,1984,-2236,move
1787477231.0577,1967,-2259,move
1787477231.0678,1966,-2268,move
1787477231.0754,1962,-2274,move
1787477231.0829,1952,-2279,move
1787477231.0886,1952,-2284,move
1787477231.1003,1936,-2312,move
1787477231.1062,1934,-2321,move
1787477231.1158,1939,-2326,move
1787477231.8034,1922,-2332,move
1787477231.8123,1936,-2324,move
1787477231.8191,1929,-2329,move
1787477231.8304,1931,-2325,move
1787477231.8372,1951,-2317,move
1787477231.8466,1949,-2317,move
1787477231.8579,1946,-2315,move
1787477231.8657,1954,-2304,move
1787477231.8768,1956,-2303,move
1787477231.8875,1971,-2305,move
1787477231.895,1977,-2294,move
1787477231.903,1977,-2296,move
1787477231.9081,1971,-2297,move
1787477232.2635,1979,-2283,move
1787477232.2731,1976,-2280,move
1787477232.2827,1995,-2296,move
1787477232.2934,1997,-2288,move
1787477232.2985,2004,-2295,move
1787477232.3093,2006,-2287,move
1787477232.3198,2006,-2302,move
1787477232.3256,2011,-2288,move
1787477232.3324,2029,-2294,move
1787477232.3431,2025,-2294,move
1787477232.3497,2040,-2301,move
1787477232.3592,2027,-2304,move
1787477232.3671,2031,-2304,move
1787477232.9568,2041,-2309,move
1787477232.9684,2045,-2311,move
1787477232.9787,2031,-2312,move
1787477232.9854,2022,-2313,move
1787477232.9965,2005,-2303,move
1787477233.0067,1991,-2297,move
1787477233.018,1987,-2308,move
1787477233.0286,1988,-2314,move
1787477233.0382,1966,-2304,move
1787477233.0498,1956,-2298,move
1787477233.0581,1959,-2312,move
1787477233.0643,1939,-2304,move
1787477233.072,1930,-2315,move
1787477233.122,1922,-2307,click_LEFT_press
1787477233.202,1922,-2307,click_LEFT_release
1787477233.9157,1930,-2298,move
1787477233.926,1921,-2291,move
1787477233.9339,1929,-2286,move
1787477233.9395,1950,-2293,move
1787477233.9506,1947,-2281,move
1787477233.96,1954,-2266,move
1787477233.9705,1963,-2262,move
1787477233.9794,1975,-2265,move
1787477233.9883,1968,-2251,move
1787477233.9973,1992,-2254,move
1787477234.0029,1995,-2239,move
1787477234.0109,2006,-2234,move
1787477234.0173,2013,-2232,move
1787477234.6844,2015,-2214,move
1787477234.6964,2006,-2209,move
1787477234.7033,2002,-2209,move
1787477234.71,1986,-2201,move
1787477234.7161,1999,-2201,move
1787477234.7226,1983,-2209,move
1787477234.7334,1973,-2198,move
1787477234.7423,1977,-2204,move
1787477234.7504,1973,-2192,move
1787477234.7554,1972,-2186,move
1787477234.7662,1966,-2181,move
1787477234.8162,1955,-2183,click_LEFT_press
1787477234.8962,1955,-2183,click_LEFT_release
1787477235.6811,1945,-2190,move
1787477235.6879,1969,-2171,move
1787477235.693,1981,-2165,move
1787477235.7048,1993,-2165,move
1787477235.714,1998,-2162,move
1787477235.723,2021,-2149,move
1787477235.7291,2029,-2149,move
1787477235.7398,2047,-2123,move
1787477235.7489,2063,-2123,move
1787477235.7556,2069,-2109,move
1787477235.7618,2083,-2112,move
1787477235.7726,2087,-2098,move
1787477235.8226,2104,-2097,click_LEFT_press
1787477235.9026,2104,-2097,click_LEFT_release
1787477236.6197,2113,-2105,move
1787477236.6281,2097,-2100,move
1787477236.6338,2106,-2106,move
1787477236.6435,2122,-2099,move
1787477236.6503,2123,-2106,move
1787477236.6618,2116,-2111,move
1787477236.6721,2114,-2105,move
1787477236.6813,2118,-2118,move
1787477236.6868,2125,-2115,move
1787477236.6976,2134,-2111,move
1787477236.703,2136,-2124,move
1787477237.2172,2143,-2109,move
1787477237.2285,2138,-2122,move
1787477237.2345,2129,-2136,move
1787477237.2464,2130,-2147,move
1787477237.2532,2122,-2147,move
1787477237.2628,2124,-2160,move
1787477237.2735,2106,-2163,move
1787477237.2789,2120,-2183,move
1787477237.2865,2113,-2177,move
1787477237.2941,2100,-2191,move
1787477237.3007,2101,-2209,move
1787477237.3127,2097,-2220,move
1787477237.8251,2097,-2209,move
1787477237.8322,2099,-2219,move
1787477237.8406,2098,-2204,move
1787477237.8492,2104,-2215,move
1787477237.8545,2104,-2203,move
1787477237.8635,2097,-2208,move
1787477237.8749,2094,-2198,move
1787477237.8813,2090,-2182,move
1787477237.8878,2105,-2188,move
1787477237.8949,2103,-2172,move
1787477237.904,2109,-2175,move
1787477237.9124,2100,-2174,move
1787477237.9188,2097,-2166,move
1787477237.9278,2104,-2162,move
1787477237.9347,2105,-2167,move
1787477238.4665,2098,-2153,move
1787477238.4779,2109,-2161,move
1787477238.4866,2130,-2159,move
1787477238.4928,2143,-2143,move
1787477238.501,2135,-2156,move
1787477238.5072,2150,-2150,move
1787477238.5184,2154,-2148,move
1787477238.5303,2168,-2135,move
1787477238.5386,2174,-2143,move
1787477238.5475,2181,-2141,move
1787477238.556,2196,-2136,move
1787477238.5648,2207,-2121,move
1787477238.5765,2219,-2117,move
1787477239.017,2237,-2126,move
1787477239.0247,2219,-2119,move
1787477239.0337,2206,-2101,move
1787477239.0426,2206,-2100,move
1787477239.054,2192,-2100,move
1787477239.0618,2192,-2092,move
1787477239.0718,2177,-2070,move
1787477239.0784,2166,-2072,move
1787477239.0881,2169,-2056,move
1787477239.0988,2152,-2041,move
1787477239.108,2159,-2033,move
1787477239.158,2146,-2034,click_LEFT_press
1787477239.238,2146,-2034,click_LEFT_release
1787477239.7674,2146,-2028,move
1787477239.7747,2138,-2033,move
1787477239.7799,2145,-2058,move
1787477239.7876,2142,-2053,move
1787477239.7994,2137,-2079,move
1787477239.81,2137,-2080,move
1787477239.8155,2136,-2095,move
1787477239.8253,2133,-2094,move
1787477239.8323,2138,-2119,move
1787477239.8405,2147,-2117,move
1787477239.8523,2142,-2131,move
1787477239.8624,2132,-2134,move
1787477239.8717,2139,-2153,move
1787477240.251,2133,-2161,move
1787477240.2566,2133,-2164,move
1787477240.2681,2116,-2178,move
1787477240.2766,2116,-2202,move
1787477240.2831,2100,-2207,move
1787477240.2884,2104,-2233,move
1787477240.2963,2095,-2238,move
1787477240.3071,2082,-2241,move
1787477240.3135,2077,-2255,move
1787477240.3252,2065,-2284,move
1787477241.0147,2062,-2288,move
1787477241.0198,2066,-2283,move
1787477241.0289,2068,-2276,move
1787477241.0358,2080,-2271,move
1787477241.0429,2088,-2285,move
1787477241.0536,2090,-2275,move
1787477241.0651,2102,-2278,move
1787477241.0718,2097,-2263,move
1787477241.0828,2112,-2266,move
1787477241.094,2108,-2261,move
1787477241.0997,2128,-2268,move
1787477241.1065,2123,-2266,move
1787477241.1144,2144,-2262,move
1787477241.1256,2142,-2246,move
1787477241.1351,2153,-2238,move
1787477241.1851,2155,-2245,click_LEFT_press
1787477241.2651,2155,-2245,click_LEFT_release
1787477242.0489,2163,-2245,move
1787477242.0598,2150,-2260,move
1787477242.065,2148,-2260,move
1787477242.0747,2136,-2260,move
1787477242.0833,2148,-2274,move
1787477242.0901,2135,-2270,move
1787477242.1002,2134,-2276,move
1787477242.1063,2134,-2273,move
1787477242.1122,2122,-2295,move
1787477242.1208,2127,-2289,move
1787477242.1324,2108,-2307,move
1787477242.14,2114,-2309,move
1787477242.1516,2111,-2310,move
1787477242.8423,2110,-2313,move
1787477242.8484,2116,-2321,move
1787477242.8547,2107,-2318,move
1787477242.8659,2118,-2302,move
1787477242.8747,2125,-2312,move
1787477242.8831,2116,-2304,move
1787477242.8914,2119,-2298,move
1787477242.8966,2138,-2308,move
1787477242.905,2136,-2291,move
1787477242.9163,2148,-2287,move
1787477242.9213,2145,-2302,move
1787477242.9333,2141,-2295,move
1787477242.9439,2150,-2293,move
1787477242.9533,2153,-2288,move
1787477243.5234,2161,-2291,move
1787477243.5316,2165,-2283,move
1787477243.5418,2139,-2271,move
1787477243.5484,2135,-2256,move
1787477243.5556,2127,-2245,move
1787477243.5667,2126,-2247,move
1787477243.5726,2115,-2224,move
1787477243.5839,2105,-2216,move
1787477243.5902,2089,-2209,move
1787477243.5958,2094,-2215,move
1787477243.6063,2077,-2203,move
1787477244.0948,2073,-2191,move
1787477244.1053,2072,-2189,move
1787477244.1129,2058,-2178,move
1787477244.1231,2051,-2167,move
1787477244.1318,2041,-2160,move
1787477244.1392,2042,-2151,move
1787477244.1484,2029,-2137,move
1787477244.1576,2023,-2143,move
1787477244.1643,1998,-2120,move
1787477244.1703,2004,-2112,move
1787477244.1778,1987,-2107,move
1787477244.1848,1979,-2096,move
1787477244.1958,1965,-2095,move
1787477244.206,1957,-2085,move
1787477244.2177,1957,-2076,move
1787477244.2677,1949,-2075,click_LEFT_press
1787477244.3477,1949,-2075,click_LEFT_release
1787477244.6811,1957,-2081,move
1787477244.6872,1961,-2066,move
1787477244.6933,1961,-2078,move
1787477244.702,1967,-2074,move
1787477244.7117,1973,-2077,move
1787477244.7186,1983,-2060,move
1787477244.7237,1991,-2061,move
1787477244.7292,1999,-2062,move
1787477244.7403,2024,-2064,move
1787477244.7513,2022,-2059,move
1787477244.7609,2031,-2055,move
1787477244.767,2041,-2057,move
1787477244.777,2056,-2066,move
1787477245.4445,2053,-2046,move
1787477245.4548,2060,-2039,move
1787477245.4644,2068,-2044,move
1787477245.4742,2077,-2021,move
1787477245.4838,2091,-2020,move
1787477245.49,2102,-2006,move
1787477245.4985,2118,-2006,move
1787477245.507,2116,-1999,move
1787477245.5164,2121,-1986,move
1787477245.5252,2141,-1970,move
1787477245.8677,2156,-1980,move
1787477245.8774,2134,-1976,move
1787477245.8885,2126,-1976,move
1787477245.8964,2097,-1970,move
1787477245.9025,2100,-1977,move
1787477245.9117,2077,-1986,move
1787477245.9201,2073,-1971,move
1787477245.9251,2052,-1978,move
1787477245.9365,2039,-1980,move
1787477245.9462,2029,-1988,move
1787477245.9962,2011,-1985,click_LEFT_press
1787477246.0762,2011,-1985,click_LEFT_release
1787477246.6649,2020,-1982,move
1787477246.6733,2009,-1985,move
1787477246.6828,2024,-1996,move
1787477246.6927,2025,-2016,move
1787477246.7043,2045,-2029,move
1787477246.7126,2050,-2030,move
1787477246.7178,2058,-2046,move
1787477246.7255,2057,-2051,move
1787477246.7335,2055,-2067,move
1787477246.7402,2066,-2065,move
1787477246.7902,2074,-2076,click_LEFT_press
1787477246.8702,2074,-2076,click_LEFT_release
1787477247.33,2064,-2075,move
1787477247.3359,2084,-2079,move
1787477247.3442,2077,-2073,move
1787477247.3522,2083,-2082,move
1787477247.3578,2094,-2088,move
1787477247.3672,2087,-2094,move
1787477247.3759,2089,-2105,move
1787477247.3876,2108,-2108,move
1787477247.3961,2111,-2112,move
1787477247.4043,2115,-2113,move
1787477247.4153,2109,-2114,move
1787477247.4204,2122,-2105,move
1787477248.1295,2123,-2116,move
1787477248.1374,2120,-2110,move
1787477248.1426,2126,-2122,move
1787477248.1536,2132,-2113,move
1787477248.1605,2141,-2103,move
1787477248.1699,2143,-2101,move
1787477248.1798,2153,-2112,move
1787477248.1866,2144,-2102,move
1787477248.1941,2152,-2110,move
1787477248.205,2155,-2090,move
1787477248.2114,2158,-2099,move
1787477248.2209,2156,-2097,move
1787477248.2314,2178,-2096,move
1787477248.2422,2177,-2083,move
1787477248.2922,2176,-2089,click_LEFT_press
1787477248.3722,2176,-2089,click_LEFT_release
1787477249.0394,2171,-2096,move
1787477249.047,2172,-2088,move
1787477249.0553,2171,-2075,move
1787477249.0669,2165,-2080,move
1787477249.0778,2153,-2072,move
1787477249.0867,2148,-2064,move
1787477249.0982,2156,-2058,move
1787477249.1069,2150,-2041,move
1787477249.1177,2154,-2040,move
1787477249.1287,2135,-2026,move
1787477249.1378,2135,-2021,move
1787477249.1443,2130,-2023,move
1787477249.1498,2131,-2021,move
1787477249.1597,2127,-2015,move
1787477249.1668,2127,-2006,move
1787477249.842,2117,-2001,move
1787477249.8495,2119,-1998,move
1787477249.8576,2122,-1998,move
1787477249.8692,2125,-2004,move
1787477249.8753,2134,-1997,move
1787477249.8851,2135,-1998,move
1787477249.896,2130,-1992,move
1787477249.902,2133,-1999,move
1787477249.9086,2146,-1982,move
1787477249.9197,2145,-1998,move
1787477249.9304,2140,-1990,move
1787477249.9392,2148,-1984,move
1787477249.9444,2150,-1997,move
1787477249.9499,2150,-1983,move
1787477249.9999,2161,-1986,click_LEFT_press
1787477250.0799,2161,-1986,click_LEFT_release
1787477250.7015,2162,-1982,move
1787477250.7132,2151,-1970,move
1787477250.7233,2139,-1957,move
1787477250.7349,2129,-1951,move
1787477250.745,2125,-1939,move
1787477250.7554,2119,-1909,move
1787477250.762,2095,-1913,move
1787477250.7722,2085,-1883,move
1787477250.7836,2075,-1875,move
1787477250.7891,2078,-1854,move
1787477250.8391,2059,-1849,click_LEFT_press
1787477250.9191,2059,-1849,click_LEFT_release
1787477251.6535,2054,-1840,move
1787477251.6634,2071,-1837,move
1787477251.6737,2076,-1827,move
1787477251.6823,2084,-1818,move
1787477251.6886,2088,-1818,move
1787477251.695,2101,-1813,move
1787477251.7039,2119,-1804,move
1787477251.7139,2135,-1804,move
1787477251.7193,2143,-1796,move
1787477251.7291,2156,-1777,move
1787477251.7369,2164,-1763,move
1787477251.7869,2166,-1765,click_LEFT_press
1787477251.8669,2166,-1765,click_LEFT_release
1787477252.3166,2163,-1757,move
1787477252.3245,2161,-1759,move
1787477252.3338,2169,-1770,move
1787477252.3439,2164,-1764,move
1787477252.3528,2165,-1764,move
1787477252.3599,2164,-1768,move
1787477252.3683,2162,-1760,move
1787477252.3744,2161,-1759,move
1787477252.3819,2156,-1765,move
1787477252.3895,2156,-1764,move
1787477252.3995,2150,-1778,move
1787477252.4091,2149,-1768,move
1787477252.4187,2147,-1768,move
1787477252.4281,2144,-1779,move
1787477252.4375,2155,-1779,move
1787477252.4875,2148,-1771,click_LEFT_press
1787477252.5675,2148,-1771,click_LEFT_release
1787477253.0568,2146,-1775,move
1787477253.0628,2133,-1765,move
1787477253.0693,2117,-1739,move
1787477253.077,2121,-1736,move
1787477253.0856,2114,-1732,move
1787477253.0952,2098,-1714,move
1787477253.1033,2081,-1701,move
1787477253.1108,2081,-1690,move
1787477253.1168,2064,-1682,move
1787477253.1262,2052,-1672,move
1787477253.1338,2033,-1653,move
1787477253.144,2039,-1646,move
1787477253.7404,2015,-1622,move
1787477253.7473,2006,-1637,move
1787477253.7544,2018,-1622,move
1787477253.7614,2011,-1621,move
1787477253.7711,2011,-1612,move
1787477253.7819,2008,-1611,move
1787477253.788,2000,-1607,move
1787477253.7962,2000,-1608,move
1787477253.805,1983,-1602,move
1787477253.8134,1983,-1601,move
1787477253.8251,1981,-1578,move
1787477254.6274,1987,-1592,move
1787477254.6372,1973,-1577,move
1787477254.6438,1960,-1574,move
1787477254.6548,1949,-1579,move
1787477254.6649,1935,-1588,move
1787477254.6761,1929,-1585,move
1787477254.6818,1925,-1570,move
1787477254.693,1917,-1584,move
1787477254.7004,1906,-1571,move
1787477254.7104,1902,-1586,move
1787477254.7189,1893,-1567,move
1787477254.7251,1869,-1582,move
1787477254.7353,1872,-1581,move
1787477254.7412,1845,-1569,move
1787477254.7529,1842,-1570,move
1787477255.3468,1834,-1580,move
1787477255.355,1819,-1574,move
1787477255.3637,1816,-1559,move
1787477255.3738,1814,-1556,move
1787477255.3839,1803,-1556,move
1787477255.3932,1791,-1548,move
1787477255.3985,1779,-1532,move
1787477255.4049,1771,-1544,move
1787477255.4129,1765,-1534,move
1787477255.4229,1765,-1528,move
1787477255.4304,1758,-1530,move
1787477255.4375,1747,-1525,move
1787477255.4442,1737,-1503,move
1787477255.4493,1732,-1506,move
1787477255.4545,1718,-1500,move
1787477255.7711,1714,-1490,move
1787477255.781,1708,-1512,move
1787477255.791,1693,-1517,move
1787477255.7964,1691,-1521,move
1787477255.8037,1688,-1528,move
1787477255.8145,1696,-1530,move
1787477255.8213,1678,-1547,move
1787477255.8292,1686,-1564,move
1787477255.8387,1681,-1565,move
1787477255.8485,1672,-1573,move
1787477255.8543,1665,-1575,move
1787477255.8625,1675,-1583,move
1787477255.8721,1666,-1599,move
1787477256.5142,1656,-1616,move
1787477256.5216,1649,-1599,move
1787477256.5299,1653,-1595,move
1787477256.5392,1660,-1596,move
1787477256.5508,1659,-1602,move
1787477256.5613,1652,-1584,move
1787477256.5664,1650,-1575,move
1787477256.5765,1648,-1590,move
1787477256.585,1641,-1569,move
1787477256.593,1635,-1570,move
1787477256.5986,1637,-1560,move
1787477256.918,1639,-1557,move
1787477256.9283,1637,-1573,move
1787477256.9403,1621,-1574,move
1787477256.9507,1612,-1572,move
1787477256.9562,1618,-1558,move
1787477256.9635,1597,-1570,move
1787477256.9725,1598,-1572,move
1787477256.9781,1602,-1574,move
1787477256.9899,1595,-1560,move
1787477256.9976,1582,-1577,move
1787477257.0079,1571,-1580,move
1787477257.0136,1566,-1575,move
1787477257.0204,1558,-1578,move
1787477257.0281,1559,-1567,move
1787477257.0781,1551,-1573,click_LEFT_press
1787477257.1581,1551,-1573,click_LEFT_release
1787477257.934,1551,-1576,move
1787477257.9441,1547,-1572,move
1787477257.9521,1540,-1563,move
1787477257.9589,1545,-1565,move
1787477257.9652,1550,-1557,move
1787477257.9743,1547,-1556,move
1787477257.9829,1550,-1554,move
1787477257.9924,1552,-1551,move
1787477258.0035,1551,-1552,move
1787477258.0109,1556,-1548,move
1787477258.0173,1539,-1551,move
1787477258.0253,1556,-1534,move
1787477258.0372,1543,-1528,move
1787477258.0451,1544,-1530,move
1787477258.0526,1550,-1539,move
1787477258.1026,1547,-1528,click_LEFT_press
1787477258.1826,1547,-1528,click_LEFT_release
1787477258.7205,1547,-1520,move
1787477258.7281,1555,-1532,move
1787477258.7393,1538,-1534,move
1787477258.746,1548,-1550,move
1787477258.7569,1541,-1565,move
1787477258.7634,1543,-1563,move
1787477258.771,1548,-1565,move
1787477258.779,1545,-1575,move
1787477258.7854,1540,-1586,move
1787477258.7916,1542,-1606,move
1787477258.7974,1531,-1610,move
1787477258.8073,1538,-1619,move
1787477258.8178,1521,-1612,move
1787477258.8243,1522,-1619,move
1787477258.8324,1531,-1639,move
1787477258.8824,1526,-1643,click_LEFT_press
1787477258.9624,1526,-1643,click_LEFT_release
1787477259.5473,1521,-1641,move
1787477259.5586,1533,-1646,move
1787477259.5643,1520,-1657,move
1787477259.5738,1521,-1654,move
1787477259.5797,1520,-1657,move
1787477259.5897,1534,-1656,move
1787477259.6004,1518,-1663,move
1787477259.6094,1519,-1676,move
1787477259.616,1520,-1675,move
1787477259.6217,1526,-1673,move
1787477259.6717,1526,-1679,click_LEFT_press
1787477259.7517,1526,-1679,click_LEFT_release
1787477260.2581,1517,-1687,move
1787477260.2665,1514,-1680,move
1787477260.2783,1532,-1662,move
1787477260.2851,1526,-1668,move
1787477260.294,1530,-1660,move
1787477260.3014,1523,-1644,move
1787477260.3068,1511,-1646,move
1787477260.3156,1522,-1646,move
1787477260.3217,1526,-1634,move
1787477260.3293,1518,-1633,move
1787477260.3404,1518,-1631,move
1787477260.3462,1515,-1628,move
1787477260.3566,1512,-1623,move
1787477260.3616,1509,-1603,move
1787477260.4116,1509,-1605,click_LEFT_press
1787477260.4916,1509,-1605,click_LEFT_release
1787477261.079,1507,-1599,move
1787477261.0842,1521,-1602,move
1787477261.0929,1533,-1608,move
1787477261.0986,1544,-1597,move
1787477261.1088,1552,-1592,move
1787477261.1142,1565,-1597,move
1787477261.121,1574,-1594,move
1787477261.1329,1566,-1581,move
1787477261.1407,1582,-1597,move
1787477261.1463,1595,-1588,move
1787477261.1562,1607,-1582,move
1787477261.5509,1610,-1580,move
1787477261.5613,1611,-1566,move
1787477261.5686,1599,-1557,move
1787477261.58,1590,-1550,move
1787477261.5862,1588,-1544,move
1787477261.5927,1583,-1555,move
1787477261.5999,1573,-1539,move
1787477261.6077,1571,-1537,move
1787477261.6128,1562,-1530,move
1787477261.6192,1572,-1518,move
1787477261.6298,1549,-1506,move
1787477261.6381,1560,-1511,move
1787477261.6487,1551,-1498,move
1787477261.6564,1552,-1479,move
1787477261.6621,1538,-1473,move
1787477261.7121,1531,-1475,click_LEFT_press
1787477261.7921,1531,-1475,click_LEFT_release
1787477262.566,1538,-1482,move
1787477262.5766,1527,-1469,move
1787477262.5858,1519,-1468,move
1787477262.5957,1527,-1443,move
1787477262.6068,1516,-1437,move
1787477262.6126,1517,-1425,move
1787477262.6209,1521,-1436,move
1787477262.6303,1516,-1414,move
1787477262.6418,1500,-1411,move
1787477262.649,1507,-1397,move
1787477262.6558,1493,-1387,move
1787477263.4128,1509,-1389,move
1787477263.4211,1491,-1387,move
1787477263.4273,1510,-1395,move
1787477263.4346,1497,-1389,move
1787477263.4421,1494,-1397,move
1787477263.4476,1503,-1411,move
1787477263.4579,1500,-1402,move
1787477263.4693,1502,-1403,move
1787477263.4768,1513,-1418,move
1787477263.4821,1501,-1426,move
1787477263.4901,1498,-1414,move
1787477263.4985,1502,-1419,move
1787477263.5084,1508,-1437,move
1787477263.5166,1509,-1422,move
1787477263.5666,1507,-1435,click_LEFT_press
1787477263.6466,1507,-1435,click_LEFT_release
1787477263.9636,1507,-1432,move
1787477263.9728,1528,-1450,move
1787477263.9828,1528,-1464,move
1787477263.9916,1551,-1469,move
1787477264.0008,1544,-1492,move
1787477264.0085,1576,-1492,move
1787477264.0145,1575,-1509,move
1787477264.0248,1583,-1518,move
1787477264.0359,1592,-1541,move
1787477264.0465,1622,-1553,move
1787477264.0572,1627,-1568,move
1787477264.0673,1646,-1574,move
1787477264.6241,1653,-1589,move
1787477264.6337,1654,-1598,move
1787477264.6393,1643,-1596,move
1787477264.6497,1645,-1613,move
1787477264.6566,1643,-1615,move
1787477264.6639,1638,-1626,move
1787477264.6714,1642,-1633,move
1787477264.6772,1637,-1638,move
1787477264.6873,1627,-1653,move
1787477264.6956,1642,-1651,move
1787477264.7028,1628,-1666,move
1787477264.7093,1637,-1675,move
1787477264.7174,1633,-1683,move
1787477264.7674,1627,-1686,click_LEFT_press
1787477264.8474,1627,-1686,click_LEFT_release
1787477265.6032,1635,-1691,move
1787477265.6106,1623,-1675,move
1787477265.6197,1644,-1669,move
1787477265.6257,1635,-1647,move
1787477265.635,1643,-1644,move
1787477265.6422,1656,-1628,move
1787477265.653,1656,-1627,move
1787477265.6598,1656,-1599,move
1787477265.6683,1667,-1590,move
1787477265.6746,1675,-1585,move
1787477265.7246,1681,-1574,click_LEFT_press
1787477265.8046,1681,-1574,click_LEFT_release
1787477266.2097,1686,-1566,move
1787477266.217,1680,-1566,move
1787477266.2254,1683,-1561,move
1787477266.2356,1682,-1548,move
1787477266.2466,1677,-1542,move
1787477266.2533,1686,-1539,move
1787477266.2584,1680,-1521,move
1787477266.264,1681,-1525,move
1787477266.2748,1695,-1511,move
1787477266.2817,1691,-1502,move
1787477266.3317,1696,-1501,click_LEFT_press
1787477266.4117,1696,-1501,click_LEFT_release
1787477266.8038,1694,-1508,move
1787477266.8139,1711,-1489,move
1787477266.8209,1704,-1484,move
1787477266.8294,1721,-1472,move
1787477266.8392,1729,-1464,move
1787477266.8444,1745,-1466,move
1787477266.8526,1735,-1453,move
1787477266.8592,1756,-1452,move
1787477266.867,1751,-1433,move
1787477266.8784,1764,-1429,move
1787477266.8876,1782,-1426,move
1787477266.8991,1784,-1410,move
1787477266.9095,1800,-1401,move
1787477267.2254,1797,-1405,move
1787477267.2343,1808,-1399,move
1787477267.2438,1811,-1396,move
1787477267.2526,1813,-1413,move
1787477267.2597,1819,-1403,move
1787477267.2689,1823,-1420,move
1787477267.2759,1815,-1412,move
1787477267.2851,1835,-1411,move
1787477267.2943,1830,-1419,move
1787477267.3034,1841,-1425,move
1787477267.312,1843,-1434,move
1787477267.9593,1846,-1433,move
1787477267.9708,1829,-1433,move
1787477267.9798,1830,-1423,move
1787477267.9911,1836,-1428,move
1787477267.9975,1837,-1420,move
1787477268.0079,1825,-1424,move
1787477268.0155,1816,-1426,move
1787477268.0207,1812,-1416,move
1787477268.0302,1811,-1425,move
1787477268.0374,1815,-1419,move
1787477268.0439,1814,-1414,move
1787477268.0525,1804,-1420,move
1787477268.0613,1815,-1418,move
1787477268.6335,1800,-1405,move
1787477268.6444,1800,-1402,move
1787477268.6516,1776,-1390,move
1787477268.6623,1772,-1397,move
1787477268.6719,1769,-1379,move
1787477268.6778,1751,-1372,move
1787477268.6892,1730,-1364,move
1787477268.6996,1727,-1366,move
1787477268.7083,1704,-1363,move
1787477268.7189,1706,-1351,move
1787477268.7257,1684,-1343,move
1787477269.1525,1675,-1348,move
1787477269.1586,1678,-1351,move
1787477269.1676,1664,-1338,move
1787477269.1756,1664,-1347,move
1787477269.1842,1662,-1350,move
1787477269.1951,1648,-1362,move
1787477269.2011,1656,-1354,move
1787477269.2123,1648,-1352,move
1787477269.2202,1640,-1359,move
1787477269.2295,1629,-1361,move
1787477269.2375,1637,-1372,move
1787477269.2492,1632,-1369,move
1787477269.2591,1613,-1370,move
1787477269.268,1614,-1371,move
1787477269.2762,1607,-1388,move
1787477269.3262,1605,-1382,click_LEFT_press
1787477269.4062,1605,-1382,click_LEFT_release
1787477269.861,1608,-1377,move
1787477269.8728,1610,-1379,move
1787477269.8818,1607,-1384,move
1787477269.8884,1612,-1389,move
1787477269.8997,1599,-1394,move
1787477269.9049,1618,-1393,move
1787477269.9147,1615,-1394,move
1787477269.9238,1606,-1390,move
1787477269.9332,1619,-1397,move
1787477269.9402,1621,-1386,move
1787477269.9472,1625,-1396,move
1787477269.9537,1610,-1388,move
1787477269.9618,1617,-1408,move
1787477269.9722,1618,-1406,move
1787477269.9817,1629,-1400,move
1787477270.4484,1627,-1399,move
1787477270.4548,1635,-1409,move
1787477270.4623,1644,-1390,move
1787477270.4705,1657,-1394,move
1787477270.4824,1656,-1393,move
1787477270.4904,1673,-1390,move
1787477270.4997,1679,-1391,move
1787477270.5099,1688,-1388,move
1787477270.5162,1696,-1390,move
1787477270.5234,1699,-1380,move
1787477270.5353,1715,-1376,move
1787477270.5457,1708,-1380,move
1787477270.5526,1727,-1379,move
1787477270.6026,1735,-1381,click_LEFT_press
1787477270.6826,1735,-1381,click_LEFT_release
1787477271.4625,1734,-1387,move
1787477271.4681,1740,-1381,move
1787477271.4783,1744,-1400,move
1787477271.4901,1761,-1393,move
1787477271.4961,1775,-1398,move
1787477271.5079,1773,-1413,move
1787477271.5176,1785,-1416,move
1787477271.5274,1790,-1423,move
1787477271.5374,1790,-1422,move
1787477271.545,1805,-1422,move
1787477271.5537,1808,-1431,move
1787477271.5652,1833,-1435,move
1787477271.5704,1827,-1457,move
1787477271.5778,1834,-1447,move
1787477271.5867,1846,-1456,move
1787477272.349,1847,-1461,move
1787477272.3568,1869,-1470,move
1787477272.3632,1869,-1457,move
1787477272.3733,1885,-1472,move
1787477272.3784,1892,-1468,move
1787477272.3839,1908,-1457,move
1787477272.3942,1909,-1466,move
1787477272.4012,1925,-1470,move
1787477272.4077,1944,-1467,move
1787477272.4169,1941,-1455,move
1787477272.4276,1951,-1454,move
1787477272.4334,1958,-1459,move
1787477273.2063,1973,-1462,move
1787477273.2116,1969,-1464,move
1787477273.2176,1948,-1454,move
1787477273.2253,1938,-1455,move
1787477273.2331,1920,-1459,move
1787477273.2434,1906,-1451,move
1787477273.2549,1891,-1443,move
1787477273.2656,1870,-1443,move
1787477273.2756,1859,-1438,move
1787477273.281,1836,-1441,move
1787477273.331,1829,-1436,click_LEFT_press
1787477273.411,1829,-1436,click_LEFT_release
1787477274.0466,1837,-1440,move
1787477274.0578,1835,-1452,move
1787477274.067,1855,-1457,move
1787477274.0788,1858,-1473,move
1787477274.0889,1862,-1475,move
1787477274.098,1875,-1498,move
1787477274.1034,1889,-1508,move
1787477274.1087,1878,-1509,move
1787477274.1192,1905,-1534,move
1787477274.1311,1906,-1539,move
1787477274.1418,1909,-1550,move
1787477274.1525,1926,-1558,move
1787477274.4966,1937,-1583,move
1787477274.5057,1945,-1562,move
1787477274.5124,1937,-1557,move
1787477274.524,1962,-1542,move
1787477274.5339,1958,-1535,move
1787477274.5439,1969,-1521,move
1787477274.5543,1977,-1520,move
1787477274.5635,1986,-1496,move
1787477274.5734,1993,-1503,move
1787477274.5824,1999,-1485,move
1787477274.5899,2016,-1484,move
1787477274.5963,2017,-1467,move
1787477275.2856,2018,-1453,move
1787477275.2975,2031,-1446,move
1787477275.3033,2033,-1440,move
1787477275.3143,2054,-1433,move
1787477275.32,2064,-1441,move
1787477275.3306,2068,-1428,move
1787477275.3396,2062,-1417,move
1787477275.3454,2072,-1416,move
1787477275.354,2092,-1415,move
1787477275.3597,2091,-1405,move
1787477275.3659,2094,-1407,move
1787477275.3779,2110,-1400,move
1787477275.3878,2118,-1391,move
1787477275.9591,2128,-1384,move
1787477275.9671,2125,-1397,move
1787477275.978,2138,-1386,move
1787477275.9837,2155,-1389,move
1787477275.9943,2156,-1378,move
1787477275.9998,2160,-1367,move
1787477276.0093,2169,-1369,move
1787477276.0145,2191,-1367,move
1787477276.0253,2189,-1369,move
1787477276.0363,2208,-1362,move
1787477276.0448,2206,-1353,move
1787477276.0525,2218,-1350,move
1787477276.0591,2237,-1355,move
1787477276.0687,2245,-1351,move
1787477276.0763,2241,-1346,move
1787477276.1263,2260,-1350,click_LEFT_press
1787477276.2063,2260,-1350,click_LEFT_release
1787477276.681,2255,-1357,move
1787477276.6915,2266,-1367,move
1787477276.6977,2265,-1378,move
1787477276.7037,2273,-1381,move
1787477276.715,2271,-1390,move
1787477276.7255,2283,-1413,move
1787477276.7372,2275,-1410,move
1787477276.7427,2291,-1430,move
1787477276.7488,2284,-1442,move
1787477276.7589,2291,-1464,move
1787477276.8089,2296,-1467,click_LEFT_press
1787477276.8889,2296,-1467,click_LEFT_release
1787477277.4764,2295,-1460,move
1787477277.4834,2298,-1486,move
1787477277.4935,2282,-1489,move
1787477277.5003,2277,-1512,move
1787477277.5095,2265,-1510,move
1787477277.5174,2268,-1521,move
1787477277.5242,2247,-1548,move
1787477277.5306,2254,-1542,move
1787477277.542,2244,-1570,move
1787477277.5475,2223,-1572,move
1787477277.558,2222,-1578,move
1787477277.5643,2209,-1602,move
1787477277.6143,2210,-1611,click_LEFT_press
1787477277.6943,2210,-1611,click_LEFT_release
1787477278.4913,2214,-1620,move
1787477278.503,2208,-1608,move
1787477278.5129,2214,-1589,move
1787477278.5194,2204,-1584,move
1787477278.5291,2216,-1571,move
1787477278.5403,2206,-1571,move
1787477278.5486,2210,-1551,move
1787477278.5595,2205,-1540,move
1787477278.5668,2218,-1535,move
1787477278.5745,2221,-1530,move
1787477278.582,2218,-1517,move
1787477278.5872,2216,-1503,move
1787477278.5975,2224,-1493,move
1787477278.6041,2210,-1482,move
1787477278.614,2228,-1468,move
1787477278.664,2221,-1465,click_LEFT_press
1787477278.744,2221,-1465,click_LEFT_release
1787477279.2647,2215,-1461,move
1787477279.2744,2219,-1459,move
1787477279.2838,2227,-1453,move
1787477279.2934,2234,-1438,move
1787477279.3051,2246,-1418,move
1787477279.3153,2239,-1417,move
1787477279.3227,2261,-1413,move
1787477279.3342,2253,-1396,move
1787477279.3439,2261,-1387,move
1787477279.352,2264,-1380,move
1787477279.3603,2280,-1360,move
1787477279.3702,2270,-1351,move
1787477279.3783,2283,-1349,move
1787477279.4283,2290,-1339,click_LEFT_press
1787477279.5083,2290,-1339,click_LEFT_release
1787477279.8849,2282,-1345,move
1787477279.8943,2284,-1329,move
1787477279.9058,2272,-1333,move
1787477279.9153,2251,-1322,move
1787477279.9238,2250,-1315,move
1787477279.9342,2229,-1297,move
1787477279.9454,2234,-1287,move
1787477279.9553,2224,-1279,move
1787477279.9668,2201,-1279,move
1787477279.9785,2203,-1270,move
1787477279.9865,2189,-1275,move
1787477280.0365,2177,-1261,click_LEFT_press
1787477280.1165,2177,-1261,click_LEFT_release
1787477280.8833,2168,-1252,move
1787477280.8931,2176,-1272,move
1787477280.8997,2157,-1278,move
1787477280.9075,2169,-1287,move
1787477280.9167,2156,-1297,move
1787477280.9252,2150,-1318,move
1787477280.9335,2145,-1337,move
1787477280.9409,2143,-1338,move
1787477280.9499,2133,-1349,move
1787477280.9551,2123,-1354,move
1787477280.9652,2127,-1383,move
1787477281.0152,2118,-1386,click_LEFT_press
1787477281.0952,2118,-1386,click_LEFT_release
1787477281.4636,2124,-1384,move
1787477281.4745,2123,-1372,move
1787477281.4823,2132,-1378,move
1787477281.4936,2143,-1378,move
1787477281.5033,2152,-1363,move
1787477281.5123,2142,-1368,move
1787477281.5174,2150,-1358,move
1787477281.5273,2169,-1355,move
1787477281.5357,2174,-1354,move
1787477281.5407,2178,-1342,move
1787477281.5462,2180,-1353,move
1787477281.5544,2179,-1334,move
1787477281.6044,2196,-1337,click_LEFT_press
1787477281.6844,2196,-1337,click_LEFT_release
1787477282.4233,2196,-1332,move
1787477282.4324,2203,-1348,move
1787477282.4389,2205,-1344,move
1787477282.4506,2208,-1365,move
1787477282.461,2209,-1364,move
1787477282.4668,2221,-1377,move
1787477282.4742,2236,-1375,move
1787477282.4851,2241,-1392,move
1787477282.492,2241,-1408,move
1787477282.4987,2245,-1398,move
1787477282.5051,2249,-1409,move
1787477282.5148,2246,-1423,move
1787477282.5242,2266,-1426,move
1787477282.53,2261,-1433,move
1787477282.9122,2273,-1437,move
1787477282.9206,2263,-1458,move
1787477282.9262,2258,-1465,move
1787477282.9344,2256,-1462,move
1787477282.9427,2256,-1486,move
1787477282.9491,2247,-1478,move
1787477282.9597,2256,-1483,move
1787477282.9699,2236,-1499,move
1787477282.9758,2245,-1515,move
1787477282.9865,2238,-1519,move
1787477282.9972,2238,-1514,move
1787477283.0081,2237,-1530,move
1787477283.0146,2222,-1543,move
1787477283.7782,2234,-1545,move
1787477283.7841,2233,-1559,move
1787477283.7927,2243,-1563,move
1787477283.8003,2236,-1571,move
1787477283.8071,2249,-1576,move
1787477283.8127,2256,-1577,move
1787477283.8206,2261,-1583,move
1787477283.8299,2263,-1587,move
1787477283.837,2269,-1598,move
1787477283.8437,2271,-1620,move
1787477283.8554,2268,-1627,move
1787477283.8611,2272,-1623,move
1787477283.8664,2283,-1637,move
1787477284.3454,2278,-1643,move
1787477284.3547,2280,-1643,move
1787477284.3645,2277,-1654,move
1787477284.3721,2277,-1653,move
1787477284.3832,2267,-1666,move
1787477284.3943,2253,-1671,move
1787477284.3993,2258,-1677,move
1787477284.4108,2241,-1672,move
1787477284.4226,2234,-1672,move
1787477284.4285,2244,-1690,move
1787477284.4368,2228,-1678,move
1787477284.4488,2214,-1682,move
1787477284.9403,2227,-1703,move
1787477284.9482,2224,-1692,move
1787477284.9552,2228,-1707,move
1787477284.9624,2217,-1695,move
1787477284.9681,2233,-1699,move
1787477284.9794,2231,-1703,move
1787477284.9855,2231,-1712,move
1787477284.9942,2226,-1724,move
1787477285.0018,2229,-1729,move
1787477285.0086,2236,-1717,move
1787477285.0189,2248,-1734,move
1787477285.0309,2243,-1729,move
1787477285.0415,2247,-1727,move
1787477285.5897,2240,-1747,move
1787477285.599,2264,-1743,move
1787477285.6084,2258,-1747,move
1787477285.6178,2272,-1752,move
1787477285.6238,2280,-1774,move
1787477285.634,2270,-1773,move
1787477285.6422,2277,-1792,move
1787477285.6524,2294,-1794,move
1787477285.6603,2290,-1793,move
1787477285.6685,2293,-1813,move
1787477285.6763,2304,-1821,move
1787477285.6871,2314,-1827,move
1787477285.6947,2318,-1831,move
1787477285.7018,2320,-1828,move
1787477285.7518,2326,-1841,click_LEFT_press
1787477285.8318,2326,-1841,click_LEFT_release
1787477286.4039,2320,-1848,move
1787477286.4127,2311,-1850,move
1787477286.4222,2305,-1851,move
1787477286.4273,2309,-1839,move
1787477286.4354,2301,-1840,move
1787477286.4458,2298,-1854,move
1787477286.4539,2278,-1857,move
1787477286.4621,2285,-1859,move
1787477286.4687,2275,-1850,move
1787477286.4784,2264,-1858,move
1787477286.4892,2261,-1855,move
1787477286.4988,2258,-1871,move
1787477286.5071,2256,-1859,move
1787477286.5185,2239,-1875,move
1787477286.8649,2232,-1874,move
1787477286.8719,2231,-1884,move
1787477286.8784,2242,-1882,move
1787477286.8903,2233,-1887,move
1787477286.9008,2232,-1894,move
1787477286.9108,2243,-1900,move
1787477286.9207,2246,-1901,move
1787477286.9264,2233,-1906,move
1787477286.9351,2241,-1913,move
1787477286.9403,2249,-1925,move
1787477286.9497,2255,-1939,move
1787477286.9562,2237,-1940,move
1787477286.967,2252,-1934,move
1787477286.9732,2239,-1946,move
1787477286.9788,2245,-1962,move
1787477287.3317,2242,-1955,move
1787477287.3373,2254,-1952,move
1787477287.3466,2253,-1954,move
1787477287.3586,2250,-1950,move
1787477287.3677,2253,-1946,move
1787477287.3737,2268,-1934,move
1787477287.3803,2261,-1926,move
1787477287.3914,2264,-1927,move
1787477287.4016,2263,-1917,move
1787477287.4074,2272,-1915,move
1787477287.4152,2274,-1907,move
1787477287.4253,2269,-1909,move
1787477287.4366,2266,-1900,move
1787477287.4476,2281,-1891,move
1787477287.4976,2281,-1887,click_LEFT_press
1787477287.5776,2281,-1887,click_LEFT_release
1787477287.9641,2279,-1879,move
1787477287.973,2273,-1875,move
1787477287.9833,2271,-1880,move
1787477287.9902,2250,-1871,move
1787477288.0003,2249,-1871,move
1787477288.0114,2230,-1873,move
1787477288.0185,2226,-1852,move
1787477288.0239,2210,-1867,move
1787477288.034,2198,-1861,move
1787477288.0438,2197,-1848,move
1787477288.0535,2184,-1840,move
1787477288.0614,2176,-1844,move
1787477288.1114,2172,-1837,click_LEFT_press
1787477288.1914,2172,-1837,click_LEFT_release
1787477288.917,2174,-1830,move
1787477288.924,2171,-1835,move
1787477288.9359,2155,-1829,move
1787477288.9479,2153,-1813,move
1787477288.9551,2141,-1822,move
1787477288.9641,2141,-1804,move
1787477288.9717,2138,-1817,move
1787477288.9823,2129,-1800,move
1787477288.9925,2127,-1791,move
1787477289.003,2120,-1793,move
1787477289.0127,2117,-1792,move
1787477289.0198,2099,-1795,move
1787477289.0698,2097,-1782,click_LEFT_press
1787477289.1498,2097,-1782,click_LEFT_release
1787477289.6698,2103,-1781,move
1787477289.6786,2079,-1766,move
1787477289.6863,2081,-1768,move
1787477289.6939,2051,-1768,move
1787477289.7051,2045,-1748,move
1787477289.7113,2028,-1747,move
1787477289.7185,2024,-1740,move
1787477289.7253,2004,-1723,move
1787477289.7318,1994,-1718,move
1787477289.7407,1979,-1709,move
1787477289.7505,1978,-1705,move
1787477289.7619,1954,-1699,move
1787477289.8119,1948,-1690,click_LEFT_press
1787477289.8919,1948,-1690,click_LEFT_release
1787477290.6063,1952,-1692,move
1787477290.6175,1950,-1679,move
1787477290.6253,1945,-1688,move
1787477290.6354,1961,-1672,move
1787477290.6472,1958,-1681,move
1787477290.6582,1956,-1672,move
1787477290.667,1950,-1679,move
1787477290.6737,1968,-1668,move
1787477290.6816,1963,-1663,move
1787477290.6886,1959,-1656,move
1787477290.7386,1966,-1661,click_LEFT_press
1787477290.8186,1966,-1661,click_LEFT_release
1787477291.1521,1973,-1669,move
1787477291.1634,1964,-1664,move
1787477291.1746,1983,-1672,move
1787477291.1821,1985,-1672,move
1787477291.1887,1993,-1672,move
1787477291.1994,2002,-1675,move
1787477291.2075,2001,-1688,move
1787477291.2173,2003,-1680,move
1787477291.2276,2019,-1685,move
1787477291.2328,2019,-1693,move
1787477291.2422,2032,-1705,move
1787477291.2534,2030,-1702,move
1787477291.912,2040,-1696,move
1787477291.9184,2025,-1691,move
1787477291.9235,2029,-1684,move
1787477291.9345,2009,-1666,move
1787477291.943,2002,-1662,move
1787477291.9538,2005,-1655,move
1787477291.9657,1981,-1634,move
1787477291.977,1974,-1622,move
1787477291.9864,1971,-1609,move
1787477291.992,1962,-1612,move
1787477291.9994,1946,-1589,move
1787477292.008,1937,-1595,move
1787477292.0165,1924,-1573,move
1787477292.4954,1934,-1568,move
1787477292.5009,1911,-1575,move
1787477292.5091,1907,-1569,move
1787477292.521,1893,-1592,move
1787477292.5281,1899,-1600,move
1787477292.5349,1880,-1590,move
1787477292.5414,1880,-1606,move
1787477292.5499,1878,-1607,move
1787477292.5614,1868,-1623,move
1787477292.5677,1852,-1625,move
1787477292.5774,1854,-1630,move
1787477292.5863,1836,-1638,move
1787477292.595,1825,-1636,move
1787477292.6005,1830,-1662,move
1787477292.6505,1814,-1659,click_LEFT_press
1787477292.7305,1814,-1659,click_LEFT_release
1787477293.0542,1817,-1663,move
1787477293.0606,1828,-1638,move
1787477293.0692,1828,-1628,move
1787477293.0757,1841,-1622,move
1787477293.0854,1861,-1602,move
1787477293.0911,1868,-1597,move
1787477293.1024,1878,-1594,move
1787477293.1138,1904,-1580,move
1787477293.1207,1909,-1571,move
1787477293.1259,1917,-1544,move
1787477293.1332,1934,-1536,move
1787477293.5252,1949,-1522,move
1787477293.5322,1952,-1530,move
1787477293.5389,1971,-1546,move
1787477293.5471,1992,-1551,move
1787477293.5587,2003,-1552,move
1787477293.5657,2016,-1556,move
1787477293.5743,2022,-1577,move
1787477293.5817,2027,-1570,move
1787477293.5917,2057,-1595,move
1787477293.5987,2069,-1603,move
1787477293.6487,2075,-1604,click_LEFT_press
1787477293.7287,2075,-1604,click_LEFT_release
1787477294.1784,2074,-1601,move
1787477294.1878,2082,-1602,move
1787477294.1994,2081,-1612,move
1787477294.2095,2087,-1603,move
1787477294.2201,2089,-1608,move
1787477294.2285,2092,-1620,move
1787477294.2398,2097,-1627,move
1787477294.251,2107,-1613,move
1787477294.2612,2115,-1631,move
1787477294.2689,2118,-1629,move
1787477294.2763,2125,-1636,move
1787477294.2882,2128,-1637,move
1787477294.2966,2118,-1623,move
1787477294.3016,2137,-1636,move
1787477294.3516,2135,-1637,click_LEFT_press
1787477294.4316,2135,-1637,click_LEFT_release
1787477295.1189,2142,-1628,move
1787477295.129,2137,-1645,move
1787477295.1396,2134,-1635,move
1787477295.1461,2139,-1632,move
1787477295.1565,2155,-1636,move
1787477295.1674,2146,-1654,move
1787477295.1727,2160,-1640,move
1787477295.1832,2149,-1645,move
1787477295.195,2151,-1657,move
1787477295.2054,2169,-1644,move
1787477295.2164,2159,-1656,move
1787477295.2248,2171,-1646,move
1787477295.2357,2171,-1660,move
1787477295.2414,2162,-1658,move
1787477295.2533,2171,-1647,move
1787477295.7817,2175,-1652,move
1787477295.7921,2179,-1639,move
1787477295.7986,2175,-1632,move
1787477295.8104,2178,-1624,move
1787477295.8189,2184,-1627,move
1787477295.8298,2181,-1614,move
1787477295.8369,2185,-1612,move
1787477295.8461,2184,-1603,move
1787477295.8535,2194,-1583,move
1787477295.8648,2191,-1576,move
1787477295.8733,2206,-1567,move
1787477295.8846,2196,-1557,move
1787477295.8906,2205,-1544,move
1787477295.9406,2205,-1540,click_LEFT_press
1787477296.0206,2205,-1540,click_LEFT_release
1787477296.716,2212,-1546,move
1787477296.7278,2217,-1555,move
1787477296.7394,2222,-1553,move
1787477296.7503,2245,-1561,move
1787477296.7606,2259,-1567,move
1787477296.771,2266,-1579,move
1787477296.7828,2270,-1580,move
1787477296.7934,2286,-1604,move
1787477296.799,2305,-1607,move
1787477296.8063,2308,-1614,move
1787477296.8563,2319,-1619,click_LEFT_press
1787477296.9363,2319,-1619,click_LEFT_release
1787477297.4898,2317,-1620,move
1787477297.4964,2319,-1614,move
1787477297.5054,2316,-1603,move
1787477297.5156,2323,-1611,move
1787477297.5251,2320,-1611,move
1787477297.5301,2324,-1594,move
1787477297.5417,2321,-1595,move
1787477297.5492,2307,-1587,move
1787477297.5544,2311,-1596,move
1787477297.5629,2322,-1574,move
1787477297.5738,2316,-1582,move
1787477297.5836,2317,-1565,move
1787477297.5914,2317,-1572,move
1787477297.598,2319,-1566,move
1787477297.6049,2303,-1554,move
1787477297.6549,2310,-1559,click_LEFT_press
1787477297.7349,2310,-1559,click_LEFT_release
1787477298.2692,2310,-1552,move
1787477298.277,2321,-1557,move
1787477298.2873,2328,-1567,move
1787477298.293,2344,-1568,move
1787477298.2985,2349,-1557,move
1787477298.304,2362,-1572,move
1787477298.314,2374,-1562,move
1787477298.3195,2384,-1563,move
1787477298.3302,2388,-1578,move
1787477298.342,2403,-1582,move
1787477298.3514,2410,-1584,move
1787477298.3574,2416,-1572,move
1787477298.3672,2429,-1573,move
1787477298.3773,2438,-1587,move
1787477298.4273,2453,-1581,click_LEFT_press
1787477298.5073,2453,-1581,click_LEFT_release
1787477299.144,2448,-1588,move
1787477299.1512,2445,-1581,move
1787477299.1588,2465,-1564,move
1787477299.1673,2452,-1562,move
1787477299.1766,2460,-1544,move
1787477299.1864,2462,-1538,move
1787477299.1945,2459,-1529,move
1787477299.2,2475,-1505,move
1787477299.2075,2477,-1500,move
1787477299.2193,2467,-1493,move
1787477299.2293,2463,-1479,move
1787477299.239,2481,-1478,move
1787477299.918,2465,-1461,move
1787477299.9271,2481,-1476,move
1787477299.9332,2493,-1478,move
1787477299.9438,2504,-1481,move
1787477299.9552,2503,-1483,move
1787477299.9632,2516,-1491,move
1787477299.9752,2520,-1486,move
1787477299.9849,2533,-1504,move
1787477299.9932,2530,-1508,move
1787477299.9986,2534,-1511,move
1787477300.0096,2554,-1519,move
1787477300.0168,2560,-1522,move
1787477300.026,2561,-1518,move
1787477300.0351,2563,-1534,move
1787477300.0445,2574,-1539,move
