timestamp,key,event_type
1787477000.0,a8f2b3e4,press
1787477000.1282,a8f2b3e4,release
1787477000.3562,f1a2b3c4,press
1787477000.4733,f1a2b3c4,release
1787477000.6577,f1a2b3c4,press
1787477000.7527,f1a2b3c4,release
1787477000.9963,f1a2b3c4,press
1787477001.07,f1a2b3c4,release
1787477001.1912,a8f2b3e4,press
1787477001.28,a8f2b3e4,release
1787477001.4981,a8f2b3e4,press
1787477001.6009,a8f2b3e4,release
1787477001.8465,e3f4a5b6,press
1787477001.9213,e3f4a5b6,release
1787477002.0529,a8f2b3e4,press
1787477002.1252,a8f2b3e4,release
1787477002.3079,a8f2b3e4,press
1787477002.3809,a8f2b3e4,release
1787477002.6237,f1a2b3c4,press
1787477002.7013,f1a2b3c4,release
1787477002.9001,f1a2b3c4,press
1787477003.0359,f1a2b3c4,release
1787477003.159,e3f4a5b6,press
1787477003.2574,e3f4a5b6,release
1787477003.4985,e3f4a5b6,press
1787477003.6096,e3f4a5b6,release
1787477003.7412,f1a2b3c4,press
1787477003.8248,f1a2b3c4,release
1787477004.0696,c7d8e9f0,press
1787477004.1686,c7d8e9f0,release
1787477004.3259,c7d8e9f0,press
1787477004.4383,c7d8e9f0,release
1787477004.5509,a8f2b3e4,press
1787477004.6239,a8f2b3e4,release
1787477004.7654,a8f2b3e4,press
1787477004.8856,a8f2b3e4,release
1787477005.0983,b9c1d2e5,press
1787477005.2119,b9c1d2e5,release
1787477005.3189,e3f4a5b6,press
1787477005.42,e3f4a5b6,release
1787477005.5624,f1a2b3c4,press
1787477005.6897,f1a2b3c4,release
1787477005.8028,f1a2b3c4,press
1787477005.9368,f1a2b3c4,release
1787477006.1784,e3f4a5b6,press
1787477006.2807,e3f4a5b6,release
1787477006.409,a8f2b3e4,press
1787477006.4931,a8f2b3e4,release
1787477006.7402,e3f4a5b6,press
1787477006.8212,e3f4a5b6,release
1787477006.9335,a8f2b3e4,press
1787477007.0557,a8f2b3e4,release
1787477007.2325,e3f4a5b6,press
1787477007.3269,e3f4a5b6,release
1787477007.5195,e3f4a5b6,press
1787477007.6338,e3f4a5b6,release
1787477007.8044,e3f4a5b6,press
1787477007.8952,e3f4a5b6,release
1787477008.0547,c7d8e9f0,press
1787477008.1523,c7d8e9f0,release
1787477008.3328,c7d8e9f0,press
1787477008.4219,c7d8e9f0,release
1787477008.5727,f1a2b3c4,press
1787477008.6808,f1a2b3c4,release
1787477008.8201,f1a2b3c4,press
1787477008.9371,f1a2b3c4,release
1787477009.1057,b9c1d2e5,press
1787477009.2146,b9c1d2e5,release
1787477009.4069,c7d8e9f0,press
1787477009.5148,c7d8e9f0,release
1787477009.7133,c7d8e9f0,press
1787477009.8278,c7d8e9f0,release
1787477009.9779,e3f4a5b6,press
1787477010.1023,e3f4a5b6,release
1787477010.226,e3f4a5b6,press
1787477010.345,e3f4a5b6,release
1787477010.4955,a8f2b3e4,press
1787477010.5769,a8f2b3e4,release
1787477010.7236,b9c1d2e5,press
1787477010.8354,b9c1d2e5,release
1787477011.0112,b9c1d2e5,press
1787477011.1065,b9c1d2e5,release
1787477011.2225,f1a2b3c4,press
1787477011.3449,f1a2b3c4,release
1787477011.4936,b9c1d2e5,press
1787477011.6149,b9c1d2e5,release
1787477011.765,f1a2b3c4,press
1787477011.8853,f1a2b3c4,release
1787477012.1235,a8f2b3e4,press
1787477012.2489,a8f2b3e4,release
1787477012.3785,e3f4a5b6,press
1787477012.4518,e3f4a5b6,release
1787477012.6622,b9c1d2e5,press
1787477012.7954,b9c1d2e5,release
1787477012.9394,e3f4a5b6,press
1787477013.0224,e3f4a5b6,release
1787477013.13,e3f4a5b6,press
1787477013.2657,e3f4a5b6,release
1787477013.5137,f1a2b3c4,press
1787477013.6411,f1a2b3c4,release
1787477013.8191,c7d8e9f0,press
1787477013.9475,c7d8e9f0,release
1787477014.1443,e3f4a5b6,press
1787477014.2531,e3f4a5b6,release
1787477014.4202,b9c1d2e5,press
1787477014.5502,b9c1d2e5,release
1787477014.6616,f1a2b3c4,press
1787477014.7792,f1a2b3c4,release
1787477014.947,c7d8e9f0,press
1787477015.0764,c7d8e9f0,release
1787477015.294,e3f4a5b6,press
1787477015.4298,e3f4a5b6,release
1787477015.5745,a8f2b3e4,press
1787477015.6841,a8f2b3e4,release
1787477015.9304,b9c1d2e5,press
1787477016.0219,b9c1d2e5,release
1787477016.15,e3f4a5b6,press
1787477016.2838,e3f4a5b6,release
1787477016.4757,c7d8e9f0,press
1787477016.5743,c7d8e9f0,release
1787477016.809,a8f2b3e4,press
1787477016.9277,a8f2b3e4,release
1787477017.1385,c7d8e9f0,press
1787477017.2285,c7d8e9f0,release
1787477017.3897,a8f2b3e4,press
1787477017.5295,a8f2b3e4,release
1787477017.7423,c7d8e9f0,press
1787477017.8758,c7d8e9f0,release
1787477018.0337,f1a2b3c4,press
1787477018.1604,f1a2b3c4,release
1787477018.3844,b9c1d2e5,press
1787477018.5122,b9c1d2e5,release
1787477018.7434,a8f2b3e4,press
1787477018.8458,a8f2b3e4,release
1787477019.0532,b9c1d2e5,press
1787477019.1485,b9c1d2e5,release
1787477019.2877,a8f2b3e4,press
1787477019.4268,a8f2b3e4,release
1787477019.6435,e3f4a5b6,press
1787477019.7412,e3f4a5b6,release
1787477019.9543,f1a2b3c4,press
1787477020.0632,f1a2b3c4,release
1787477020.1963,a8f2b3e4,press
1787477020.3296,a8f2b3e4,release
1787477020.5539,e3f4a5b6,press
1787477020.6377,e3f4a5b6,release
1787477020.8441,a8f2b3e4,press
1787477020.9727,a8f2b3e4,release
1787477021.1932,c7d8e9f0,press
1787477021.3288,c7d8e9f0,release
1787477021.492,b9c1d2e5,press
1787477021.5865,b9c1d2e5,release
1787477021.6948,a8f2b3e4,press
1787477021.8296,a8f2b3e4,release
1787477021.9797,e3f4a5b6,press
1787477022.1129,e3f4a5b6,release
1787477022.324,e3f4a5b6,press
1787477022.4591,e3f4a5b6,release
1787477022.6589,e3f4a5b6,press
1787477022.7451,e3f4a5b6,release
1787477022.8674,f1a2b3c4,press
1787477022.9535,f1a2b3c4,release
1787477023.0844,a8f2b3e4,press
1787477023.1867,a8f2b3e4,release
1787477023.2935,b9c1d2e5,press
1787477023.385,b9c1d2e5,release
1787477023.5378,a8f2b3e4,press
1787477023.6312,a8f2b3e4,release
1787477023.8354,e3f4a5b6,press
1787477023.9247,e3f4a5b6,release
1787477024.0853,b9c1d2e5,press
1787477024.2232,b9c1d2e5,release
1787477024.3402,f1a2b3c4,press
1787477024.4563,f1a2b3c4,release
1787477024.5828,f1a2b3c4,press
1787477024.6773,f1a2b3c4,release
1787477024.7957,f1a2b3c4,press
1787477024.9049,f1a2b3c4,release
1787477025.1083,a8f2b3e4,press
1787477025.1953,a8f2b3e4,release
1787477025.3111,c7d8e9f0,press
1787477025.4498,c7d8e9f0,release
1787477025.6612,f1a2b3c4,press
1787477025.771,f1a2b3c4,release
1787477025.9973,b9c1d2e5,press
1787477026.079,b9c1d2e5,release
1787477026.2444,e3f4a5b6,press
1787477026.3559,e3f4a5b6,release
1787477026.5037,e3f4a5b6,press
1787477026.5998,e3f4a5b6,release
1787477026.8148,a8f2b3e4,press
1787477026.8885,a8f2b3e4,release
1787477027.0677,a8f2b3e4,press
1787477027.1883,a8f2b3e4,release
1787477027.3498,a8f2b3e4,press
1787477027.4511,a8f2b3e4,release
1787477027.6944,e3f4a5b6,press
1787477027.8099,e3f4a5b6,release
1787477027.9662,f1a2b3c4,press
1787477028.0893,f1a2b3c4,release
1787477028.318,a8f2b3e4,press
1787477028.3948,a8f2b3e4,release
1787477028.5721,e3f4a5b6,press
1787477028.6771,e3f4a5b6,release
1787477028.87,e3f4a5b6,press
1787477028.9939,e3f4a5b6,release
1787477029.2076,c7d8e9f0,press
1787477029.2912,c7d8e9f0,release
1787477029.4594,a8f2b3e4,press
1787477029.5515,a8f2b3e4,release
1787477029.6988,f1a2b3c4,press
1787477029.7885,f1a2b3c4,release
1787477030.0292,c7d8e9f0,press
1787477030.1629,c7d8e9f0,release
1787477030.279,c7d8e9f0,press
1787477030.3584,c7d8e9f0,release
1787477030.5915,e3f4a5b6,press
1787477030.7053,e3f4a5b6,release
1787477030.824,c7d8e9f0,press
1787477030.9015,c7d8e9f0,release
1787477031.053,b9c1d2e5,press
1787477031.1525,b9c1d2e5,release
1787477031.2674,f1a2b3c4,press
1787477031.3449,f1a2b3c4,release
1787477031.4879,c7d8e9f0,press
1787477031.6131,c7d8e9f0,release
1787477031.8388,a8f2b3e4,press
1787477031.9112,a8f2b3e4,release
1787477032.014,f1a2b3c4,press
1787477032.135,f1a2b3c4,release
1787477032.3565,c7d8e9f0,press
1787477032.4569,c7d8e9f0,release
1787477032.5588,f1a2b3c4,press
1787477032.6948,f1a2b3c4,release
1787477032.9237,b9c1d2e5,press
1787477033.0288,b9c1d2e5,release
1787477033.2117,a8f2b3e4,press
1787477033.3225,a8f2b3e4,release
1787477033.5349,e3f4a5b6,press
1787477033.6279,e3f4a5b6,release
1787477033.7794,b9c1d2e5,press
1787477033.8904,b9c1d2e5,release
1787477034.0279,b9c1d2e5,press
1787477034.1494,b9c1d2e5,release
1787477034.2557,f1a2b3c4,press
1787477034.3827,f1a2b3c4,release
1787477034.4932,b9c1d2e5,press
1787477034.6298,b9c1d2e5,release
1787477034.7454,f1a2b3c4,press
1787477034.8639,f1a2b3c4,release
1787477035.1026,b9c1d2e5,press
1787477035.2255,b9c1d2e5,release
1787477035.433,e3f4a5b6,press
1787477035.5512,e3f4a5b6,release
1787477035.7209,a8f2b3e4,press
1787477035.829,a8f2b3e4,release
1787477036.0087,a8f2b3e4,press
1787477036.1393,a8f2b3e4,release
1787477036.2845,b9c1d2e5,press
1787477036.4123,b9c1d2e5,release
1787477036.5614,f1a2b3c4,press
1787477036.6606,f1a2b3c4,release
1787477036.8182,e3f4a5b6,press
1787477036.9227,e3f4a5b6,release
1787477037.1244,c7d8e9f0,press
1787477037.2205,c7d8e9f0,release
1787477037.3519,b9c1d2e5,press
1787477037.4443,b9c1d2e5,release
1787477037.657,c7d8e9f0,press
1787477037.7856,c7d8e9f0,release
1787477037.9874,c7d8e9f0,press
1787477038.0913,c7d8e9f0,release
1787477038.2022,c7d8e9f0,press
1787477038.3414,c7d8e9f0,release
1787477038.5101,f1a2b3c4,press
1787477038.6036,f1a2b3c4,release
1787477038.7042,b9c1d2e5,press
1787477038.8423,b9c1d2e5,release
1787477038.9485,b9c1d2e5,press
1787477039.079,b9c1d2e5,release
1787477039.3032,c7d8e9f0,press
1787477039.4089,c7d8e9f0,release
1787477039.651,f1a2b3c4,press
1787477039.7357,f1a2b3c4,release
1787477039.8645,a8f2b3e4,press
1787477039.9558,a8f2b3e4,release
1787477040.1097,b9c1d2e5,press
1787477040.1922,b9c1d2e5,release
1787477040.4241,c7d8e9f0,press
1787477040.5321,c7d8e9f0,release
1787477040.7389,c7d8e9f0,press
1787477040.8126,c7d8e9f0,release
1787477041.0408,a8f2b3e4,press
1787477041.118,a8f2b3e4,release
1787477041.2625,e3f4a5b6,press
1787477041.3439,e3f4a5b6,release
1787477041.4817,e3f4a5b6,press
1787477041.6006,e3f4a5b6,release
1787477041.7169,b9c1d2e5,press
1787477041.8152,b9c1d2e5,release
1787477041.9363,a8f2b3e4,press
1787477042.0325,a8f2b3e4,release
1787477042.1738,b9c1d2e5,press
1787477042.3101,b9c1d2e5,release
1787477042.4823,c7d8e9f0,press
1787477042.5968,c7d8e9f0,release
1787477042.7605,a8f2b3e4,press
1787477042.8956,a8f2b3e4,release
1787477043.1032,a8f2b3e4,press
1787477043.238,a8f2b3e4,release
1787477043.3897,c7d8e9f0,press
1787477043.4985,c7d8e9f0,release
1787477043.7349,b9c1d2e5,press
1787477043.8152,b9c1d2e5,release
1787477044.034,a8f2b3e4,press
1787477044.1316,a8f2b3e4,release
1787477044.3244,f1a2b3c4,press
1787477044.4273,f1a2b3c4,release
1787477044.5791,a8f2b3e4,press
1787477044.6872,a8f2b3e4,release
1787477044.878,c7d8e9f0,press
1787477044.9904,c7d8e9f0,release
1787477045.1563,e3f4a5b6,press
1787477045.2529,e3f4a5b6,release
1787477045.4748,e3f4a5b6,press
1787477045.6023,e3f4a5b6,release
1787477045.7304,f1a2b3c4,press
1787477045.8631,f1a2b3c4,release
1787477046.0914,b9c1d2e5,press
1787477046.2149,b9c1d2e5,release
1787477046.3503,a8f2b3e4,press
1787477046.4614,a8f2b3e4,release
1787477046.5889,e3f4a5b6,press
1787477046.6878,e3f4a5b6,release
1787477046.858,e3f4a5b6,press
1787477046.9583,e3f4a5b6,release
1787477047.1184,e3f4a5b6,press
1787477047.2293,e3f4a5b6,release
1787477047.3536,b9c1d2e5,press
1787477047.4925,b9c1d2e5,release
1787477047.7163,b9c1d2e5,press
1787477047.7993,b9c1d2e5,release
1787477048.0409,a8f2b3e4,press
1787477048.1592,a8f2b3e4,release
1787477048.4044,a8f2b3e4,press
1787477048.4974,a8f2b3e4,release
1787477048.6268,a8f2b3e4,press
1787477048.7292,a8f2b3e4,release
1787477048.9013,e3f4a5b6,press
1787477049.029,e3f4a5b6,release
1787477049.2066,f1a2b3c4,press
1787477049.3236,f1a2b3c4,release
1787477049.542,c7d8e9f0,press
1787477049.6722,c7d8e9f0,release
1787477049.8939,f1a2b3c4,press
1787477049.9878,f1a2b3c4,release
1787477050.2094,e3f4a5b6,press
1787477050.2846,e3f4a5b6,release
1787477050.5018,b9c1d2e5,press
1787477050.5834,b9c1d2e5,release
1787477050.8189,c7d8e9f0,press
1787477050.8911,c7d8e9f0,release
1787477051.0941,e3f4a5b6,press
1787477051.1812,e3f4a5b6,release
1787477051.3211,c7d8e9f0,press
1787477051.4473,c7d8e9f0,release
1787477051.6893,e3f4a5b6,press
1787477051.8277,e3f4a5b6,release
1787477051.943,c7d8e9f0,press
1787477052.0669,c7d8e9f0,release
1787477052.2055,a8f2b3e4,press
1787477052.3453,a8f2b3e4,release
1787477052.5808,a8f2b3e4,press
1787477052.7157,a8f2b3e4,release
1787477052.8265,c7d8e9f0,press
1787477052.9205,c7d8e9f0,release
1787477053.0366,c7d8e9f0,press
1787477053.1155,c7d8e9f0,release
1787477053.3514,f1a2b3c4,press
1787477053.4286,f1a2b3c4,release
1787477053.6222,a8f2b3e4,press
1787477053.7459,a8f2b3e4,release
1787477053.9769,c7d8e9f0,press
1787477054.0851,c7d8e9f0,release
1787477054.226,b9c1d2e5,press
1787477054.3182,b9c1d2e5,release
1787477054.4614,e3f4a5b6,press
1787477054.5493,e3f4a5b6,release
1787477054.6695,a8f2b3e4,press
1787477054.7746,a8f2b3e4,release
1787477054.993,e3f4a5b6,press
1787477055.1126,e3f4a5b6,release
1787477055.3391,a8f2b3e4,press
1787477055.4653,a8f2b3e4,release
1787477055.6524,b9c1d2e5,press
1787477055.7417,b9c1d2e5,release
1787477055.9186,e3f4a5b6,press
1787477056.0422,e3f4a5b6,release
1787477056.1986,c7d8e9f0,press
1787477056.2687,c7d8e9f0,release
1787477056.4965,e3f4a5b6,press
1787477056.5683,e3f4a5b6,release
1787477056.6882,f1a2b3c4,press
1787477056.8267,f1a2b3c4,release
1787477057.0324,c7d8e9f0,press
1787477057.1661,c7d8e9f0,release
1787477057.3875,b9c1d2e5,press
1787477057.5086,b9c1d2e5,release
1787477057.6769,b9c1d2e5,press
1787477057.8054,b9c1d2e5,release
1787477057.9323,b9c1d2e5,press
1787477058.0209,b9c1d2e5,release
1787477058.251,f1a2b3c4,press
1787477058.3818,f1a2b3c4,release
1787477058.5581,b9c1d2e5,press
1787477058.6469,b9c1d2e5,release
1787477058.8362,e3f4a5b6,press
1787477058.9408,e3f4a5b6,release
1787477059.1609,c7d8e9f0,press
1787477059.2985,c7d8e9f0,release
1787477059.5466,e3f4a5b6,press
1787477059.6243,e3f4a5b6,release
1787477059.8425,a8f2b3e4,press
1787477059.981,a8f2b3e4,release
1787477060.1353,b9c1d2e5,press
1787477060.2666,b9c1d2e5,release
1787477060.4282,c7d8e9f0,press
1787477060.5622,c7d8e9f0,release
1787477060.7308,a8f2b3e4,press
1787477060.8116,a8f2b3e4,release
1787477061.0321,a8f2b3e4,press
1787477061.1639,a8f2b3e4,release
1787477061.3475,b9c1d2e5,press
1787477061.4245,b9c1d2e5,release
1787477061.5546,f1a2b3c4,press
1787477061.6354,f1a2b3c4,release
1787477061.7496,a8f2b3e4,press
1787477061.8361,a8f2b3e4,release
1787477061.9923,c7d8e9f0,press
1787477062.1147,c7d8e9f0,release
1787477062.2694,c7d8e9f0,press
1787477062.3889,c7d8e9f0,release
1787477062.5572,b9c1d2e5,press
1787477062.6305,b9c1d2e5,release
1787477062.7972,a8f2b3e4,press
1787477062.9248,a8f2b3e4,release
1787477063.0408,e3f4a5b6,press
1787477063.1383,e3f4a5b6,release
1787477063.3727,f1a2b3c4,press
1787477063.4632,f1a2b3c4,release
1787477063.6478,e3f4a5b6,press
1787477063.759,e3f4a5b6,release
1787477063.8695,b9c1d2e5,press
1787477063.9859,b9c1d2e5,release
1787477064.1764,e3f4a5b6,press
1787477064.2952,e3f4a5b6,release
1787477064.5071,b9c1d2e5,press
1787477064.6227,b9c1d2e5,release
1787477064.7389,c7d8e9f0,press
1787477064.8519,c7d8e9f0,release
1787477064.9627,f1a2b3c4,press
1787477065.0365,f1a2b3c4,release
1787477065.2098,e3f4a5b6,press
1787477065.3339,e3f4a5b6,release
1787477065.521,e3f4a5b6,press
1787477065.6108,e3f4a5b6,release
1787477065.8116,b9c1d2e5,press
1787477065.9392,b9c1d2e5,release
1787477066.1489,c7d8e9f0,press
1787477066.2878,c7d8e9f0,release
1787477066.4828,e3f4a5b6,press
1787477066.5812,e3f4a5b6,release
1787477066.7891,f1a2b3c4,press
1787477066.8847,f1a2b3c4,release
1787477066.9925,f1a2b3c4,press
1787477067.1103,f1a2b3c4,release
1787477067.3107,c7d8e9f0,press
1787477067.3857,c7d8e9f0,release
1787477067.5817,e3f4a5b6,press
1787477067.6828,e3f4a5b6,release
1787477067.9048,b9c1d2e5,press
1787477068.0257,b9c1d2e5,release
1787477068.2142,b9c1d2e5,press
1787477068.3092,b9c1d2e5,release
1787477068.4942,e3f4a5b6,press
1787477068.6174,e3f4a5b6,release
1787477068.7356,a8f2b3e4,press
1787477068.835,a8f2b3e4,release
1787477068.9558,c7d8e9f0,press
1787477069.0607,c7d8e9f0,release
1787477069.177,c7d8e9f0,press
1787477069.2994,c7d8e9f0,release
1787477069.4557,f1a2b3c4,press
1787477069.5362,f1a2b3c4,release
1787477069.7155,c7d8e9f0,press
1787477069.8205,c7d8e9f0,release
1787477070.0345,c7d8e9f0,press
1787477070.151,c7d8e9f0,release
1787477070.2836,b9c1d2e5,press
1787477070.4161,b9c1d2e5,release
1787477070.5163,b9c1d2e5,press
1787477070.6141,b9c1d2e5,release
1787477070.7873,c7d8e9f0,press
1787477070.8814,c7d8e9f0,release
1787477071.0002,e3f4a5b6,press
1787477071.0943,e3f4a5b6,release
1787477071.2386,b9c1d2e5,press
1787477071.3691,b9c1d2e5,release
1787477071.5555,e3f4a5b6,press
1787477071.6585,e3f4a5b6,release
1787477071.7967,b9c1d2e5,press
1787477071.9019,b9c1d2e5,release
1787477072.151,a8f2b3e4,press
1787477072.2791,a8f2b3e4,release
1787477072.4759,b9c1d2e5,press
1787477072.5767,b9c1d2e5,release
1787477072.7978,e3f4a5b6,press
1787477072.9039,e3f4a5b6,release
1787477073.1441,e3f4a5b6,press
1787477073.2183,e3f4a5b6,release
1787477073.3222,b9c1d2e5,press
1787477073.4244,b9c1d2e5,release
1787477073.5882,f1a2b3c4,press
1787477073.6644,f1a2b3c4,release
1787477073.8909,a8f2b3e4,press
1787477074.0225,a8f2b3e4,release
1787477074.1497,f1a2b3c4,press
1787477074.224,f1a2b3c4,release
1787477074.4646,f1a2b3c4,press
1787477074.5548,f1a2b3c4,release
1787477074.7479,b9c1d2e5,press
1787477074.8292,b9c1d2e5,release
1787477075.0025,f1a2b3c4,press
1787477075.1028,f1a2b3c4,release
1787477075.2444,f1a2b3c4,press
1787477075.3248,f1a2b3c4,release
1787477075.4685,e3f4a5b6,press
1787477075.5947,e3f4a5b6,release
1787477075.7945,e3f4a5b6,press
1787477075.8711,e3f4a5b6,release
1787477076.1211,f1a2b3c4,press
1787477076.2168,f1a2b3c4,release
1787477076.3423,e3f4a5b6,press
1787477076.4215,e3f4a5b6,release
1787477076.6047,a8f2b3e4,press
1787477076.6762,a8f2b3e4,release
1787477076.8933,e3f4a5b6,press
1787477076.9813,e3f4a5b6,release
1787477077.1929,b9c1d2e5,press
1787477077.2734,b9c1d2e5,release
1787477077.399,c7d8e9f0,press
1787477077.4735,c7d8e9f0,release
1787477077.6409,b9c1d2e5,press
1787477077.7376,b9c1d2e5,release
1787477077.8605,a8f2b3e4,press
1787477077.9725,a8f2b3e4,release
1787477078.216,e3f4a5b6,press
1787477078.3363,e3f4a5b6,release
1787477078.5096,e3f4a5b6,press
1787477078.6343,e3f4a5b6,release
1787477078.881,a8f2b3e4,press
1787477078.9562,a8f2b3e4,release
1787477079.1209,a8f2b3e4,press
1787477079.2179,a8f2b3e4,release
1787477079.4665,c7d8e9f0,press
1787477079.5921,c7d8e9f0,release
1787477079.7083,c7d8e9f0,press
1787477079.7946,c7d8e9f0,release
1787477080.0411,c7d8e9f0,press
1787477080.1569,c7d8e9f0,release
1787477080.3645,c7d8e9f0,press
1787477080.461,c7d8e9f0,release
1787477080.5948,a8f2b3e4,press
1787477080.6768,a8f2b3e4,release
1787477080.8233,c7d8e9f0,press
1787477080.8995,c7d8e9f0,release
1787477081.0201,e3f4a5b6,press
1787477081.1455,e3f4a5b6,release
1787477081.279,b9c1d2e5,press
1787477081.3973,b9c1d2e5,release
1787477081.6303,f1a2b3c4,press
1787477081.722,f1a2b3c4,release
1787477081.875,c7d8e9f0,press
1787477082.0143,c7d8e9f0,release
1787477082.146,f1a2b3c4,press
1787477082.2317,f1a2b3c4,release
1787477082.4594,f1a2b3c4,press
1787477082.5338,f1a2b3c4,release
1787477082.6496,b9c1d2e5,press
1787477082.7438,b9c1d2e5,release
1787477082.9475,c7d8e9f0,press
1787477083.0582,c7d8e9f0,release
1787477083.1678,f1a2b3c4,press
1787477083.2732,f1a2b3c4,release
1787477083.4368,e3f4a5b6,press
1787477083.5392,e3f4a5b6,release
1787477083.7849,a8f2b3e4,press
1787477083.8935,a8f2b3e4,release
1787477084.059,a8f2b3e4,press
1787477084.1502,a8f2b3e4,release
1787477084.3963,b9c1d2e5,press
1787477084.4905,b9c1d2e5,release
1787477084.714,c7d8e9f0,press
1787477084.8092,c7d8e9f0,release
1787477084.9404,a8f2b3e4,press
1787477085.0155,a8f2b3e4,release
1787477085.1739,a8f2b3e4,press
1787477085.2489,a8f2b3e4,release
1787477085.4579,e3f4a5b6,press
1787477085.5489,e3f4a5b6,release
1787477085.7226,b9c1d2e5,press
1787477085.8236,b9c1d2e5,release
1787477085.9849,a8f2b3e4,press
1787477086.0617,a8f2b3e4,release
1787477086.298,e3f4a5b6,press
1787477086.3775,e3f4a5b6,release
1787477086.5957,b9c1d2e5,press
1787477086.6729,b9c1d2e5,release
1787477086.7907,a8f2b3e4,press
1787477086.9027,a8f2b3e4,release
1787477087.0151,f1a2b3c4,press
1787477087.1428,f1a2b3c4,release
1787477087.3495,c7d8e9f0,press
1787477087.4535,c7d8e9f0,release
1787477087.6316,c7d8e9f0,press
1787477087.7588,c7d8e9f0,release
1787477087.8695,c7d8e9f0,press
1787477087.9771,c7d8e9f0,release
1787477088.1911,a8f2b3e4,press
1787477088.2906,a8f2b3e4,release
1787477088.5253,b9c1d2e5,press
1787477088.6457,b9c1d2e5,release
1787477088.8227,a8f2b3e4,press
1787477088.9266,a8f2b3e4,release
1787477089.0911,f1a2b3c4,press
1787477089.2108,f1a2b3c4,release
1787477089.3652,f1a2b3c4,press
1787477089.4818,f1a2b3c4,release
1787477089.6212,e3f4a5b6,press
1787477089.7382,e3f4a5b6,release
1787477089.8449,f1a2b3c4,press
1787477089.9455,f1a2b3c4,release
1787477090.147,e3f4a5b6,press
1787477090.2711,e3f4a5b6,release
1787477090.4925,a8f2b3e4,press
1787477090.5712,a8f2b3e4,release
1787477090.7988,f1a2b3c4,press
1787477090.9381,f1a2b3c4,release
1787477091.0645,f1a2b3c4,press
1787477091.1422,f1a2b3c4,release
1787477091.3246,e3f4a5b6,press
1787477091.4333,e3f4a5b6,release
1787477091.5966,a8f2b3e4,press
1787477091.7285,a8f2b3e4,release
1787477091.8996,c7d8e9f0,press
1787477091.9991,c7d8e9f0,release
1787477092.1408,a8f2b3e4,press
1787477092.2681,a8f2b3e4,release
1787477092.4381,f1a2b3c4,press
1787477092.5446,f1a2b3c4,release
1787477092.7879,e3f4a5b6,press
1787477092.9194,e3f4a5b6,release
1787477093.1551,c7d8e9f0,press
1787477093.2923,c7d8e9f0,release
1787477093.496,a8f2b3e4,press
1787477093.5786,a8f2b3e4,release
1787477093.7856,a8f2b3e4,press
1787477093.8854,a8f2b3e4,release
1787477094.1162,e3f4a5b6,press
1787477094.2215,e3f4a5b6,release
1787477094.341,f1a2b3c4,press
1787477094.4432,f1a2b3c4,release
1787477094.6907,b9c1d2e5,press
1787477094.7729,b9c1d2e5,release
1787477095.0138,f1a2b3c4,press
1787477095.1042,f1a2b3c4,release
1787477095.2634,c7d8e9f0,press
1787477095.3423,c7d8e9f0,release
1787477095.522,c7d8e9f0,press
1787477095.5996,c7d8e9f0,release
1787477095.7542,a8f2b3e4,press
1787477095.8655,a8f2b3e4,release
1787477096.0962,a8f2b3e4,press
1787477096.1762,a8f2b3e4,release
1787477096.418,a8f2b3e4,press
1787477096.516,a8f2b3e4,release
1787477096.6811,b9c1d2e5,press
1787477096.7725,b9c1d2e5,release
1787477096.9044,f1a2b3c4,press
1787477097.0416,f1a2b3c4,release
1787477097.24,c7d8e9f0,press
1787477097.3398,c7d8e9f0,release
1787477097.5797,e3f4a5b6,press
1787477097.7122,e3f4a5b6,release
1787477097.8877,c7d8e9f0,press
1787477097.97,c7d8e9f0,release
1787477098.1433,e3f4a5b6,press
1787477098.2243,e3f4a5b6,release
1787477098.4175,c7d8e9f0,press
1787477098.5551,c7d8e9f0,release
1787477098.7825,c7d8e9f0,press
1787477098.9024,c7d8e9f0,release
1787477099.0151,e3f4a5b6,press
1787477099.1311,e3f4a5b6,release
1787477099.2986,b9c1d2e5,press
1787477099.3736,b9c1d2e5,release
1787477099.5401,f1a2b3c4,press
1787477099.6253,f1a2b3c4,release
1787477099.7837,e3f4a5b6,press
1787477099.8754,e3f4a5b6,release
1787477100.0754,a8f2b3e4,press
1787477100.1909,a8f2b3e4,release
1787477100.4268,f1a2b3c4,press
1787477100.5231,f1a2b3c4,release
1787477100.683,c7d8e9f0,press
1787477100.7563,c7d8e9f0,release
1787477100.9902,c7d8e9f0,press
1787477101.0995,c7d8e9f0,release
1787477101.2521,a8f2b3e4,press
1787477101.33,a8f2b3e4,release
1787477101.4875,b9c1d2e5,press
1787477101.6265,b9c1d2e5,release
1787477101.7993,c7d8e9f0,press
1787477101.9308,c7d8e9f0,release
1787477102.0603,f1a2b3c4,press
1787477102.1384,f1a2b3c4,release
1787477102.2627,b9c1d2e5,press
1787477102.3596,b9c1d2e5,release
1787477102.512,e3f4a5b6,press
1787477102.6299,e3f4a5b6,release
1787477102.8154,c7d8e9f0,press
1787477102.9444,c7d8e9f0,release
1787477103.1327,c7d8e9f0,press
1787477103.2054,c7d8e9f0,release
1787477103.3776,c7d8e9f0,press
1787477103.4527,c7d8e9f0,release
1787477103.6672,c7d8e9f0,press
1787477103.781,c7d8e9f0,release
1787477103.8947,f1a2b3c4,press
1787477103.973,f1a2b3c4,release
1787477104.2,f1a2b3c4,press
1787477104.3035,f1a2b3c4,release
1787477104.5336,f1a2b3c4,press
1787477104.6632,f1a2b3c4,release
1787477104.8836,c7d8e9f0,press
1787477105.0095,c7d8e9f0,release
1787477105.1419,f1a2b3c4,press
1787477105.2434,f1a2b3c4,release
1787477105.4904,f1a2b3c4,press
1787477105.5674,f1a2b3c4,release
1787477105.7328,e3f4a5b6,press
1787477105.8708,e3f4a5b6,release
1787477105.9883,b9c1d2e5,press
1787477106.0992,b9c1d2e5,release
1787477106.2715,f1a2b3c4,press
1787477106.4095,f1a2b3c4,release
1787477106.645,b9c1d2e5,press
1787477106.7607,b9c1d2e5,release
1787477106.9819,b9c1d2e5,press
1787477107.1049,b9c1d2e5,release
1787477107.2269,a8f2b3e4,press
1787477107.3612,a8f2b3e4,release
1787477107.5823,c7d8e9f0,press
1787477107.7072,c7d8e9f0,release
1787477107.8953,c7d8e9f0,press
1787477108.0076,c7d8e9f0,release
1787477108.1761,f1a2b3c4,press
1787477108.2559,f1a2b3c4,release
1787477108.4327,e3f4a5b6,press
1787477108.5082,e3f4a5b6,release
1787477108.6655,f1a2b3c4,press
1787477108.7543,f1a2b3c4,release
1787477108.9628,c7d8e9f0,press
1787477109.0558,c7d8e9f0,release
1787477109.1932,f1a2b3c4,press
1787477109.3289,f1a2b3c4,release
1787477109.5294,e3f4a5b6,press
1787477109.6331,e3f4a5b6,release
1787477109.8649,b9c1d2e5,press
1787477109.9557,b9c1d2e5,release
1787477110.1783,a8f2b3e4,press
1787477110.2851,a8f2b3e4,release
1787477110.4571,f1a2b3c4,press
1787477110.5551,f1a2b3c4,release
1787477110.8014,a8f2b3e4,press
1787477110.9241,a8f2b3e4,release
1787477111.1371,b9c1d2e5,press
1787477111.2764,b9c1d2e5,release
1787477111.4705,c7d8e9f0,press
1787477111.5673,c7d8e9f0,release
1787477111.7824,b9c1d2e5,press
1787477111.9133,b9c1d2e5,release
1787477112.0673,e3f4a5b6,press
1787477112.1807,e3f4a5b6,release
1787477112.3172,c7d8e9f0,press
1787477112.4558,c7d8e9f0,release
1787477112.5942,f1a2b3c4,press
1787477112.6983,f1a2b3c4,release
1787477112.9368,b9c1d2e5,press
1787477113.0669,b9c1d2e5,release
1787477113.2861,b9c1d2e5,press
1787477113.3819,b9c1d2e5,release
1787477113.5871,a8f2b3e4,press
1787477113.7105,a8f2b3e4,release
1787477113.8421,b9c1d2e5,press
1787477113.9213,b9c1d2e5,release
1787477114.1114,c7d8e9f0,press
1787477114.2152,c7d8e9f0,release
1787477114.3214,b9c1d2e5,press
1787477114.4516,b9c1d2e5,release
1787477114.5574,e3f4a5b6,press
1787477114.6756,e3f4a5b6,release
1787477114.8937,a8f2b3e4,press
1787477115.0139,a8f2b3e4,release
1787477115.1522,c7d8e9f0,press
1787477115.2361,c7d8e9f0,release
1787477115.4471,f1a2b3c4,press
1787477115.5863,f1a2b3c4,release
1787477115.8018,f1a2b3c4,press
1787477115.8931,f1a2b3c4,release
1787477116.1052,a8f2b3e4,press
1787477116.231,a8f2b3e4,release
1787477116.4339,c7d8e9f0,press
1787477116.542,c7d8e9f0,release
1787477116.791,c7d8e9f0,press
1787477116.8955,c7d8e9f0,release
1787477117.102,a8f2b3e4,press
1787477117.1731,a8f2b3e4,release
1787477117.3183,c7d8e9f0,press
1787477117.4014,c7d8e9f0,release
1787477117.5614,e3f4a5b6,press
1787477117.6874,e3f4a5b6,release
1787477117.8408,f1a2b3c4,press
1787477117.952,f1a2b3c4,release
1787477118.1027,c7d8e9f0,press
1787477118.2378,c7d8e9f0,release
1787477118.3963,a8f2b3e4,press
1787477118.5059,a8f2b3e4,release
1787477118.6123,f1a2b3c4,press
1787477118.7444,f1a2b3c4,release
1787477118.9529,f1a2b3c4,press
1787477119.0282,f1a2b3c4,release
1787477119.1945,f1a2b3c4,press
1787477119.3313,f1a2b3c4,release
1787477119.4751,b9c1d2e5,press
1787477119.6131,b9c1d2e5,release
1787477119.7763,f1a2b3c4,press
1787477119.896,f1a2b3c4,release
1787477120.1057,a8f2b3e4,press
1787477120.1978,a8f2b3e4,release
1787477120.3584,a8f2b3e4,press
1787477120.4772,a8f2b3e4,release
1787477120.6848,a8f2b3e4,press
1787477120.8003,a8f2b3e4,release
1787477120.9332,b9c1d2e5,press
1787477121.0272,b9c1d2e5,release
1787477121.2729,a8f2b3e4,press
1787477121.3631,a8f2b3e4,release
1787477121.5298,c7d8e9f0,press
1787477121.6002,c7d8e9f0,release
1787477121.8125,b9c1d2e5,press
1787477121.8849,b9c1d2e5,release
1787477122.0471,f1a2b3c4,press
1787477122.1333,f1a2b3c4,release
1787477122.3091,f1a2b3c4,press
1787477122.3893,f1a2b3c4,release
1787477122.5052,c7d8e9f0,press
1787477122.6338,c7d8e9f0,release
1787477122.8336,f1a2b3c4,press
1787477122.9193,f1a2b3c4,release
1787477123.0499,e3f4a5b6,press
1787477123.1686,e3f4a5b6,release
1787477123.3996,e3f4a5b6,press
1787477123.472,e3f4a5b6,release
1787477123.6636,b9c1d2e5,press
1787477123.7353,b9c1d2e5,release
1787477123.8466,e3f4a5b6,press
1787477123.9321,e3f4a5b6,release
1787477124.1176,a8f2b3e4,press
1787477124.2286,a8f2b3e4,release
1787477124.4515,f1a2b3c4,press
1787477124.5823,f1a2b3c4,release
1787477124.8133,c7d8e9f0,press
1787477124.8984,c7d8e9f0,release
1787477125.0378,b9c1d2e5,press
1787477125.1425,b9c1d2e5,release
1787477125.32,a8f2b3e4,press
1787477125.3963,a8f2b3e4,release
1787477125.573,c7d8e9f0,press
1787477125.6732,c7d8e9f0,release
1787477125.8664,e3f4a5b6,press
1787477125.9939,e3f4a5b6,release
1787477126.1033,a8f2b3e4,press
1787477126.1808,a8f2b3e4,release
1787477126.3329,f1a2b3c4,press
1787477126.4295,f1a2b3c4,release
1787477126.641,c7d8e9f0,press
1787477126.7445,c7d8e9f0,release
1787477126.9105,f1a2b3c4,press
1787477127.0306,f1a2b3c4,release
1787477127.2198,e3f4a5b6,press
1787477127.3251,e3f4a5b6,release
1787477127.5388,e3f4a5b6,press
1787477127.6488,e3f4a5b6,release
1787477127.8965,c7d8e9f0,press
1787477128.0027,c7d8e9f0,release
1787477128.2459,f1a2b3c4,press
1787477128.328,f1a2b3c4,release
1787477128.5588,b9c1d2e5,press
1787477128.6944,b9c1d2e5,release
1787477128.8747,b9c1d2e5,press
1787477128.9896,b9c1d2e5,release
1787477129.1259,b9c1d2e5,press
1787477129.2256,b9c1d2e5,release
1787477129.3338,e3f4a5b6,press
1787477129.4626,e3f4a5b6,release
1787477129.6114,f1a2b3c4,press
1787477129.7297,f1a2b3c4,release
1787477129.8605,b9c1d2e5,press
1787477129.962,b9c1d2e5,release
1787477130.0817,a8f2b3e4,press
1787477130.1592,a8f2b3e4,release
1787477130.2664,a8f2b3e4,press
1787477130.3525,a8f2b3e4,release
1787477130.4875,b9c1d2e5,press
1787477130.6018,b9c1d2e5,release
1787477130.7031,e3f4a5b6,press
1787477130.831,e3f4a5b6,release
1787477131.0287,e3f4a5b6,press
1787477131.1201,e3f4a5b6,release
1787477131.2672,b9c1d2e5,press
1787477131.353,b9c1d2e5,release
1787477131.4801,a8f2b3e4,press
1787477131.5758,a8f2b3e4,release
1787477131.6934,e3f4a5b6,press
1787477131.832,e3f4a5b6,release
1787477131.9632,a8f2b3e4,press
1787477132.0589,a8f2b3e4,release
1787477132.2454,a8f2b3e4,press
1787477132.3286,a8f2b3e4,release
1787477132.4527,a8f2b3e4,press
1787477132.5798,a8f2b3e4,release
1787477132.8056,f1a2b3c4,press
1787477132.8888,f1a2b3c4,release
1787477133.0225,f1a2b3c4,press
1787477133.1261,f1a2b3c4,release
1787477133.3325,a8f2b3e4,press
1787477133.4212,a8f2b3e4,release
1787477133.6056,b9c1d2e5,press
1787477133.7168,b9c1d2e5,release
1787477133.8583,b9c1d2e5,press
1787477133.9391,b9c1d2e5,release
1787477134.1049,a8f2b3e4,press
1787477134.2259,a8f2b3e4,release
1787477134.3421,a8f2b3e4,press
1787477134.4764,a8f2b3e4,release
1787477134.6715,b9c1d2e5,press
1787477134.8032,b9c1d2e5,release
1787477134.9606,e3f4a5b6,press
1787477135.0446,e3f4a5b6,release
1787477135.2009,c7d8e9f0,press
1787477135.2859,c7d8e9f0,release
1787477135.4387,a8f2b3e4,press
1787477135.5353,a8f2b3e4,release
1787477135.6798,e3f4a5b6,press
1787477135.7659,e3f4a5b6,release
1787477135.9223,c7d8e9f0,press
1787477136.0576,c7d8e9f0,release
1787477136.1917,c7d8e9f0,press
1787477136.3105,c7d8e9f0,release
1787477136.5147,c7d8e9f0,press
1787477136.5964,c7d8e9f0,release
1787477136.7789,e3f4a5b6,press
1787477136.8552,e3f4a5b6,release
1787477137.0381,e3f4a5b6,press
1787477137.1081,e3f4a5b6,release
1787477137.331,b9c1d2e5,press
1787477137.4479,b9c1d2e5,release
1787477137.5511,f1a2b3c4,press
1787477137.6487,f1a2b3c4,release
1787477137.8798,f1a2b3c4,press
1787477137.9597,f1a2b3c4,release
1787477138.1908,e3f4a5b6,press
1787477138.2834,e3f4a5b6,release
1787477138.5184,f1a2b3c4,press
1787477138.6423,f1a2b3c4,release
1787477138.8841,e3f4a5b6,press
1787477138.9917,e3f4a5b6,release
1787477139.2104,e3f4a5b6,press
1787477139.2987,e3f4a5b6,release
1787477139.4554,b9c1d2e5,press
1787477139.5355,b9c1d2e5,release
1787477139.7296,e3f4a5b6,press
1787477139.8194,e3f4a5b6,release
1787477140.0623,c7d8e9f0,press
1787477140.1395,c7d8e9f0,release
1787477140.3749,c7d8e9f0,press
1787477140.4635,c7d8e9f0,release
1787477140.7009,b9c1d2e5,press
1787477140.8232,b9c1d2e5,release
1787477140.9419,e3f4a5b6,press
1787477141.0515,e3f4a5b6,release
1787477141.2703,c7d8e9f0,press
1787477141.3976,c7d8e9f0,release
1787477141.5074,c7d8e9f0,press
1787477141.6177,c7d8e9f0,release
1787477141.8196,f1a2b3c4,press
1787477141.9554,f1a2b3c4,release
1787477142.1383,a8f2b3e4,press
1787477142.2327,a8f2b3e4,release
1787477142.381,f1a2b3c4,press
1787477142.5003,f1a2b3c4,release
1787477142.7099,a8f2b3e4,press
1787477142.8342,a8f2b3e4,release
1787477142.9965,a8f2b3e4,press
1787477143.108,a8f2b3e4,release
1787477143.2956,a8f2b3e4,press
1787477143.4112,a8f2b3e4,release
1787477143.5791,c7d8e9f0,press
1787477143.7025,c7d8e9f0,release
1787477143.8287,f1a2b3c4,press
1787477143.9088,f1a2b3c4,release
1787477144.1516,f1a2b3c4,press
1787477144.2224,f1a2b3c4,release
1787477144.418,b9c1d2e5,press
1787477144.5089,b9c1d2e5,release
1787477144.628,a8f2b3e4,press
1787477144.7536,a8f2b3e4,release
1787477144.9591,f1a2b3c4,press
1787477145.0298,f1a2b3c4,release
1787477145.1756,a8f2b3e4,press
1787477145.2656,a8f2b3e4,release
1787477145.4494,e3f4a5b6,press
1787477145.5272,e3f4a5b6,release
1787477145.6516,b9c1d2e5,press
1787477145.7726,b9c1d2e5,release
1787477145.9822,a8f2b3e4,press
1787477146.0849,a8f2b3e4,release
1787477146.3196,e3f4a5b6,press
1787477146.4038,e3f4a5b6,release
1787477146.5765,b9c1d2e5,press
1787477146.7038,b9c1d2e5,release
1787477146.9439,f1a2b3c4,press
1787477147.0324,f1a2b3c4,release
1787477147.2436,e3f4a5b6,press
1787477147.3531,e3f4a5b6,release
1787477147.5376,f1a2b3c4,press
1787477147.6195,f1a2b3c4,release
1787477147.8292,b9c1d2e5,press
1787477147.9379,b9c1d2e5,release
1787477148.0816,b9c1d2e5,press
1787477148.208,b9c1d2e5,release
1787477148.4538,b9c1d2e5,press
1787477148.5472,b9c1d2e5,release
1787477148.7525,a8f2b3e4,press
1787477148.8548,a8f2b3e4,release
1787477149.0599,e3f4a5b6,press
1787477149.1528,e3f4a5b6,release
1787477149.3777,f1a2b3c4,press
1787477149.4484,f1a2b3c4,release
1787477149.6686,e3f4a5b6,press
1787477149.7852,e3f4a5b6,release
1787477150.0239,f1a2b3c4,press
1787477150.1103,f1a2b3c4,release
1787477150.3095,c7d8e9f0,press
1787477150.4077,c7d8e9f0,release
1787477150.6356,f1a2b3c4,press
1787477150.7653,f1a2b3c4,release
1787477150.9373,b9c1d2e5,press
1787477151.0511,b9c1d2e5,release
1787477151.2342,b9c1d2e5,press
1787477151.3705,b9c1d2e5,release
1787477151.6074,a8f2b3e4,press
1787477151.741,a8f2b3e4,release
1787477151.8451,e3f4a5b6,press
1787477151.9785,e3f4a5b6,release
1787477152.162,c7d8e9f0,press
1787477152.275,c7d8e9f0,release
1787477152.3785,e3f4a5b6,press
1787477152.4712,e3f4a5b6,release
1787477152.653,f1a2b3c4,press
1787477152.7552,f1a2b3c4,release
1787477152.8987,f1a2b3c4,press
1787477153.0352,f1a2b3c4,release
1787477153.2603,e3f4a5b6,press
1787477153.3806,e3f4a5b6,release
1787477153.597,b9c1d2e5,press
1787477153.6754,b9c1d2e5,release
1787477153.9046,c7d8e9f0,press
1787477154.0224,c7d8e9f0,release
1787477154.1283,a8f2b3e4,press
1787477154.25,a8f2b3e4,release
1787477154.4249,b9c1d2e5,press
1787477154.5015,b9c1d2e5,release
1787477154.7261,a8f2b3e4,press
1787477154.7975,a8f2b3e4,release
1787477154.9996,e3f4a5b6,press
1787477155.0704,e3f4a5b6,release
1787477155.2787,e3f4a5b6,press
1787477155.3729,e3f4a5b6,release
1787477155.5828,a8f2b3e4,press
1787477155.6752,a8f2b3e4,release
1787477155.8588,c7d8e9f0,press
1787477155.983,c7d8e9f0,release
1787477156.2032,b9c1d2e5,press
1787477156.3198,b9c1d2e5,release
1787477156.4434,f1a2b3c4,press
1787477156.5644,f1a2b3c4,release
1787477156.8095,b9c1d2e5,press
1787477156.8847,b9c1d2e5,release
1787477157.1343,b9c1d2e5,press
1787477157.2418,b9c1d2e5,release
1787477157.3433,f1a2b3c4,press
1787477157.4297,f1a2b3c4,release
1787477157.6748,c7d8e9f0,press
1787477157.7564,c7d8e9f0,release
1787477157.9332,b9c1d2e5,press
1787477158.0419,b9c1d2e5,release
1787477158.1611,b9c1d2e5,press
1787477158.2421,b9c1d2e5,release
1787477158.492,e3f4a5b6,press
1787477158.6148,e3f4a5b6,release
1787477158.7966,a8f2b3e4,press
1787477158.8825,a8f2b3e4,release
1787477159.0187,e3f4a5b6,press
1787477159.1397,e3f4a5b6,release
1787477159.3112,e3f4a5b6,press
1787477159.4049,e3f4a5b6,release
1787477159.6402,a8f2b3e4,press
1787477159.7215,a8f2b3e4,release
1787477159.8681,b9c1d2e5,press
1787477159.9758,b9c1d2e5,release
1787477160.1037,e3f4a5b6,press
1787477160.2429,e3f4a5b6,release
1787477160.3869,a8f2b3e4,press
1787477160.5154,a8f2b3e4,release
1787477160.7061,a8f2b3e4,press
1787477160.839,a8f2b3e4,release
1787477160.9724,e3f4a5b6,press
1787477161.0858,e3f4a5b6,release
1787477161.3284,f1a2b3c4,press
1787477161.464,f1a2b3c4,release
1787477161.6574,a8f2b3e4,press
1787477161.7918,a8f2b3e4,release
1787477162.011,b9c1d2e5,press
1787477162.0975,b9c1d2e5,release
1787477162.2751,f1a2b3c4,press
1787477162.3485,f1a2b3c4,release
1787477162.5878,b9c1d2e5,press
1787477162.6874,b9c1d2e5,release
1787477162.8548,e3f4a5b6,press
1787477162.9904,e3f4a5b6,release
1787477163.1674,a8f2b3e4,press
1787477163.2582,a8f2b3e4,release
1787477163.3667,a8f2b3e4,press
1787477163.4836,a8f2b3e4,release
1787477163.5858,a8f2b3e4,press
1787477163.6833,a8f2b3e4,release
1787477163.7933,e3f4a5b6,press
1787477163.897,e3f4a5b6,release
1787477164.013,a8f2b3e4,press
1787477164.106,a8f2b3e4,release
1787477164.3425,f1a2b3c4,press
1787477164.4265,f1a2b3c4,release
1787477164.5475,f1a2b3c4,press
1787477164.6645,f1a2b3c4,release
1787477164.8098,b9c1d2e5,press
1787477164.9137,b9c1d2e5,release
1787477165.114,e3f4a5b6,press
1787477165.2031,e3f4a5b6,release
1787477165.3824,f1a2b3c4,press
1787477165.4992,f1a2b3c4,release
1787477165.6492,e3f4a5b6,press
1787477165.7884,e3f4a5b6,release
1787477165.913,a8f2b3e4,press
1787477166.0495,a8f2b3e4,release
1787477166.1853,b9c1d2e5,press
1787477166.3225,b9c1d2e5,release
1787477166.552,a8f2b3e4,press
1787477166.6501,a8f2b3e4,release
1787477166.8829,f1a2b3c4,press
1787477166.957,f1a2b3c4,release
1787477167.07,b9c1d2e5,press
1787477167.2019,b9c1d2e5,release
1787477167.3214,b9c1d2e5,press
1787477167.4346,b9c1d2e5,release
1787477167.6206,a8f2b3e4,press
1787477167.7115,a8f2b3e4,release
1787477167.8302,a8f2b3e4,press
1787477167.9644,a8f2b3e4,release
1787477168.2087,c7d8e9f0,press
1787477168.3072,c7d8e9f0,release
1787477168.4305,b9c1d2e5,press
1787477168.5412,b9c1d2e5,release
1787477168.6452,a8f2b3e4,press
1787477168.7491,a8f2b3e4,release
1787477168.9373,b9c1d2e5,press
1787477169.0514,b9c1d2e5,release
1787477169.1991,b9c1d2e5,press
1787477169.301,b9c1d2e5,release
1787477169.5174,c7d8e9f0,press
1787477169.6489,c7d8e9f0,release
1787477169.7969,a8f2b3e4,press
1787477169.8941,a8f2b3e4,release
1787477170.119,f1a2b3c4,press
1787477170.2123,f1a2b3c4,release
1787477170.4022,f1a2b3c4,press
1787477170.4815,f1a2b3c4,release
1787477170.6739,c7d8e9f0,press
1787477170.7618,c7d8e9f0,release
1787477170.9601,f1a2b3c4,press
1787477171.0981,f1a2b3c4,release
1787477171.3375,f1a2b3c4,press
1787477171.4597,f1a2b3c4,release
1787477171.5613,f1a2b3c4,press
1787477171.6435,f1a2b3c4,release
1787477171.821,c7d8e9f0,press
1787477171.9276,c7d8e9f0,release
1787477172.0855,a8f2b3e4,press
1787477172.1768,a8f2b3e4,release
1787477172.3551,a8f2b3e4,press
1787477172.4283,a8f2b3e4,release
1787477172.6345,b9c1d2e5,press
1787477172.747,b9c1d2e5,release
1787477172.9869,f1a2b3c4,press
1787477173.108,f1a2b3c4,release
1787477173.3159,f1a2b3c4,press
1787477173.4063,f1a2b3c4,release
1787477173.5889,e3f4a5b6,press
1787477173.7191,e3f4a5b6,release
1787477173.8259,e3f4a5b6,press
1787477173.8998,e3f4a5b6,release
1787477174.0814,a8f2b3e4,press
1787477174.1786,a8f2b3e4,release
1787477174.4104,c7d8e9f0,press
1787477174.5268,c7d8e9f0,release
1787477174.716,c7d8e9f0,press
1787477174.8555,c7d8e9f0,release
1787477175.0831,e3f4a5b6,press
1787477175.1958,e3f4a5b6,release
1787477175.4415,b9c1d2e5,press
1787477175.5573,b9c1d2e5,release
1787477175.7655,e3f4a5b6,press
1787477175.8531,e3f4a5b6,release
1787477175.9706,b9c1d2e5,press
1787477176.1058,b9c1d2e5,release
1787477176.3325,b9c1d2e5,press
1787477176.4184,b9c1d2e5,release
1787477176.5454,f1a2b3c4,press
1787477176.6693,f1a2b3c4,release
1787477176.9084,f1a2b3c4,press
1787477177.0223,f1a2b3c4,release
1787477177.2574,f1a2b3c4,press
1787477177.3472,f1a2b3c4,release
1787477177.509,e3f4a5b6,press
1787477177.6234,e3f4a5b6,release
1787477177.7525,e3f4a5b6,press
1787477177.8264,e3f4a5b6,release
1787477178.0297,c7d8e9f0,press
1787477178.1573,c7d8e9f0,release
1787477178.2719,c7d8e9f0,press
1787477178.3934,c7d8e9f0,release
1787477178.6182,b9c1d2e5,press
1787477178.7055,b9c1d2e5,release
1787477178.9313,e3f4a5b6,press
1787477179.0649,e3f4a5b6,release
1787477179.2148,a8f2b3e4,press
1787477179.3491,a8f2b3e4,release
1787477179.4572,c7d8e9f0,press
1787477179.5315,c7d8e9f0,release
1787477179.7064,c7d8e9f0,press
1787477179.7861,c7d8e9f0,release
1787477179.9024,c7d8e9f0,press
1787477180.0039,c7d8e9f0,release
1787477180.2433,e3f4a5b6,press
1787477180.3579,e3f4a5b6,release
1787477180.5145,c7d8e9f0,press
1787477180.6282,c7d8e9f0,release
1787477180.8297,b9c1d2e5,press
1787477180.9035,b9c1d2e5,release
1787477181.0044,f1a2b3c4,press
1787477181.1097,f1a2b3c4,release
1787477181.2353,c7d8e9f0,press
1787477181.3286,c7d8e9f0,release
1787477181.5091,e3f4a5b6,press
1787477181.5797,e3f4a5b6,release
1787477181.7032,c7d8e9f0,press
1787477181.8385,c7d8e9f0,release
1787477182.0239,e3f4a5b6,press
1787477182.0996,e3f4a5b6,release
1787477182.2416,c7d8e9f0,press
1787477182.3318,c7d8e9f0,release
1787477182.57,f1a2b3c4,press
1787477182.6411,f1a2b3c4,release
1787477182.7592,e3f4a5b6,press
1787477182.8887,e3f4a5b6,release
1787477183.117,c7d8e9f0,press
1787477183.1874,c7d8e9f0,release
1787477183.3651,c7d8e9f0,press
1787477183.4428,c7d8e9f0,release
1787477183.6073,e3f4a5b6,press
1787477183.723,e3f4a5b6,release
1787477183.9164,f1a2b3c4,press
1787477184.0274,f1a2b3c4,release
1787477184.2223,e3f4a5b6,press
1787477184.3497,e3f4a5b6,release
1787477184.5121,b9c1d2e5,press
1787477184.5985,b9c1d2e5,release
1787477184.742,f1a2b3c4,press
1787477184.8506,f1a2b3c4,release
1787477185.079,c7d8e9f0,press
1787477185.1731,c7d8e9f0,release
1787477185.3858,a8f2b3e4,press
1787477185.4894,a8f2b3e4,release
1787477185.6881,e3f4a5b6,press
1787477185.8034,e3f4a5b6,release
1787477185.942,b9c1d2e5,press
1787477186.0203,b9c1d2e5,release
1787477186.2322,a8f2b3e4,press
1787477186.3476,a8f2b3e4,release
1787477186.467,b9c1d2e5,press
1787477186.5552,b9c1d2e5,release
1787477186.7553,b9c1d2e5,press
1787477186.8611,b9c1d2e5,release
1787477187.073,a8f2b3e4,press
1787477187.2044,a8f2b3e4,release
1787477187.4163,c7d8e9f0,press
1787477187.5464,c7d8e9f0,release
1787477187.7603,c7d8e9f0,press
1787477187.8767,c7d8e9f0,release
1787477188.0269,c7d8e9f0,press
1787477188.1387,c7d8e9f0,release
1787477188.3227,c7d8e9f0,press
1787477188.4043,c7d8e9f0,release
1787477188.5365,a8f2b3e4,press
1787477188.6307,a8f2b3e4,release
1787477188.8692,f1a2b3c4,press
1787477189.0016,f1a2b3c4,release
1787477189.2498,e3f4a5b6,press
1787477189.3758,e3f4a5b6,release
1787477189.5076,c7d8e9f0,press
1787477189.593,c7d8e9f0,release
1787477189.7555,c7d8e9f0,press
1787477189.8627,c7d8e9f0,release
1787477190.0418,b9c1d2e5,press
1787477190.1541,b9c1d2e5,release
1787477190.3734,e3f4a5b6,press
1787477190.4541,e3f4a5b6,release
1787477190.6757,c7d8e9f0,press
1787477190.7513,c7d8e9f0,release
1787477190.9037,e3f4a5b6,press
1787477191.0299,e3f4a5b6,release
1787477191.2084,a8f2b3e4,press
1787477191.2945,a8f2b3e4,release
1787477191.5003,c7d8e9f0,press
1787477191.5779,c7d8e9f0,release
1787477191.7196,a8f2b3e4,press
1787477191.8252,a8f2b3e4,release
1787477192.0076,b9c1d2e5,press
1787477192.0977,b9c1d2e5,release
1787477192.3355,a8f2b3e4,press
1787477192.4332,a8f2b3e4,release
1787477192.6264,b9c1d2e5,press
1787477192.7655,b9c1d2e5,release
1787477192.8754,f1a2b3c4,press
1787477192.9799,f1a2b3c4,release
1787477193.1524,e3f4a5b6,press
1787477193.2562,e3f4a5b6,release
1787477193.4956,f1a2b3c4,press
1787477193.6092,f1a2b3c4,release
1787477193.7296,b9c1d2e5,press
1787477193.8581,b9c1d2e5,release
1787477194.0643,b9c1d2e5,press
1787477194.1849,b9c1d2e5,release
1787477194.3707,b9c1d2e5,press
1787477194.4578,b9c1d2e5,release
1787477194.6954,b9c1d2e5,press
1787477194.7847,b9c1d2e5,release
1787477194.9765,e3f4a5b6,press
1787477195.0694,e3f4a5b6,release
1787477195.281,b9c1d2e5,press
1787477195.4036,b9c1d2e5,release
1787477195.5402,a8f2b3e4,press
1787477195.6653,a8f2b3e4,release
1787477195.7973,e3f4a5b6,press
1787477195.9161,e3f4a5b6,release
1787477196.1203,f1a2b3c4,press
1787477196.2435,f1a2b3c4,release
1787477196.4668,f1a2b3c4,press
1787477196.5493,f1a2b3c4,release
1787477196.6972,a8f2b3e4,press
1787477196.7905,a8f2b3e4,release
1787477196.9534,a8f2b3e4,press
1787477197.0582,a8f2b3e4,release
1787477197.2192,c7d8e9f0,press
1787477197.3395,c7d8e9f0,release
1787477197.5663,a8f2b3e4,press
1787477197.6831,a8f2b3e4,release
1787477197.8984,c7d8e9f0,press
1787477197.9957,c7d8e9f0,release
1787477198.141,a8f2b3e4,press
1787477198.2457,a8f2b3e4,release
1787477198.4892,c7d8e9f0,press
1787477198.5887,c7d8e9f0,release
1787477198.7334,e3f4a5b6,press
1787477198.8704,e3f4a5b6,release
1787477198.9944,b9c1d2e5,press
1787477199.1034,b9c1d2e5,release
1787477199.2191,f1a2b3c4,press
1787477199.3297,f1a2b3c4,release
1787477199.4648,a8f2b3e4,press
1787477199.5363,a8f2b3e4,release
1787477199.6513,b9c1d2e5,press
1787477199.762,b9c1d2e5,release
1787477199.9268,e3f4a5b6,press
1787477200.0091,e3f4a5b6,release
1787477200.2403,a8f2b3e4,press
1787477200.3353,a8f2b3e4,release
1787477200.4925,b9c1d2e5,press
1787477200.6146,b9c1d2e5,release
1787477200.7636,f1a2b3c4,press
1787477200.8908,f1a2b3c4,release
1787477201.1228,c7d8e9f0,press
1787477201.2569,c7d8e9f0,release
1787477201.3686,e3f4a5b6,press
1787477201.5052,e3f4a5b6,release
1787477201.6704,f1a2b3c4,press
1787477201.743,f1a2b3c4,release
1787477201.8846,b9c1d2e5,press
1787477201.9983,b9c1d2e5,release
1787477202.1762,b9c1d2e5,press
1787477202.2517,b9c1d2e5,release
1787477202.4726,e3f4a5b6,press
1787477202.5773,e3f4a5b6,release
1787477202.7365,a8f2b3e4,press
1787477202.8753,a8f2b3e4,release
1787477203.0309,f1a2b3c4,press
1787477203.139,f1a2b3c4,release
1787477203.3291,c7d8e9f0,press
1787477203.4141,c7d8e9f0,release
1787477203.6229,c7d8e9f0,press
1787477203.7224,c7d8e9f0,release
1787477203.8468,e3f4a5b6,press
1787477203.9794,e3f4a5b6,release
1787477204.1694,f1a2b3c4,press
1787477204.3052,f1a2b3c4,release
1787477204.5259,f1a2b3c4,press
1787477204.6596,f1a2b3c4,release
1787477204.8691,f1a2b3c4,press
1787477204.9849,f1a2b3c4,release
1787477205.0974,e3f4a5b6,press
1787477205.1751,e3f4a5b6,release
1787477205.2843,c7d8e9f0,press
1787477205.3983,c7d8e9f0,release
1787477205.5521,a8f2b3e4,press
1787477205.6822,a8f2b3e4,release
1787477205.9101,b9c1d2e5,press
1787477205.9964,b9c1d2e5,release
1787477206.162,b9c1d2e5,press
1787477206.2702,b9c1d2e5,release
1787477206.3771,a8f2b3e4,press
1787477206.4836,a8f2b3e4,release
1787477206.6075,e3f4a5b6,press
1787477206.6779,e3f4a5b6,release
1787477206.7847,f1a2b3c4,press
1787477206.891,f1a2b3c4,release
1787477207.0907,f1a2b3c4,press
1787477207.183,f1a2b3c4,release
1787477207.304,c7d8e9f0,press
1787477207.4136,c7d8e9f0,release
1787477207.5873,e3f4a5b6,press
1787477207.6994,e3f4a5b6,release
1787477207.8805,c7d8e9f0,press
1787477207.9846,c7d8e9f0,release
1787477208.1088,e3f4a5b6,press
1787477208.1881,e3f4a5b6,release
1787477208.3829,f1a2b3c4,press
1787477208.4864,f1a2b3c4,release
1787477208.5977,a8f2b3e4,press
1787477208.7337,a8f2b3e4,release
1787477208.9678,b9c1d2e5,press
1787477209.0779,b9c1d2e5,release
1787477209.3156,e3f4a5b6,press
1787477209.3908,e3f4a5b6,release
1787477209.5667,a8f2b3e4,press
1787477209.7048,a8f2b3e4,release
1787477209.8069,e3f4a5b6,press
1787477209.9101,e3f4a5b6,release
1787477210.0491,c7d8e9f0,press
1787477210.1295,c7d8e9f0,release
1787477210.2583,b9c1d2e5,press
1787477210.3436,b9c1d2e5,release
1787477210.4755,f1a2b3c4,press
1787477210.5478,f1a2b3c4,release
1787477210.7029,c7d8e9f0,press
1787477210.7982,c7d8e9f0,release
1787477210.926,e3f4a5b6,press
1787477211.0348,e3f4a5b6,release
1787477211.2267,c7d8e9f0,press
1787477211.3192,c7d8e9f0,release
1787477211.4392,c7d8e9f0,press
1787477211.5164,c7d8e9f0,release
1787477211.6947,b9c1d2e5,press
1787477211.8209,b9c1d2e5,release
1787477211.9845,e3f4a5b6,press
1787477212.1216,e3f4a5b6,release
1787477212.3352,f1a2b3c4,press
1787477212.4427,f1a2b3c4,release
1787477212.5885,b9c1d2e5,press
1787477212.6712,b9c1d2e5,release
1787477212.8664,f1a2b3c4,press
1787477212.9426,f1a2b3c4,release
1787477213.1471,b9c1d2e5,press
1787477213.2378,b9c1d2e5,release
1787477213.3667,e3f4a5b6,press
1787477213.4697,e3f4a5b6,release
1787477213.6962,e3f4a5b6,press
1787477213.7849,e3f4a5b6,release
1787477213.8967,f1a2b3c4,press
1787477214.0324,f1a2b3c4,release
1787477214.1949,f1a2b3c4,press
1787477214.2814,f1a2b3c4,release
1787477214.4607,c7d8e9f0,press
1787477214.5875,c7d8e9f0,release
1787477214.7651,f1a2b3c4,press
1787477214.8463,f1a2b3c4,release
1787477215.0939,e3f4a5b6,press
1787477215.1874,e3f4a5b6,release
1787477215.3686,b9c1d2e5,press
1787477215.4508,b9c1d2e5,release
1787477215.5525,a8f2b3e4,press
1787477215.6924,a8f2b3e4,release
1787477215.8054,e3f4a5b6,press
1787477215.9206,e3f4a5b6,release
1787477216.0926,a8f2b3e4,press
1787477216.1939,a8f2b3e4,release
1787477216.4236,b9c1d2e5,press
1787477216.5633,b9c1d2e5,release
1787477216.7681,e3f4a5b6,press
1787477216.8439,e3f4a5b6,release
1787477217.0468,e3f4a5b6,press
1787477217.1192,e3f4a5b6,release
1787477217.3578,c7d8e9f0,press
1787477217.4874,c7d8e9f0,release
1787477217.614,b9c1d2e5,press
1787477217.6941,b9c1d2e5,release
1787477217.8035,a8f2b3e4,press
1787477217.8823,a8f2b3e4,release
1787477218.0974,a8f2b3e4,press
1787477218.1732,a8f2b3e4,release
1787477218.3698,e3f4a5b6,press
1787477218.4743,e3f4a5b6,release
1787477218.6559,b9c1d2e5,press
1787477218.7324,b9c1d2e5,release
1787477218.9103,b9c1d2e5,press
1787477219.034,b9c1d2e5,release
1787477219.2179,f1a2b3c4,press
1787477219.3278,f1a2b3c4,release
1787477219.5691,e3f4a5b6,press
1787477219.656,e3f4a5b6,release
1787477219.8751,a8f2b3e4,press
1787477219.999,a8f2b3e4,release
1787477220.2132,b9c1d2e5,press
1787477220.3234,b9c1d2e5,release
1787477220.4854,a8f2b3e4,press
1787477220.5595,a8f2b3e4,release
1787477220.8003,c7d8e9f0,press
1787477220.9167,c7d8e9f0,release
1787477221.0179,c7d8e9f0,press
1787477221.1242,c7d8e9f0,release
1787477221.3408,e3f4a5b6,press
1787477221.4703,e3f4a5b6,release
1787477221.6569,c7d8e9f0,press
1787477221.7765,c7d8e9f0,release
1787477221.9526,b9c1d2e5,press
1787477222.0689,b9c1d2e5,release
1787477222.2449,f1a2b3c4,press
1787477222.3555,f1a2b3c4,release
1787477222.5294,c7d8e9f0,press
1787477222.6561,c7d8e9f0,release
1787477222.7594,a8f2b3e4,press
1787477222.8945,a8f2b3e4,release
1787477223.1365,a8f2b3e4,press
1787477223.2395,a8f2b3e4,release
1787477223.4631,e3f4a5b6,press
1787477223.5802,e3f4a5b6,release
1787477223.7185,c7d8e9f0,press
1787477223.8196,c7d8e9f0,release
1787477224.0454,e3f4a5b6,press
1787477224.1808,e3f4a5b6,release
1787477224.2923,a8f2b3e4,press
1787477224.4083,a8f2b3e4,release
1787477224.6249,e3f4a5b6,press
1787477224.7536,e3f4a5b6,release
1787477224.9871,c7d8e9f0,press
1787477225.0816,c7d8e9f0,release
1787477225.1878,e3f4a5b6,press
1787477225.3018,e3f4a5b6,release
1787477225.4627,c7d8e9f0,press
1787477225.5411,c7d8e9f0,release
1787477225.661,b9c1d2e5,press
1787477225.7955,b9c1d2e5,release
1787477226.0285,b9c1d2e5,press
1787477226.1152,b9c1d2e5,release
1787477226.2768,c7d8e9f0,press
1787477226.363,c7d8e9f0,release
1787477226.4656,f1a2b3c4,press
1787477226.6005,f1a2b3c4,release
1787477226.7891,c7d8e9f0,press
1787477226.9283,c7d8e9f0,release
1787477227.061,f1a2b3c4,press
1787477227.1475,f1a2b3c4,release
1787477227.2617,e3f4a5b6,press
1787477227.3596,e3f4a5b6,release
1787477227.5265,a8f2b3e4,press
1787477227.6625,a8f2b3e4,release
1787477227.8324,b9c1d2e5,press
1787477227.9064,b9c1d2e5,release
1787477228.0585,b9c1d2e5,press
1787477228.1671,b9c1d2e5,release
1787477228.4095,a8f2b3e4,press
1787477228.5031,a8f2b3e4,release
1787477228.7164,c7d8e9f0,press
1787477228.8237,c7d8e9f0,release
1787477228.9539,f1a2b3c4,press
1787477229.0695,f1a2b3c4,release
1787477229.1699,e3f4a5b6,press
1787477229.2637,e3f4a5b6,release
1787477229.3765,a8f2b3e4,press
1787477229.5144,a8f2b3e4,release
1787477229.7257,a8f2b3e4,press
1787477229.8267,a8f2b3e4,release
1787477229.9643,f1a2b3c4,press
1787477230.1017,f1a2b3c4,release
1787477230.313,e3f4a5b6,press
1787477230.4315,e3f4a5b6,release
1787477230.6378,e3f4a5b6,press
1787477230.7138,e3f4a5b6,release
1787477230.9312,f1a2b3c4,press
1787477231.0169,f1a2b3c4,release
1787477231.2436,c7d8e9f0,press
1787477231.3759,c7d8e9f0,release
1787477231.5488,c7d8e9f0,press
1787477231.6521,c7d8e9f0,release
1787477231.7879,c7d8e9f0,press
1787477231.9084,c7d8e9f0,release
1787477232.0878,c7d8e9f0,press
1787477232.1814,c7d8e9f0,release
1787477232.3616,e3f4a5b6,press
1787477232.4782,e3f4a5b6,release
1787477232.6114,a8f2b3e4,press
1787477232.6997,a8f2b3e4,release
1787477232.9255,a8f2b3e4,press
1787477233.0039,a8f2b3e4,release
1787477233.1979,c7d8e9f0,press
1787477233.2704,c7d8e9f0,release
1787477233.4275,a8f2b3e4,press
1787477233.5663,a8f2b3e4,release
1787477233.7119,a8f2b3e4,press
1787477233.8298,a8f2b3e4,release
1787477234.0015,c7d8e9f0,press
1787477234.115,c7d8e9f0,release
1787477234.223,c7d8e9f0,press
1787477234.3135,c7d8e9f0,release
1787477234.4613,a8f2b3e4,press
1787477234.55,a8f2b3e4,release
1787477234.7784,a8f2b3e4,press
1787477234.8688,a8f2b3e4,release
1787477235.0799,f1a2b3c4,press
1787477235.1868,f1a2b3c4,release
1787477235.3788,b9c1d2e5,press
1787477235.4939,b9c1d2e5,release
1787477235.7054,e3f4a5b6,press
1787477235.8295,e3f4a5b6,release
1787477235.994,c7d8e9f0,press
1787477236.1064,c7d8e9f0,release
1787477236.2373,a8f2b3e4,press
1787477236.3572,a8f2b3e4,release
1787477236.5897,a8f2b3e4,press
1787477236.6685,a8f2b3e4,release
1787477236.8277,b9c1d2e5,press
1787477236.9462,b9c1d2e5,release
1787477237.1149,e3f4a5b6,press
1787477237.1973,e3f4a5b6,release
1787477237.3997,c7d8e9f0,press
1787477237.5145,c7d8e9f0,release
1787477237.6431,a8f2b3e4,press
1787477237.7535,a8f2b3e4,release
1787477237.9029,a8f2b3e4,press
1787477237.9814,a8f2b3e4,release
1787477238.1739,b9c1d2e5,press
1787477238.2878,b9c1d2e5,release
1787477238.492,b9c1d2e5,press
1787477238.595,b9c1d2e5,release
1787477238.8104,a8f2b3e4,press
1787477238.8906,a8f2b3e4,release
1787477239.1195,b9c1d2e5,press
1787477239.1935,b9c1d2e5,release
1787477239.3368,e3f4a5b6,press
1787477239.4674,e3f4a5b6,release
1787477239.6275,c7d8e9f0,press
1787477239.7129,c7d8e9f0,release
1787477239.858,e3f4a5b6,press
1787477239.9663,e3f4a5b6,release
1787477240.1557,e3f4a5b6,press
1787477240.2576,e3f4a5b6,release
1787477240.4249,b9c1d2e5,press
1787477240.5137,b9c1d2e5,release
1787477240.6942,f1a2b3c4,press
1787477240.8004,f1a2b3c4,release
1787477241.0074,c7d8e9f0,press
1787477241.1343,c7d8e9f0,release
1787477241.2685,e3f4a5b6,press
1787477241.3483,e3f4a5b6,release
1787477241.5689,a8f2b3e4,press
1787477241.6497,a8f2b3e4,release
1787477241.7527,f1a2b3c4,press
1787477241.8262,f1a2b3c4,release
1787477241.9404,c7d8e9f0,press
1787477242.0225,c7d8e9f0,release
1787477242.1967,f1a2b3c4,press
1787477242.297,f1a2b3c4,release
1787477242.4726,f1a2b3c4,press
1787477242.549,f1a2b3c4,release
1787477242.7014,c7d8e9f0,press
1787477242.8,c7d8e9f0,release
1787477242.993,b9c1d2e5,press
1787477243.1299,b9c1d2e5,release
1787477243.303,c7d8e9f0,press
1787477243.3799,c7d8e9f0,release
1787477243.531,f1a2b3c4,press
1787477243.6316,f1a2b3c4,release
1787477243.82,f1a2b3c4,press
1787477243.9476,f1a2b3c4,release
1787477244.0576,a8f2b3e4,press
1787477244.1544,a8f2b3e4,release
1787477244.3454,e3f4a5b6,press
1787477244.4343,e3f4a5b6,release
1787477244.6292,a8f2b3e4,press
1787477244.7141,a8f2b3e4,release
1787477244.8948,c7d8e9f0,press
1787477244.975,c7d8e9f0,release
1787477245.2032,a8f2b3e4,press
1787477245.3026,a8f2b3e4,release
1787477245.405,b9c1d2e5,press
1787477245.5204,b9c1d2e5,release
1787477245.7113,b9c1d2e5,press
1787477245.8374,b9c1d2e5,release
1787477246.0521,f1a2b3c4,press
1787477246.1513,f1a2b3c4,release
1787477246.3097,e3f4a5b6,press
1787477246.3811,e3f4a5b6,release
1787477246.5456,e3f4a5b6,press
1787477246.6403,e3f4a5b6,release
1787477246.8486,b9c1d2e5,press
1787477246.9865,b9c1d2e5,release
1787477247.152,a8f2b3e4,press
1787477247.2835,a8f2b3e4,release
1787477247.4745,e3f4a5b6,press
1787477247.5955,e3f4a5b6,release
1787477247.8345,f1a2b3c4,press
1787477247.9402,f1a2b3c4,release
1787477248.0729,a8f2b3e4,press
1787477248.1605,a8f2b3e4,release
1787477248.2821,f1a2b3c4,press
1787477248.4157,f1a2b3c4,release
1787477248.5755,e3f4a5b6,press
1787477248.6584,e3f4a5b6,release
1787477248.8931,f1a2b3c4,press
1787477249.0129,f1a2b3c4,release
1787477249.1338,b9c1d2e5,press
1787477249.2095,b9c1d2e5,release
1787477249.4523,e3f4a5b6,press
1787477249.5545,e3f4a5b6,release
1787477249.7052,f1a2b3c4,press
1787477249.8309,f1a2b3c4,release
1787477250.0471,b9c1d2e5,press
1787477250.1365,b9c1d2e5,release
1787477250.2371,f1a2b3c4,press
1787477250.3645,f1a2b3c4,release
1787477250.6137,c7d8e9f0,press
1787477250.7086,c7d8e9f0,release
1787477250.8431,a8f2b3e4,press
1787477250.9809,a8f2b3e4,release
1787477251.2191,b9c1d2e5,press
1787477251.3028,b9c1d2e5,release
1787477251.404,c7d8e9f0,press
1787477251.4839,c7d8e9f0,release
1787477251.7002,a8f2b3e4,press
1787477251.8378,a8f2b3e4,release
1787477252.0539,a8f2b3e4,press
1787477252.1272,a8f2b3e4,release
1787477252.3567,f1a2b3c4,press
1787477252.4794,f1a2b3c4,release
1787477252.6202,b9c1d2e5,press
1787477252.7337,b9c1d2e5,release
1787477252.8672,c7d8e9f0,press
1787477252.9703,c7d8e9f0,release
1787477253.1085,a8f2b3e4,press
1787477253.238,a8f2b3e4,release
1787477253.3694,c7d8e9f0,press
1787477253.4837,c7d8e9f0,release
1787477253.6048,f1a2b3c4,press
1787477253.686,f1a2b3c4,release
1787477253.8446,e3f4a5b6,press
1787477253.9453,e3f4a5b6,release
1787477254.1386,c7d8e9f0,press
1787477254.2505,c7d8e9f0,release
1787477254.3898,b9c1d2e5,press
1787477254.4768,b9c1d2e5,release
1787477254.7136,c7d8e9f0,press
1787477254.8525,c7d8e9f0,release
1787477254.9578,f1a2b3c4,press
1787477255.0771,f1a2b3c4,release
1787477255.2534,f1a2b3c4,press
1787477255.3492,f1a2b3c4,release
1787477255.585,e3f4a5b6,press
1787477255.6978,e3f4a5b6,release
1787477255.8004,b9c1d2e5,press
1787477255.8896,b9c1d2e5,release
1787477256.0406,c7d8e9f0,press
1787477256.1519,c7d8e9f0,release
1787477256.2779,c7d8e9f0,press
1787477256.3539,c7d8e9f0,release
1787477256.535,e3f4a5b6,press
1787477256.6383,e3f4a5b6,release
1787477256.8426,a8f2b3e4,press
1787477256.9156,a8f2b3e4,release
1787477257.1103,e3f4a5b6,press
1787477257.2456,e3f4a5b6,release
1787477257.4372,b9c1d2e5,press
1787477257.5435,b9c1d2e5,release
1787477257.7359,b9c1d2e5,press
1787477257.8074,b9c1d2e5,release
1787477257.915,a8f2b3e4,press
1787477258.0463,a8f2b3e4,release
1787477258.2317,e3f4a5b6,press
1787477258.3471,e3f4a5b6,release
1787477258.4736,f1a2b3c4,press
1787477258.5609,f1a2b3c4,release
1787477258.7994,f1a2b3c4,press
1787477258.9254,f1a2b3c4,release
1787477259.1431,f1a2b3c4,press
1787477259.2563,f1a2b3c4,release
1787477259.4823,e3f4a5b6,press
1787477259.5597,e3f4a5b6,release
1787477259.6857,b9c1d2e5,press
1787477259.8145,b9c1d2e5,release
1787477259.9271,a8f2b3e4,press
1787477260.047,a8f2b3e4,release
1787477260.1797,f1a2b3c4,press
1787477260.2514,f1a2b3c4,release
1787477260.3803,f1a2b3c4,press
1787477260.5117,f1a2b3c4,release
1787477260.6243,b9c1d2e5,press
1787477260.7513,b9c1d2e5,release
1787477260.9274,e3f4a5b6,press
1787477261.0348,e3f4a5b6,release
1787477261.1987,c7d8e9f0,press
1787477261.3072,c7d8e9f0,release
1787477261.5072,c7d8e9f0,press
1787477261.5831,c7d8e9f0,release
1787477261.7643,e3f4a5b6,press
1787477261.8662,e3f4a5b6,release
1787477261.9666,b9c1d2e5,press
1787477262.1045,b9c1d2e5,release
1787477262.2676,a8f2b3e4,press
1787477262.3556,a8f2b3e4,release
1787477262.5781,e3f4a5b6,press
1787477262.6827,e3f4a5b6,release
1787477262.7943,b9c1d2e5,press
1787477262.9239,b9c1d2e5,release
1787477263.0409,f1a2b3c4,press
1787477263.1295,f1a2b3c4,release
1787477263.2637,f1a2b3c4,press
1787477263.354,f1a2b3c4,release
1787477263.5853,e3f4a5b6,press
1787477263.6736,e3f4a5b6,release
1787477263.7839,a8f2b3e4,press
1787477263.8774,a8f2b3e4,release
1787477264.0398,a8f2b3e4,press
1787477264.1158,a8f2b3e4,release
1787477264.3281,a8f2b3e4,press
1787477264.4419,a8f2b3e4,release
1787477264.6236,b9c1d2e5,press
1787477264.7342,b9c1d2e5,release
1787477264.8709,c7d8e9f0,press
1787477264.9918,c7d8e9f0,release
1787477265.1669,b9c1d2e5,press
1787477265.2648,b9c1d2e5,release
1787477265.3949,b9c1d2e5,press
1787477265.477,b9c1d2e5,release
1787477265.6718,e3f4a5b6,press
1787477265.7993,e3f4a5b6,release
1787477266.0343,e3f4a5b6,press
1787477266.105,e3f4a5b6,release
1787477266.3131,f1a2b3c4,press
1787477266.4123,f1a2b3c4,release
1787477266.5399,c7d8e9f0,press
1787477266.6626,c7d8e9f0,release
1787477266.7976,e3f4a5b6,press
1787477266.9344,e3f4a5b6,release
1787477267.1194,c7d8e9f0,press
1787477267.2558,c7d8e9f0,release
1787477267.4981,c7d8e9f0,press
1787477267.6092,c7d8e9f0,release
1787477267.8351,b9c1d2e5,press
1787477267.9434,b9c1d2e5,release
1787477268.0495,e3f4a5b6,press
1787477268.1523,e3f4a5b6,release
1787477268.3648,b9c1d2e5,press
1787477268.448,b9c1d2e5,release
1787477268.5917,c7d8e9f0,press
1787477268.7032,c7d8e9f0,release
1787477268.9071,b9c1d2e5,press
1787477268.9885,b9c1d2e5,release
1787477269.112,a8f2b3e4,press
1787477269.2238,a8f2b3e4,release
1787477269.3621,c7d8e9f0,press
1787477269.4599,c7d8e9f0,release
1787477269.6113,b9c1d2e5,press
1787477269.7023,b9c1d2e5,release
1787477269.8025,a8f2b3e4,press
1787477269.9063,a8f2b3e4,release
1787477270.0203,c7d8e9f0,press
1787477270.099,c7d8e9f0,release
1787477270.3113,e3f4a5b6,press
1787477270.386,e3f4a5b6,release
1787477270.5808,c7d8e9f0,press
1787477270.7103,c7d8e9f0,release
1787477270.8339,b9c1d2e5,press
1787477270.9464,b9c1d2e5,release
1787477271.067,b9c1d2e5,press
1787477271.1585,b9c1d2e5,release
1787477271.344,a8f2b3e4,press
1787477271.4233,a8f2b3e4,release
1787477271.6145,c7d8e9f0,press
1787477271.7341,c7d8e9f0,release
1787477271.869,c7d8e9f0,press
1787477271.9826,c7d8e9f0,release
1787477272.1499,a8f2b3e4,press
1787477272.2523,a8f2b3e4,release
1787477272.4604,b9c1d2e5,press
1787477272.5363,b9c1d2e5,release
1787477272.6405,b9c1d2e5,press
1787477272.7267,b9c1d2e5,release
1787477272.9367,f1a2b3c4,press
1787477273.0712,f1a2b3c4,release
1787477273.2076,e3f4a5b6,press
1787477273.2865,e3f4a5b6,release
1787477273.5364,c7d8e9f0,press
1787477273.6438,c7d8e9f0,release
1787477273.7867,b9c1d2e5,press
1787477273.8707,b9c1d2e5,release
1787477274.0389,c7d8e9f0,press
1787477274.163,c7d8e9f0,release
1787477274.2794,c7d8e9f0,press
1787477274.3968,c7d8e9f0,release
1787477274.5604,e3f4a5b6,press
1787477274.6305,e3f4a5b6,release
1787477274.8494,f1a2b3c4,press
1787477274.946,f1a2b3c4,release
1787477275.0728,b9c1d2e5,press
1787477275.188,b9c1d2e5,release
1787477275.3565,c7d8e9f0,press
1787477275.4657,c7d8e9f0,release
1787477275.6955,c7d8e9f0,press
1787477275.7924,c7d8e9f0,release
1787477275.8951,a8f2b3e4,press
1787477275.9805,a8f2b3e4,release
1787477276.0896,c7d8e9f0,press
1787477276.1864,c7d8e9f0,release
1787477276.4348,e3f4a5b6,press
1787477276.5204,e3f4a5b6,release
1787477276.6945,a8f2b3e4,press
1787477276.788,a8f2b3e4,release
1787477277.025,f1a2b3c4,press
1787477277.1623,f1a2b3c4,release
1787477277.2734,a8f2b3e4,press
1787477277.3722,a8f2b3e4,release
1787477277.6176,a8f2b3e4,press
1787477277.7354,a8f2b3e4,release
1787477277.9236,e3f4a5b6,press
1787477278.052,e3f4a5b6,release
1787477278.1568,f1a2b3c4,press
1787477278.2486,f1a2b3c4,release
1787477278.4497,f1a2b3c4,press
1787477278.5482,f1a2b3c4,release
1787477278.7489,f1a2b3c4,press
1787477278.8699,f1a2b3c4,release
1787477279.0348,f1a2b3c4,press
1787477279.1357,f1a2b3c4,release
1787477279.2891,e3f4a5b6,press
1787477279.3833,e3f4a5b6,release
1787477279.4929,c7d8e9f0,press
1787477279.614,c7d8e9f0,release
1787477279.7517,a8f2b3e4,press
1787477279.8507,a8f2b3e4,release
1787477280.0088,f1a2b3c4,press
1787477280.0918,f1a2b3c4,release
1787477280.2285,a8f2b3e4,press
1787477280.3166,a8f2b3e4,release
1787477280.5263,f1a2b3c4,press
1787477280.6353,f1a2b3c4,release
1787477280.8371,a8f2b3e4,press
1787477280.9393,a8f2b3e4,release
1787477281.1675,f1a2b3c4,press
1787477281.2765,f1a2b3c4,release
1787477281.4122,f1a2b3c4,press
1787477281.5512,f1a2b3c4,release
1787477281.7144,e3f4a5b6,press
1787477281.8264,e3f4a5b6,release
1787477282.0175,f1a2b3c4,press
1787477282.1441,f1a2b3c4,release
1787477282.3907,a8f2b3e4,press
1787477282.4755,a8f2b3e4,release
1787477282.693,e3f4a5b6,press
1787477282.7662,e3f4a5b6,release
1787477283.0007,a8f2b3e4,press
1787477283.1229,a8f2b3e4,release
1787477283.2793,c7d8e9f0,press
1787477283.3883,c7d8e9f0,release
1787477283.5702,f1a2b3c4,press
1787477283.6813,f1a2b3c4,release
1787477283.9241,b9c1d2e5,press
1787477284.0587,b9c1d2e5,release
1787477284.2451,e3f4a5b6,press
1787477284.328,e3f4a5b6,release
1787477284.535,f1a2b3c4,press
1787477284.6396,f1a2b3c4,release
1787477284.8106,a8f2b3e4,press
1787477284.898,a8f2b3e4,release
1787477285.0506,c7d8e9f0,press
1787477285.1844,c7d8e9f0,release
1787477285.3192,b9c1d2e5,press
1787477285.4095,b9c1d2e5,release
1787477285.515,e3f4a5b6,press
1787477285.63,e3f4a5b6,release
1787477285.8079,f1a2b3c4,press
1787477285.8867,f1a2b3c4,release
1787477286.1239,e3f4a5b6,press
1787477286.2431,e3f4a5b6,release
1787477286.4561,a8f2b3e4,press
1787477286.551,a8f2b3e4,release
1787477286.7652,f1a2b3c4,press
1787477286.9052,f1a2b3c4,release
1787477287.0492,e3f4a5b6,press
1787477287.1564,e3f4a5b6,release
1787477287.2937,b9c1d2e5,press
1787477287.3741,b9c1d2e5,release
1787477287.6203,e3f4a5b6,press
1787477287.7169,e3f4a5b6,release
1787477287.8468,a8f2b3e4,press
1787477287.9487,a8f2b3e4,release
1787477288.1695,b9c1d2e5,press
1787477288.2481,b9c1d2e5,release
1787477288.3583,f1a2b3c4,press
1787477288.4585,f1a2b3c4,release
1787477288.6645,c7d8e9f0,press
1787477288.7457,c7d8e9f0,release
1787477288.975,b9c1d2e5,press
1787477289.0777,b9c1d2e5,release
1787477289.2859,c7d8e9f0,press
1787477289.4146,c7d8e9f0,release
1787477289.5175,f1a2b3c4,press
1787477289.6082,f1a2b3c4,release
1787477289.7809,c7d8e9f0,press
1787477289.8652,c7d8e9f0,release
1787477289.9749,b9c1d2e5,press
1787477290.0476,b9c1d2e5,release
1787477290.2804,e3f4a5b6,press
1787477290.3731,e3f4a5b6,release
1787477290.5151,a8f2b3e4,press
1787477290.6244,a8f2b3e4,release
1787477290.8029,e3f4a5b6,press
1787477290.8995,e3f4a5b6,release
1787477291.1057,f1a2b3c4,press
1787477291.2001,f1a2b3c4,release
1787477291.3476,f1a2b3c4,press
1787477291.4777,f1a2b3c4,release
1787477291.7152,a8f2b3e4,press
1787477291.8224,a8f2b3e4,release
1787477291.9368,c7d8e9f0,press
1787477292.0383,c7d8e9f0,release
1787477292.2569,e3f4a5b6,press
1787477292.34,e3f4a5b6,release
1787477292.5275,a8f2b3e4,press
1787477292.6188,a8f2b3e4,release
1787477292.8587,e3f4a5b6,press
1787477292.9516,e3f4a5b6,release
1787477293.161,b9c1d2e5,press
1787477293.2521,b9c1d2e5,release
1787477293.4904,c7d8e9f0,press
1787477293.5729,c7d8e9f0,release
1787477293.7845,f1a2b3c4,press
1787477293.8682,f1a2b3c4,release
1787477294.0442,c7d8e9f0,press
1787477294.18,c7d8e9f0,release
1787477294.4157,a8f2b3e4,press
1787477294.5118,a8f2b3e4,release
1787477294.7395,c7d8e9f0,press
1787477294.8275,c7d8e9f0,release
1787477295.0182,f1a2b3c4,press
1787477295.1348,f1a2b3c4,release
1787477295.2591,f1a2b3c4,press
1787477295.3909,f1a2b3c4,release
1787477295.5694,b9c1d2e5,press
1787477295.648,b9c1d2e5,release
1787477295.8365,f1a2b3c4,press
1787477295.9134,f1a2b3c4,release
1787477296.0547,f1a2b3c4,press
1787477296.1334,f1a2b3c4,release
1787477296.347,c7d8e9f0,press
1787477296.4837,c7d8e9f0,release
1787477296.6751,b9c1d2e5,press
1787477296.7792,b9c1d2e5,release
1787477296.9556,a8f2b3e4,press
1787477297.0626,a8f2b3e4,release
1787477297.2509,c7d8e9f0,press
1787477297.3873,c7d8e9f0,release
1787477297.6278,c7d8e9f0,press
1787477297.7348,c7d8e9f0,release
1787477297.9106,f1a2b3c4,press
1787477297.9888,f1a2b3c4,release
1787477298.2073,f1a2b3c4,press
1787477298.2916,f1a2b3c4,release
1787477298.4735,a8f2b3e4,press
1787477298.6078,a8f2b3e4,release
1787477298.8419,a8f2b3e4,press
1787477298.9311,a8f2b3e4,release
1787477299.0457,a8f2b3e4,press
1787477299.1343,a8f2b3e4,release
1787477299.2796,c7d8e9f0,press
1787477299.3986,c7d8e9f0,release
1787477299.6447,c7d8e9f0,press
1787477299.7448,c7d8e9f0,release
1787477299.8919,b9c1d2e5,press
1787477299.962,b9c1d2e5,release
1787477300.1317,f1a2b3c4,press
1787477300.2654,f1a2b3c4,release
1787477300.4121,c7d8e9f0,press
1787477300.5119,c7d8e9f0,release
1787477300.7526,f1a2b3c4,press
1787477300.8691,f1a2b3c4,release
1787477301.0901,e3f4a5b6,press
1787477301.2133,e3f4a5b6,release
1787477301.3181,e3f4a5b6,press
1787477301.414,e3f4a5b6,release
1787477301.5852,e3f4a5b6,press
1787477301.6937,e3f4a5b6,release
1787477301.8666,e3f4a5b6,press
1787477301.9758,e3f4a5b6,release
1787477302.1782,b9c1d2e5,press
1787477302.2487,b9c1d2e5,release
1787477302.4523,a8f2b3e4,press
1787477302.5735,a8f2b3e4,release
1787477302.7958,e3f4a5b6,press
1787477302.8836,e3f4a5b6,release
1787477303.0544,a8f2b3e4,press
1787477303.1644,a8f2b3e4,release
1787477303.2701,b9c1d2e5,press
1787477303.3471,b9c1d2e5,release
1787477303.5258,f1a2b3c4,press
1787477303.6602,f1a2b3c4,release
1787477303.8687,b9c1d2e5,press
1787477303.9615,b9c1d2e5,release
1787477304.15,c7d8e9f0,press
1787477304.2628,c7d8e9f0,release
1787477304.4441,f1a2b3c4,press
1787477304.5745,f1a2b3c4,release
1787477304.765,f1a2b3c4,press
1787477304.8402,f1a2b3c4,release
1787477305.0738,c7d8e9f0,press
1787477305.1596,c7d8e9f0,release
1787477305.3049,e3f4a5b6,press
1787477305.3952,e3f4a5b6,release
1787477305.6075,c7d8e9f0,press
1787477305.7237,c7d8e9f0,release
1787477305.8595,c7d8e9f0,press
1787477305.9558,c7d8e9f0,release
1787477306.0936,c7d8e9f0,press
1787477306.2292,c7d8e9f0,release
1787477306.3295,f1a2b3c4,press
1787477306.4389,f1a2b3c4,release
1787477306.6791,b9c1d2e5,press
1787477306.7864,b9c1d2e5,release
1787477306.9291,e3f4a5b6,press
1787477307.0547,e3f4a5b6,release
1787477307.1971,e3f4a5b6,press
1787477307.3063,e3f4a5b6,release
1787477307.5472,a8f2b3e4,press
1787477307.6305,a8f2b3e4,release
1787477307.8152,f1a2b3c4,press
1787477307.8998,f1a2b3c4,release
1787477308.0335,c7d8e9f0,press
1787477308.1242,c7d8e9f0,release
1787477308.2524,e3f4a5b6,press
1787477308.3556,e3f4a5b6,release
1787477308.5505,b9c1d2e5,press
1787477308.6863,b9c1d2e5,release
1787477308.8609,f1a2b3c4,press
1787477308.994,f1a2b3c4,release
1787477309.1364,e3f4a5b6,press
1787477309.2309,e3f4a5b6,release
1787477309.46,a8f2b3e4,press
1787477309.5402,a8f2b3e4,release
1787477309.6689,a8f2b3e4,press
1787477309.8061,a8f2b3e4,release
1787477310.0037,a8f2b3e4,press
1787477310.1348,a8f2b3e4,release
1787477310.3166,f1a2b3c4,press
1787477310.4317,f1a2b3c4,release
1787477310.5847,e3f4a5b6,press
1787477310.6579,e3f4a5b6,release
1787477310.7876,a8f2b3e4,press
1787477310.8657,a8f2b3e4,release
1787477311.0818,e3f4a5b6,press
1787477311.1987,e3f4a5b6,release
1787477311.43,e3f4a5b6,press
1787477311.5501,e3f4a5b6,release
1787477311.7453,e3f4a5b6,press
1787477311.8745,e3f4a5b6,release
1787477312.0341,b9c1d2e5,press
1787477312.1455,b9c1d2e5,release
1787477312.2929,b9c1d2e5,press
1787477312.4314,b9c1d2e5,release
1787477312.5801,a8f2b3e4,press
1787477312.7197,a8f2b3e4,release
1787477312.9374,b9c1d2e5,press
1787477313.0232,b9c1d2e5,release
1787477313.169,b9c1d2e5,press
1787477313.2846,b9c1d2e5,release
1787477313.5043,c7d8e9f0,press
1787477313.6131,c7d8e9f0,release
1787477313.7386,f1a2b3c4,press
1787477313.8759,f1a2b3c4,release
1787477314.054,b9c1d2e5,press
1787477314.1792,b9c1d2e5,release
1787477314.3611,e3f4a5b6,press
1787477314.4743,e3f4a5b6,release
1787477314.6484,e3f4a5b6,press
1787477314.7384,e3f4a5b6,release
1787477314.909,c7d8e9f0,press
1787477314.9894,c7d8e9f0,release
1787477315.1606,c7d8e9f0,press
1787477315.2997,c7d8e9f0,release
1787477315.4001,f1a2b3c4,press
1787477315.4861,f1a2b3c4,release
1787477315.6938,b9c1d2e5,press
1787477315.8214,b9c1d2e5,release
1787477315.9228,c7d8e9f0,press
1787477316.0542,c7d8e9f0,release
1787477316.2338,c7d8e9f0,press
1787477316.3346,c7d8e9f0,release
1787477316.5639,b9c1d2e5,press
1787477316.7006,b9c1d2e5,release
1787477316.8101,b9c1d2e5,press
1787477316.9032,b9c1d2e5,release
1787477317.1157,b9c1d2e5,press
1787477317.2219,b9c1d2e5,release
1787477317.3783,a8f2b3e4,press
1787477317.5004,a8f2b3e4,release
1787477317.6394,f1a2b3c4,press
1787477317.7191,f1a2b3c4,release
1787477317.8998,c7d8e9f0,press
1787477317.9965,c7d8e9f0,release
1787477318.224,f1a2b3c4,press
1787477318.3493,f1a2b3c4,release
1787477318.4857,f1a2b3c4,press
1787477318.5944,f1a2b3c4,release
1787477318.8078,f1a2b3c4,press
1787477318.9453,f1a2b3c4,release
1787477319.0586,f1a2b3c4,press
1787477319.1672,f1a2b3c4,release
1787477319.3459,e3f4a5b6,press
1787477319.4716,e3f4a5b6,release
1787477319.6547,a8f2b3e4,press
1787477319.792,a8f2b3e4,release
1787477319.9115,f1a2b3c4,press
1787477320.0236,f1a2b3c4,release
1787477320.149,c7d8e9f0,press
1787477320.2796,c7d8e9f0,release
1787477320.4882,e3f4a5b6,press
1787477320.5836,e3f4a5b6,release
1787477320.8143,a8f2b3e4,press
1787477320.9056,a8f2b3e4,release
1787477321.0625,e3f4a5b6,press
1787477321.1626,e3f4a5b6,release
1787477321.3534,b9c1d2e5,press
1787477321.4371,b9c1d2e5,release
1787477321.5942,a8f2b3e4,press
1787477321.6758,a8f2b3e4,release
1787477321.8188,e3f4a5b6,press
1787477321.9395,e3f4a5b6,release
1787477322.0529,b9c1d2e5,press
1787477322.1554,b9c1d2e5,release
1787477322.3041,a8f2b3e4,press
1787477322.3883,a8f2b3e4,release
1787477322.5361,c7d8e9f0,press
1787477322.6592,c7d8e9f0,release
1787477322.8748,f1a2b3c4,press
1787477323.0054,f1a2b3c4,release
1787477323.1127,c7d8e9f0,press
1787477323.1927,c7d8e9f0,release
1787477323.3791,e3f4a5b6,press
1787477323.4521,e3f4a5b6,release
1787477323.5741,a8f2b3e4,press
1787477323.6909,a8f2b3e4,release
1787477323.9196,a8f2b3e4,press
1787477324.0063,a8f2b3e4,release
1787477324.2338,f1a2b3c4,press
1787477324.3074,f1a2b3c4,release
1787477324.5303,a8f2b3e4,press
1787477324.6212,a8f2b3e4,release
1787477324.7318,a8f2b3e4,press
1787477324.8501,a8f2b3e4,release
1787477324.9734,a8f2b3e4,press
1787477325.0927,a8f2b3e4,release
1787477325.313,f1a2b3c4,press
1787477325.4343,f1a2b3c4,release
1787477325.6582,c7d8e9f0,press
1787477325.7472,c7d8e9f0,release
1787477325.8599,f1a2b3c4,press
1787477325.9557,f1a2b3c4,release
1787477326.1591,f1a2b3c4,press
1787477326.259,f1a2b3c4,release
1787477326.3602,f1a2b3c4,press
1787477326.4961,f1a2b3c4,release
1787477326.6674,c7d8e9f0,press
1787477326.764,c7d8e9f0,release
1787477326.9565,f1a2b3c4,press
1787477327.0432,f1a2b3c4,release
1787477327.1535,e3f4a5b6,press
1787477327.2669,e3f4a5b6,release
1787477327.4081,a8f2b3e4,press
1787477327.4872,a8f2b3e4,release
1787477327.6277,a8f2b3e4,press
1787477327.7461,a8f2b3e4,release
1787477327.9543,b9c1d2e5,press
1787477328.0304,b9c1d2e5,release
1787477328.1742,f1a2b3c4,press
1787477328.2709,f1a2b3c4,release
1787477328.4196,f1a2b3c4,press
1787477328.5305,f1a2b3c4,release
1787477328.6476,e3f4a5b6,press
1787477328.7842,e3f4a5b6,release
1787477328.9466,f1a2b3c4,press
1787477329.0417,f1a2b3c4,release
1787477329.2719,f1a2b3c4,press
1787477329.3492,f1a2b3c4,release
1787477329.4898,b9c1d2e5,press
1787477329.5962,b9c1d2e5,release
1787477329.7132,c7d8e9f0,press
1787477329.8173,c7d8e9f0,release
1787477330.0211,a8f2b3e4,press
1787477330.133,a8f2b3e4,release
1787477330.3032,c7d8e9f0,press
1787477330.402,c7d8e9f0,release
1787477330.583,c7d8e9f0,press
1787477330.6991,c7d8e9f0,release
1787477330.8136,a8f2b3e4,press
1787477330.888,a8f2b3e4,release
1787477331.1246,a8f2b3e4,press
1787477331.2546,a8f2b3e4,release
1787477331.4006,a8f2b3e4,press
1787477331.534,a8f2b3e4,release
1787477331.6969,e3f4a5b6,press
1787477331.8179,e3f4a5b6,release
1787477332.0677,e3f4a5b6,press
1787477332.1814,e3f4a5b6,release
1787477332.3531,c7d8e9f0,press
1787477332.4513,c7d8e9f0,release
1787477332.6471,e3f4a5b6,press
1787477332.7311,e3f4a5b6,release
1787477332.8732,c7d8e9f0,press
1787477332.9824,c7d8e9f0,release
1787477333.1994,b9c1d2e5,press
1787477333.3035,b9c1d2e5,release
1787477333.4283,c7d8e9f0,press
1787477333.5539,c7d8e9f0,release
1787477333.7462,e3f4a5b6,press
1787477333.8812,e3f4a5b6,release
1787477334.071,b9c1d2e5,press
1787477334.191,b9c1d2e5,release
1787477334.3937,a8f2b3e4,press
1787477334.499,a8f2b3e4,release
1787477334.6064,f1a2b3c4,press
1787477334.735,f1a2b3c4,release
1787477334.9337,e3f4a5b6,press
1787477335.0419,e3f4a5b6,release
1787477335.2461,e3f4a5b6,press
1787477335.3323,e3f4a5b6,release
1787477335.5034,a8f2b3e4,press
1787477335.6289,a8f2b3e4,release
1787477335.8314,e3f4a5b6,press
1787477335.9332,e3f4a5b6,release
1787477336.0539,c7d8e9f0,press
1787477336.1396,c7d8e9f0,release
1787477336.2494,f1a2b3c4,press
1787477336.3455,f1a2b3c4,release
1787477336.4564,c7d8e9f0,press
1787477336.592,c7d8e9f0,release
1787477336.7343,e3f4a5b6,press
1787477336.8413,e3f4a5b6,release
1787477337.0476,a8f2b3e4,press
1787477337.1408,a8f2b3e4,release
1787477337.2779,a8f2b3e4,press
1787477337.3579,a8f2b3e4,release
1787477337.5089,b9c1d2e5,press
1787477337.607,b9c1d2e5,release
1787477337.849,f1a2b3c4,press
1787477337.9681,f1a2b3c4,release
1787477338.1148,a8f2b3e4,press
1787477338.2454,a8f2b3e4,release
1787477338.3874,e3f4a5b6,press
1787477338.4955,e3f4a5b6,release
1787477338.6201,a8f2b3e4,press
1787477338.7006,a8f2b3e4,release
1787477338.9209,b9c1d2e5,press
1787477339.0102,b9c1d2e5,release
1787477339.1351,a8f2b3e4,press
1787477339.2209,a8f2b3e4,release
1787477339.3295,a8f2b3e4,press
1787477339.4195,a8f2b3e4,release
1787477339.5421,a8f2b3e4,press
1787477339.6274,a8f2b3e4,release
1787477339.7744,e3f4a5b6,press
1787477339.8593,e3f4a5b6,release
1787477340.0674,e3f4a5b6,press
1787477340.203,e3f4a5b6,release
1787477340.3539,b9c1d2e5,press
1787477340.4443,b9c1d2e5,release
1787477340.6756,b9c1d2e5,press
1787477340.7652,b9c1d2e5,release
1787477340.8768,a8f2b3e4,press
1787477340.9481,a8f2b3e4,release
1787477341.1938,c7d8e9f0,press
1787477341.3061,c7d8e9f0,release
1787477341.4269,e3f4a5b6,press
1787477341.5546,e3f4a5b6,release
1787477341.7091,a8f2b3e4,press
1787477341.8164,a8f2b3e4,release
1787477342.0093,a8f2b3e4,press
1787477342.1009,a8f2b3e4,release
1787477342.2355,a8f2b3e4,press
1787477342.3403,a8f2b3e4,release
1787477342.5502,e3f4a5b6,press
1787477342.6485,e3f4a5b6,release
1787477342.7778,f1a2b3c4,press
1787477342.9177,f1a2b3c4,release
1787477343.0253,c7d8e9f0,press
1787477343.1329,c7d8e9f0,release
1787477343.33,a8f2b3e4,press
1787477343.4616,a8f2b3e4,release
1787477343.6808,a8f2b3e4,press
1787477343.7654,a8f2b3e4,release
1787477343.9659,e3f4a5b6,press
1787477344.0682,e3f4a5b6,release
1787477344.1817,b9c1d2e5,press
1787477344.2664,b9c1d2e5,release
1787477344.3982,e3f4a5b6,press
1787477344.4736,e3f4a5b6,release
1787477344.5927,c7d8e9f0,press
1787477344.7175,c7d8e9f0,release
1787477344.9197,e3f4a5b6,press
1787477345.0356,e3f4a5b6,release
1787477345.2724,b9c1d2e5,press
1787477345.4076,b9c1d2e5,release
1787477345.5349,b9c1d2e5,press
1787477345.6612,b9c1d2e5,release
1787477345.8419,c7d8e9f0,press
1787477345.9472,c7d8e9f0,release
1787477346.0689,c7d8e9f0,press
1787477346.1875,c7d8e9f0,release
1787477346.2936,c7d8e9f0,press
1787477346.3976,c7d8e9f0,release
1787477346.5615,b9c1d2e5,press
1787477346.6395,b9c1d2e5,release
1787477346.8153,a8f2b3e4,press
1787477346.944,a8f2b3e4,release
1787477347.0645,b9c1d2e5,press
1787477347.1915,b9c1d2e5,release
1787477347.4174,b9c1d2e5,press
1787477347.5434,b9c1d2e5,release
1787477347.7425,b9c1d2e5,press
1787477347.8258,b9c1d2e5,release
1787477348.0139,c7d8e9f0,press
1787477348.1033,c7d8e9f0,release
1787477348.2388,c7d8e9f0,press
1787477348.3672,c7d8e9f0,release
1787477348.5724,b9c1d2e5,press
1787477348.6499,b9c1d2e5,release
1787477348.8194,a8f2b3e4,press
1787477348.9122,a8f2b3e4,release
1787477349.1459,b9c1d2e5,press
1787477349.2325,b9c1d2e5,release
1787477349.3465,a8f2b3e4,press
1787477349.4727,a8f2b3e4,release
1787477349.6672,c7d8e9f0,press
1787477349.7651,c7d8e9f0,release
1787477349.9121,e3f4a5b6,press
1787477350.0396,e3f4a5b6,release
1787477350.2712,f1a2b3c4,press
1787477350.3859,f1a2b3c4,release
1787477350.5869,f1a2b3c4,press
1787477350.7209,f1a2b3c4,release
1787477350.9431,b9c1d2e5,press
1787477351.0528,b9c1d2e5,release
1787477351.2131,a8f2b3e4,press
1787477351.3334,a8f2b3e4,release
1787477351.5471,e3f4a5b6,press
1787477351.6307,e3f4a5b6,release
1787477351.7959,f1a2b3c4,press
1787477351.8809,f1a2b3c4,release
1787477352.0666,e3f4a5b6,press
1787477352.1702,e3f4a5b6,release
1787477352.3895,a8f2b3e4,press
1787477352.4789,a8f2b3e4,release
1787477352.5857,b9c1d2e5,press
1787477352.7132,b9c1d2e5,release
1787477352.9357,f1a2b3c4,press
1787477353.0378,f1a2b3c4,release
1787477353.2689,c7d8e9f0,press
1787477353.3725,c7d8e9f0,release
1787477353.5285,e3f4a5b6,press
1787477353.6009,e3f4a5b6,release
1787477353.8094,c7d8e9f0,press
1787477353.9275,c7d8e9f0,release
1787477354.0515,b9c1d2e5,press
1787477354.1634,b9c1d2e5,release
1787477354.399,c7d8e9f0,press
1787477354.4836,c7d8e9f0,release
1787477354.6991,c7d8e9f0,press
1787477354.818,c7d8e9f0,release
1787477355.0226,e3f4a5b6,press
1787477355.1116,e3f4a5b6,release
1787477355.2767,a8f2b3e4,press
1787477355.3603,a8f2b3e4,release
1787477355.5101,e3f4a5b6,press
1787477355.6111,e3f4a5b6,release
1787477355.7328,c7d8e9f0,press
1787477355.839,c7d8e9f0,release
1787477356.0835,b9c1d2e5,press
1787477356.2008,b9c1d2e5,release
1787477356.3144,a8f2b3e4,press
1787477356.3952,a8f2b3e4,release
1787477356.5681,c7d8e9f0,press
1787477356.7068,c7d8e9f0,release
1787477356.9008,e3f4a5b6,press
1787477357.0205,e3f4a5b6,release
1787477357.2415,f1a2b3c4,press
1787477357.3517,f1a2b3c4,release
1787477357.4861,f1a2b3c4,press
1787477357.5863,f1a2b3c4,release
1787477357.7334,a8f2b3e4,press
1787477357.8202,a8f2b3e4,release
1787477357.93,a8f2b3e4,press
1787477358.0576,a8f2b3e4,release
1787477358.2946,f1a2b3c4,press
1787477358.4248,f1a2b3c4,release
1787477358.5634,c7d8e9f0,press
1787477358.6999,c7d8e9f0,release
1787477358.8416,c7d8e9f0,press
1787477358.9207,c7d8e9f0,release
1787477359.1441,f1a2b3c4,press
1787477359.2323,f1a2b3c4,release
1787477359.3557,b9c1d2e5,press
1787477359.4313,b9c1d2e5,release
1787477359.6645,a8f2b3e4,press
1787477359.7919,a8f2b3e4,release
1787477359.901,e3f4a5b6,press
1787477360.0162,e3f4a5b6,release
1787477360.1883,b9c1d2e5,press
1787477360.2858,b9c1d2e5,release
1787477360.4412,e3f4a5b6,press
1787477360.5621,e3f4a5b6,release
1787477360.727,e3f4a5b6,press
1787477360.8398,e3f4a5b6,release
1787477361.0827,e3f4a5b6,press
1787477361.2095,e3f4a5b6,release
1787477361.3209,e3f4a5b6,press
1787477361.42,e3f4a5b6,release
1787477361.5549,b9c1d2e5,press
1787477361.6687,b9c1d2e5,release
1787477361.8902,f1a2b3c4,press
1787477362.0026,f1a2b3c4,release
1787477362.1498,e3f4a5b6,press
1787477362.2706,e3f4a5b6,release
1787477362.4366,e3f4a5b6,press
1787477362.5365,e3f4a5b6,release
1787477362.6844,b9c1d2e5,press
1787477362.8087,b9c1d2e5,release
1787477362.929,c7d8e9f0,press
1787477363.0505,c7d8e9f0,release
1787477363.2628,b9c1d2e5,press
1787477363.3907,b9c1d2e5,release
1787477363.5784,e3f4a5b6,press
1787477363.668,e3f4a5b6,release
1787477363.8054,a8f2b3e4,press
1787477363.9223,a8f2b3e4,release
1787477364.0383,a8f2b3e4,press
1787477364.1763,a8f2b3e4,release
1787477364.42,b9c1d2e5,press
1787477364.5313,b9c1d2e5,release
1787477364.7232,e3f4a5b6,press
1787477364.8369,e3f4a5b6,release
1787477365.0553,a8f2b3e4,press
1787477365.1827,a8f2b3e4,release
1787477365.4006,c7d8e9f0,press
1787477365.4772,c7d8e9f0,release
1787477365.6663,e3f4a5b6,press
1787477365.7602,e3f4a5b6,release
1787477365.8914,c7d8e9f0,press
1787477366.0057,c7d8e9f0,release
1787477366.1945,a8f2b3e4,press
1787477366.2813,a8f2b3e4,release
1787477366.5283,a8f2b3e4,press
1787477366.6528,a8f2b3e4,release
1787477366.8602,a8f2b3e4,press
1787477366.9833,a8f2b3e4,release
1787477367.1705,e3f4a5b6,press
1787477367.2565,e3f4a5b6,release
1787477367.4994,f1a2b3c4,press
1787477367.5713,f1a2b3c4,release
1787477367.6848,b9c1d2e5,press
1787477367.8218,b9c1d2e5,release
1787477367.9971,f1a2b3c4,press
1787477368.106,f1a2b3c4,release
1787477368.2095,a8f2b3e4,press
1787477368.2961,a8f2b3e4,release
1787477368.5043,e3f4a5b6,press
1787477368.6029,e3f4a5b6,release
1787477368.807,a8f2b3e4,press
1787477368.9033,a8f2b3e4,release
1787477369.0926,f1a2b3c4,press
1787477369.2316,f1a2b3c4,release
1787477369.3368,b9c1d2e5,press
1787477369.4767,b9c1d2e5,release
1787477369.6892,a8f2b3e4,press
1787477369.786,a8f2b3e4,release
1787477369.8941,b9c1d2e5,press
1787477370.0088,b9c1d2e5,release
1787477370.2261,a8f2b3e4,press
1787477370.2986,a8f2b3e4,release
1787477370.5178,a8f2b3e4,press
1787477370.6364,a8f2b3e4,release
1787477370.7687,c7d8e9f0,press
1787477370.8643,c7d8e9f0,release
1787477370.997,c7d8e9f0,press
1787477371.0981,c7d8e9f0,release
1787477371.2137,e3f4a5b6,press
1787477371.3445,e3f4a5b6,release
1787477371.5101,e3f4a5b6,press
1787477371.5873,e3f4a5b6,release
1787477371.6878,b9c1d2e5,press
1787477371.7679,b9c1d2e5,release
1787477371.9503,e3f4a5b6,press
1787477372.0418,e3f4a5b6,release
1787477372.2516,e3f4a5b6,press
1787477372.3748,e3f4a5b6,release
1787477372.5524,e3f4a5b6,press
1787477372.6308,e3f4a5b6,release
1787477372.8475,b9c1d2e5,press
1787477372.9737,b9c1d2e5,release
1787477373.1429,f1a2b3c4,press
1787477373.2793,f1a2b3c4,release
1787477373.5056,a8f2b3e4,press
1787477373.6425,a8f2b3e4,release
1787477373.7742,a8f2b3e4,press
1787477373.8467,a8f2b3e4,release
1787477374.0719,c7d8e9f0,press
1787477374.1485,c7d8e9f0,release
1787477374.2612,c7d8e9f0,press
1787477374.3621,c7d8e9f0,release
1787477374.5362,e3f4a5b6,press
1787477374.6541,e3f4a5b6,release
1787477374.8349,b9c1d2e5,press
1787477374.9446,b9c1d2e5,release
1787477375.0917,c7d8e9f0,press
1787477375.1692,c7d8e9f0,release
1787477375.3643,f1a2b3c4,press
1787477375.4929,f1a2b3c4,release
1787477375.6491,c7d8e9f0,press
1787477375.788,c7d8e9f0,release
1787477376.009,a8f2b3e4,press
1787477376.0859,a8f2b3e4,release
1787477376.1883,e3f4a5b6,press
1787477376.2654,e3f4a5b6,release
1787477376.4197,b9c1d2e5,press
1787477376.5029,b9c1d2e5,release
1787477376.7406,c7d8e9f0,press
1787477376.8536,c7d8e9f0,release
1787477376.9823,b9c1d2e5,press
1787477377.1155,b9c1d2e5,release
1787477377.3192,b9c1d2e5,press
1787477377.4212,b9c1d2e5,release
1787477377.6457,e3f4a5b6,press
1787477377.7808,e3f4a5b6,release
1787477377.9693,e3f4a5b6,press
1787477378.0981,e3f4a5b6,release
1787477378.2642,b9c1d2e5,press
1787477378.3561,b9c1d2e5,release
1787477378.4801,b9c1d2e5,press
1787477378.5997,b9c1d2e5,release
1787477378.8398,b9c1d2e5,press
1787477378.9717,b9c1d2e5,release
1787477379.1805,a8f2b3e4,press
1787477379.2527,a8f2b3e4,release
1787477379.3547,f1a2b3c4,press
1787477379.4527,f1a2b3c4,release
1787477379.5668,e3f4a5b6,press
1787477379.6491,e3f4a5b6,release
1787477379.771,e3f4a5b6,press
1787477379.8897,e3f4a5b6,release
1787477380.107,f1a2b3c4,press
1787477380.1871,f1a2b3c4,release
1787477380.3647,a8f2b3e4,press
1787477380.4911,a8f2b3e4,release
1787477380.6799,a8f2b3e4,press
1787477380.7938,a8f2b3e4,release
1787477381.0314,f1a2b3c4,press
1787477381.1127,f1a2b3c4,release
1787477381.3332,e3f4a5b6,press
1787477381.4351,e3f4a5b6,release
1787477381.5621,c7d8e9f0,press
1787477381.6682,c7d8e9f0,release
1787477381.8065,c7d8e9f0,press
1787477381.8827,c7d8e9f0,release
1787477382.0154,a8f2b3e4,press
1787477382.0888,a8f2b3e4,release
1787477382.2942,a8f2b3e4,press
1787477382.3702,a8f2b3e4,release
1787477382.5419,c7d8e9f0,press
1787477382.6571,c7d8e9f0,release
1787477382.9062,a8f2b3e4,press
1787477382.9968,a8f2b3e4,release
1787477383.2089,e3f4a5b6,press
1787477383.2847,e3f4a5b6,release
1787477383.451,e3f4a5b6,press
1787477383.5712,e3f4a5b6,release
1787477383.8031,a8f2b3e4,press
1787477383.8874,a8f2b3e4,release
1787477383.9907,e3f4a5b6,press
1787477384.1282,e3f4a5b6,release
1787477384.2968,f1a2b3c4,press
1787477384.4074,f1a2b3c4,release
1787477384.6144,b9c1d2e5,press
1787477384.7333,b9c1d2e5,release
1787477384.8957,a8f2b3e4,press
1787477385.0023,a8f2b3e4,release
1787477385.1132,a8f2b3e4,press
1787477385.2219,a8f2b3e4,release
1787477385.3677,a8f2b3e4,press
1787477385.4411,a8f2b3e4,release
1787477385.6494,f1a2b3c4,press
1787477385.765,f1a2b3c4,release
1787477385.9051,c7d8e9f0,press
1787477385.9823,c7d8e9f0,release
1787477386.1962,a8f2b3e4,press
1787477386.28,a8f2b3e4,release
1787477386.4112,b9c1d2e5,press
1787477386.5409,b9c1d2e5,release
1787477386.7787,c7d8e9f0,press
1787477386.9091,c7d8e9f0,release
1787477387.085,e3f4a5b6,press
1787477387.1771,e3f4a5b6,release
1787477387.2904,c7d8e9f0,press
1787477387.405,c7d8e9f0,release
1787477387.622,e3f4a5b6,press
1787477387.7554,e3f4a5b6,release
1787477387.8814,b9c1d2e5,press
1787477387.9673,b9c1d2e5,release
1787477388.0941,c7d8e9f0,press
1787477388.1901,c7d8e9f0,release
1787477388.3297,b9c1d2e5,press
1787477388.4657,b9c1d2e5,release
1787477388.7,e3f4a5b6,press
1787477388.8183,e3f4a5b6,release
1787477388.9844,f1a2b3c4,press
1787477389.0853,f1a2b3c4,release
1787477389.2573,e3f4a5b6,press
1787477389.377,e3f4a5b6,release
1787477389.6201,f1a2b3c4,press
1787477389.7074,f1a2b3c4,release
1787477389.8409,b9c1d2e5,press
1787477389.9676,b9c1d2e5,release
1787477390.1364,f1a2b3c4,press
1787477390.2569,f1a2b3c4,release
1787477390.4641,f1a2b3c4,press
1787477390.5802,f1a2b3c4,release
1787477390.7125,a8f2b3e4,press
1787477390.7986,a8f2b3e4,release
1787477390.9976,a8f2b3e4,press
1787477391.0872,a8f2b3e4,release
1787477391.2184,c7d8e9f0,press
1787477391.2998,c7d8e9f0,release
1787477391.4811,a8f2b3e4,press
1787477391.5511,a8f2b3e4,release
1787477391.6541,f1a2b3c4,press
1787477391.7856,f1a2b3c4,release
1787477391.9588,f1a2b3c4,press
1787477392.0572,f1a2b3c4,release
1787477392.292,b9c1d2e5,press
1787477392.3843,b9c1d2e5,release
1787477392.5978,a8f2b3e4,press
1787477392.7161,a8f2b3e4,release
1787477392.8783,c7d8e9f0,press
1787477392.9525,c7d8e9f0,release
1787477393.088,f1a2b3c4,press
1787477393.1773,f1a2b3c4,release
1787477393.4241,a8f2b3e4,press
1787477393.5245,a8f2b3e4,release
1787477393.7288,c7d8e9f0,press
1787477393.8272,c7d8e9f0,release
1787477394.0335,b9c1d2e5,press
1787477394.1653,b9c1d2e5,release
1787477394.3195,b9c1d2e5,press
1787477394.4029,b9c1d2e5,release
1787477394.5171,e3f4a5b6,press
1787477394.6026,e3f4a5b6,release
1787477394.7761,f1a2b3c4,press
1787477394.8681,f1a2b3c4,release
1787477394.9863,c7d8e9f0,press
1787477395.115,c7d8e9f0,release
1787477395.326,e3f4a5b6,press
1787477395.402,e3f4a5b6,release
1787477395.5325,e3f4a5b6,press
1787477395.657,e3f4a5b6,release
1787477395.7962,f1a2b3c4,press
1787477395.9154,f1a2b3c4,release
1787477396.1441,a8f2b3e4,press
1787477396.2682,a8f2b3e4,release
1787477396.4088,e3f4a5b6,press
1787477396.4903,e3f4a5b6,release
1787477396.6881,b9c1d2e5,press
1787477396.8246,b9c1d2e5,release
1787477397.0268,e3f4a5b6,press
1787477397.1627,e3f4a5b6,release
1787477397.3437,b9c1d2e5,press
1787477397.4639,b9c1d2e5,release
1787477397.5864,f1a2b3c4,press
1787477397.6638,f1a2b3c4,release
1787477397.7667,b9c1d2e5,press
1787477397.9019,b9c1d2e5,release
1787477398.0789,e3f4a5b6,press
1787477398.1505,e3f4a5b6,release
1787477398.3812,f1a2b3c4,press
1787477398.4965,f1a2b3c4,release
1787477398.6395,b9c1d2e5,press
1787477398.7192,b9c1d2e5,release
1787477398.932,a8f2b3e4,press
1787477399.0673,a8f2b3e4,release
1787477399.2549,a8f2b3e4,press
1787477399.3767,a8f2b3e4,release
1787477399.5866,a8f2b3e4,press
1787477399.7237,a8f2b3e4,release
1787477399.9271,a8f2b3e4,press
1787477400.0083,a8f2b3e4,release
1787477400.1719,a8f2b3e4,press
1787477400.2839,a8f2b3e4,release
1787477400.48,b9c1d2e5,press
1787477400.5819,b9c1d2e5,release
1787477400.7078,f1a2b3c4,press
1787477400.8434,f1a2b3c4,release
1787477401.036,b9c1d2e5,press
1787477401.1438,b9c1d2e5,release
1787477401.3378,b9c1d2e5,press
1787477401.4275,b9c1d2e5,release
1787477401.5861,b9c1d2e5,press
1787477401.6691,b9c1d2e5,release
1787477401.8871,e3f4a5b6,press
1787477402.0233,e3f4a5b6,release
1787477402.2154,a8f2b3e4,press
1787477402.3426,a8f2b3e4,release
1787477402.5496,f1a2b3c4,press
1787477402.6706,f1a2b3c4,release
1787477402.871,b9c1d2e5,press
1787477402.977,b9c1d2e5,release
1787477403.0966,b9c1d2e5,press
1787477403.1833,b9c1d2e5,release
1787477403.2881,a8f2b3e4,press
1787477403.4117,a8f2b3e4,release
1787477403.5992,f1a2b3c4,press
1787477403.7353,f1a2b3c4,release
1787477403.9742,c7d8e9f0,press
1787477404.0713,c7d8e9f0,release
1787477404.2528,e3f4a5b6,press
1787477404.3777,e3f4a5b6,release
1787477404.4904,c7d8e9f0,press
1787477404.6177,c7d8e9f0,release
1787477404.7296,f1a2b3c4,press
1787477404.8679,f1a2b3c4,release
1787477405.1089,b9c1d2e5,press
1787477405.2335,b9c1d2e5,release
1787477405.4533,b9c1d2e5,press
1787477405.531,b9c1d2e5,release
1787477405.7555,b9c1d2e5,press
1787477405.8541,b9c1d2e5,release
1787477406.084,a8f2b3e4,press
1787477406.193,a8f2b3e4,release
1787477406.3492,f1a2b3c4,press
1787477406.4253,f1a2b3c4,release
1787477406.5762,b9c1d2e5,press
1787477406.6879,b9c1d2e5,release
1787477406.9105,c7d8e9f0,press
1787477407.0227,c7d8e9f0,release
1787477407.1939,b9c1d2e5,press
1787477407.2995,b9c1d2e5,release
1787477407.5339,b9c1d2e5,press
1787477407.6165,b9c1d2e5,release
1787477407.7453,a8f2b3e4,press
1787477407.8646,a8f2b3e4,release
1787477408.0557,e3f4a5b6,press
1787477408.1714,e3f4a5b6,release
1787477408.3971,a8f2b3e4,press
1787477408.5208,a8f2b3e4,release
1787477408.71,b9c1d2e5,press
1787477408.8346,b9c1d2e5,release
1787477408.9896,a8f2b3e4,press
1787477409.0696,a8f2b3e4,release
1787477409.1788,a8f2b3e4,press
1787477409.2572,a8f2b3e4,release
1787477409.442,c7d8e9f0,press
1787477409.5437,c7d8e9f0,release
1787477409.7912,f1a2b3c4,press
1787477409.8627,f1a2b3c4,release
1787477410.0081,e3f4a5b6,press
1787477410.1254,e3f4a5b6,release
1787477410.297,f1a2b3c4,press
1787477410.4145,f1a2b3c4,release
1787477410.6336,e3f4a5b6,press
1787477410.7582,e3f4a5b6,release
1787477410.9038,e3f4a5b6,press
1787477411.028,e3f4a5b6,release
1787477411.2114,c7d8e9f0,press
1787477411.3285,c7d8e9f0,release
1787477411.4879,b9c1d2e5,press
1787477411.5921,b9c1d2e5,release
1787477411.7882,f1a2b3c4,press
1787477411.8925,f1a2b3c4,release
1787477412.0308,c7d8e9f0,press
1787477412.1194,c7d8e9f0,release
1787477412.2839,c7d8e9f0,press
1787477412.3888,c7d8e9f0,release
1787477412.5888,e3f4a5b6,press
1787477412.6729,e3f4a5b6,release
1787477412.8951,a8f2b3e4,press
1787477412.9778,a8f2b3e4,release
1787477413.1368,b9c1d2e5,press
1787477413.257,b9c1d2e5,release
1787477413.3996,c7d8e9f0,press
1787477413.5115,c7d8e9f0,release
1787477413.6728,b9c1d2e5,press
1787477413.7672,b9c1d2e5,release
1787477413.9026,c7d8e9f0,press
1787477414.0314,c7d8e9f0,release
1787477414.1681,f1a2b3c4,press
1787477414.2436,f1a2b3c4,release
1787477414.3466,b9c1d2e5,press
1787477414.4824,b9c1d2e5,release
1787477414.5948,c7d8e9f0,press
1787477414.7318,c7d8e9f0,release
1787477414.8981,a8f2b3e4,press
1787477415.034,a8f2b3e4,release
1787477415.2793,e3f4a5b6,press
1787477415.3769,e3f4a5b6,release
1787477415.5749,e3f4a5b6,press
1787477415.6935,e3f4a5b6,release
1787477415.7952,c7d8e9f0,press
1787477415.8969,c7d8e9f0,release
1787477416.1013,f1a2b3c4,press
1787477416.2381,f1a2b3c4,release
1787477416.4719,e3f4a5b6,press
1787477416.5692,e3f4a5b6,release
1787477416.6864,e3f4a5b6,press
1787477416.7852,e3f4a5b6,release
1787477416.9144,c7d8e9f0,press
1787477416.9942,c7d8e9f0,release
1787477417.1754,f1a2b3c4,press
1787477417.2492,f1a2b3c4,release
1787477417.4176,a8f2b3e4,press
1787477417.5383,a8f2b3e4,release
1787477417.7565,c7d8e9f0,press
1787477417.8326,c7d8e9f0,release
1787477417.9438,a8f2b3e4,press
1787477418.0525,a8f2b3e4,release
1787477418.2559,c7d8e9f0,press
1787477418.3773,c7d8e9f0,release
1787477418.5702,e3f4a5b6,press
1787477418.7089,e3f4a5b6,release
1787477418.8702,a8f2b3e4,press
1787477419.0047,a8f2b3e4,release
1787477419.1234,a8f2b3e4,press
1787477419.2167,a8f2b3e4,release
1787477419.4483,b9c1d2e5,press
1787477419.5469,b9c1d2e5,release
1787477419.6579,a8f2b3e4,press
1787477419.7621,a8f2b3e4,release
1787477420.0068,b9c1d2e5,press
1787477420.1453,b9c1d2e5,release
1787477420.3669,f1a2b3c4,press
1787477420.4484,f1a2b3c4,release
1787477420.6127,c7d8e9f0,press
1787477420.7051,c7d8e9f0,release
1787477420.8462,e3f4a5b6,press
1787477420.9231,e3f4a5b6,release
1787477421.1017,a8f2b3e4,press
1787477421.1813,a8f2b3e4,release
1787477421.2882,a8f2b3e4,press
1787477421.3934,a8f2b3e4,release
1787477421.546,a8f2b3e4,press
1787477421.6471,a8f2b3e4,release
1787477421.82,e3f4a5b6,press
1787477421.8997,e3f4a5b6,release
1787477422.125,c7d8e9f0,press
1787477422.248,c7d8e9f0,release
1787477422.3703,f1a2b3c4,press
1787477422.4671,f1a2b3c4,release
1787477422.6066,e3f4a5b6,press
1787477422.6771,e3f4a5b6,release
1787477422.9077,b9c1d2e5,press
1787477423.0249,b9c1d2e5,release
1787477423.2218,a8f2b3e4,press
1787477423.2973,a8f2b3e4,release
1787477423.4988,f1a2b3c4,press
1787477423.623,f1a2b3c4,release
1787477423.7508,f1a2b3c4,press
1787477423.8211,f1a2b3c4,release
1787477424.0474,b9c1d2e5,press
1787477424.1303,b9c1d2e5,release
1787477424.3384,c7d8e9f0,press
1787477424.436,c7d8e9f0,release
1787477424.6355,b9c1d2e5,press
1787477424.771,b9c1d2e5,release
1787477424.894,a8f2b3e4,press
1787477424.9682,a8f2b3e4,release
1787477425.2149,f1a2b3c4,press
1787477425.3053,f1a2b3c4,release
1787477425.4536,c7d8e9f0,press
1787477425.5896,c7d8e9f0,release
1787477425.7057,e3f4a5b6,press
1787477425.8162,e3f4a5b6,release
1787477425.9971,e3f4a5b6,press
1787477426.0818,e3f4a5b6,release
1787477426.1958,c7d8e9f0,press
1787477426.3028,c7d8e9f0,release
1787477426.5241,e3f4a5b6,press
1787477426.6411,e3f4a5b6,release
1787477426.8284,b9c1d2e5,press
1787477426.9312,b9c1d2e5,release
1787477427.1454,e3f4a5b6,press
1787477427.2334,e3f4a5b6,release
1787477427.3694,a8f2b3e4,press
1787477427.4736,a8f2b3e4,release
1787477427.6446,c7d8e9f0,press
1787477427.7371,c7d8e9f0,release
1787477427.8448,b9c1d2e5,press
1787477427.9767,b9c1d2e5,release
1787477428.1431,e3f4a5b6,press
1787477428.2147,e3f4a5b6,release
1787477428.4386,c7d8e9f0,press
1787477428.5276,c7d8e9f0,release
1787477428.7463,f1a2b3c4,press
1787477428.8361,f1a2b3c4,release
1787477429.0698,c7d8e9f0,press
1787477429.2084,c7d8e9f0,release
1787477429.3374,c7d8e9f0,press
1787477429.4121,c7d8e9f0,release
1787477429.5964,e3f4a5b6,press
1787477429.7247,e3f4a5b6,release
1787477429.8402,e3f4a5b6,press
1787477429.9129,e3f4a5b6,release
1787477430.0615,a8f2b3e4,press
1787477430.1544,a8f2b3e4,release
1787477430.3215,e3f4a5b6,press
1787477430.4178,e3f4a5b6,release
1787477430.6626,a8f2b3e4,press
1787477430.7462,a8f2b3e4,release
1787477430.9801,a8f2b3e4,press
1787477431.1158,a8f2b3e4,release
1787477431.2653,b9c1d2e5,press
1787477431.3914,b9c1d2e5,release
1787477431.4992,b9c1d2e5,press
1787477431.6246,b9c1d2e5,release
1787477431.7987,f1a2b3c4,press
1787477431.9035,f1a2b3c4,release
1787477432.0159,b9c1d2e5,press
1787477432.1352,b9c1d2e5,release
1787477432.2405,a8f2b3e4,press
1787477432.3224,a8f2b3e4,release
1787477432.5668,c7d8e9f0,press
1787477432.6832,c7d8e9f0,release
1787477432.8262,f1a2b3c4,press
1787477432.9042,f1a2b3c4,release
1787477433.054,e3f4a5b6,press
1787477433.1285,e3f4a5b6,release
1787477433.253,a8f2b3e4,press
1787477433.3793,a8f2b3e4,release
1787477433.5937,e3f4a5b6,press
1787477433.6904,e3f4a5b6,release
1787477433.8071,a8f2b3e4,press
1787477433.947,a8f2b3e4,release
1787477434.0656,f1a2b3c4,press
1787477434.1947,f1a2b3c4,release
1787477434.338,b9c1d2e5,press
1787477434.4755,b9c1d2e5,release
1787477434.6044,a8f2b3e4,press
1787477434.7347,a8f2b3e4,release
1787477434.9068,e3f4a5b6,press
1787477434.9911,e3f4a5b6,release
1787477435.2267,a8f2b3e4,press
1787477435.362,a8f2b3e4,release
1787477435.4951,b9c1d2e5,press
1787477435.5828,b9c1d2e5,release
1787477435.7915,b9c1d2e5,press
1787477435.9014,b9c1d2e5,release
1787477436.0933,e3f4a5b6,press
1787477436.1745,e3f4a5b6,release
1787477436.2991,c7d8e9f0,press
1787477436.391,c7d8e9f0,release
1787477436.4939,e3f4a5b6,press
1787477436.596,e3f4a5b6,release
1787477436.719,c7d8e9f0,press
1787477436.8382,c7d8e9f0,release
1787477437.051,e3f4a5b6,press
1787477437.1752,e3f4a5b6,release
1787477437.3888,c7d8e9f0,press
1787477437.4885,c7d8e9f0,release
1787477437.632,c7d8e9f0,press
1787477437.7161,c7d8e9f0,release
1787477437.9142,c7d8e9f0,press
1787477438.0515,c7d8e9f0,release
1787477438.2437,c7d8e9f0,press
1787477438.3274,c7d8e9f0,release
1787477438.4563,f1a2b3c4,press
1787477438.569,f1a2b3c4,release
1787477438.6743,b9c1d2e5,press
1787477438.7577,b9c1d2e5,release
1787477438.8857,b9c1d2e5,press
1787477439.0179,b9c1d2e5,release
1787477439.2486,e3f4a5b6,press
1787477439.3488,e3f4a5b6,release
1787477439.5568,a8f2b3e4,press
1787477439.6715,a8f2b3e4,release
1787477439.8156,f1a2b3c4,press
1787477439.9127,f1a2b3c4,release
1787477440.0682,a8f2b3e4,press
1787477440.1405,a8f2b3e4,release
1787477440.3496,e3f4a5b6,press
1787477440.4383,e3f4a5b6,release
1787477440.5385,a8f2b3e4,press
1787477440.674,a8f2b3e4,release
1787477440.9209,b9c1d2e5,press
1787477441.0365,b9c1d2e5,release
1787477441.234,e3f4a5b6,press
1787477441.3392,e3f4a5b6,release
1787477441.4424,c7d8e9f0,press
1787477441.5217,c7d8e9f0,release
1787477441.6592,f1a2b3c4,press
1787477441.791,f1a2b3c4,release
1787477442.0078,f1a2b3c4,press
1787477442.1246,f1a2b3c4,release
1787477442.3126,f1a2b3c4,press
1787477442.4319,f1a2b3c4,release
1787477442.5345,e3f4a5b6,press
1787477442.6451,e3f4a5b6,release
1787477442.8602,c7d8e9f0,press
1787477442.9674,c7d8e9f0,release
1787477443.1514,c7d8e9f0,press
1787477443.2832,c7d8e9f0,release
1787477443.4303,b9c1d2e5,press
1787477443.5313,b9c1d2e5,release
1787477443.7585,e3f4a5b6,press
1787477443.856,e3f4a5b6,release
1787477444.0591,f1a2b3c4,press
1787477444.1866,f1a2b3c4,release
1787477444.3085,a8f2b3e4,press
1787477444.3881,a8f2b3e4,release
1787477444.604,b9c1d2e5,press
1787477444.692,b9c1d2e5,release
1787477444.8042,f1a2b3c4,press
1787477444.9178,f1a2b3c4,release
1787477445.062,e3f4a5b6,press
1787477445.1443,e3f4a5b6,release
1787477445.2811,a8f2b3e4,press
1787477445.3899,a8f2b3e4,release
1787477445.5391,b9c1d2e5,press
1787477445.6699,b9c1d2e5,release
1787477445.8602,f1a2b3c4,press
1787477445.9952,f1a2b3c4,release
1787477446.1151,c7d8e9f0,press
1787477446.2211,c7d8e9f0,release
1787477446.4255,c7d8e9f0,press
1787477446.4963,c7d8e9f0,release
1787477446.7112,a8f2b3e4,press
1787477446.8437,a8f2b3e4,release
1787477447.0,f1a2b3c4,press
1787477447.1238,f1a2b3c4,release
1787477447.2633,a8f2b3e4,press
1787477447.3838,a8f2b3e4,release
1787477447.5031,f1a2b3c4,press
1787477447.614,f1a2b3c4,release
1787477447.7614,f1a2b3c4,press
1787477447.8582,f1a2b3c4,release
1787477447.9637,b9c1d2e5,press
1787477448.0768,b9c1d2e5,release
1787477448.2085,b9c1d2e5,press
1787477448.3013,b9c1d2e5,release
1787477448.5314,c7d8e9f0,press
1787477448.6491,c7d8e9f0,release
1787477448.8857,b9c1d2e5,press
1787477449.0091,b9c1d2e5,release
1787477449.2311,c7d8e9f0,press
1787477449.3698,c7d8e9f0,release
1787477449.5114,e3f4a5b6,press
1787477449.6135,e3f4a5b6,release
1787477449.7621,e3f4a5b6,press
1787477449.8408,e3f4a5b6,release
1787477449.952,b9c1d2e5,press
1787477450.0672,b9c1d2e5,release
1787477450.2017,e3f4a5b6,press
1787477450.2877,e3f4a5b6,release
1787477450.5194,a8f2b3e4,press
1787477450.6107,a8f2b3e4,release
1787477450.8557,a8f2b3e4,press
1787477450.9865,a8f2b3e4,release
1787477451.1922,e3f4a5b6,press
1787477451.3257,e3f4a5b6,release
1787477451.473,e3f4a5b6,press
1787477451.5897,e3f4a5b6,release
1787477451.7304,c7d8e9f0,press
1787477451.8315,c7d8e9f0,release
1787477451.9758,f1a2b3c4,press
1787477452.1114,f1a2b3c4,release
1787477452.2628,f1a2b3c4,press
1787477452.4025,f1a2b3c4,release
1787477452.5786,f1a2b3c4,press
1787477452.673,f1a2b3c4,release
1787477452.8017,a8f2b3e4,press
1787477452.9184,a8f2b3e4,release
1787477453.0863,c7d8e9f0,press
1787477453.2125,c7d8e9f0,release
1787477453.358,e3f4a5b6,press
1787477453.4828,e3f4a5b6,release
1787477453.706,e3f4a5b6,press
1787477453.8097,e3f4a5b6,release
1787477453.9661,b9c1d2e5,press
1787477454.0857,b9c1d2e5,release
1787477454.3219,b9c1d2e5,press
1787477454.4425,b9c1d2e5,release
1787477454.6048,b9c1d2e5,press
1787477454.7048,b9c1d2e5,release
1787477454.9296,a8f2b3e4,press
1787477455.019,a8f2b3e4,release
1787477455.1917,b9c1d2e5,press
1787477455.3198,b9c1d2e5,release
1787477455.5158,e3f4a5b6,press
1787477455.603,e3f4a5b6,release
1787477455.7348,b9c1d2e5,press
1787477455.8085,b9c1d2e5,release
1787477456.0266,b9c1d2e5,press
1787477456.1543,b9c1d2e5,release
1787477456.3773,f1a2b3c4,press
1787477456.5053,f1a2b3c4,release
1787477456.7041,e3f4a5b6,press
1787477456.8322,e3f4a5b6,release
1787477457.0805,c7d8e9f0,press
1787477457.203,c7d8e9f0,release
1787477457.3994,e3f4a5b6,press
1787477457.529,e3f4a5b6,release
1787477457.7775,b9c1d2e5,press
1787477457.8842,b9c1d2e5,release
1787477458.1085,c7d8e9f0,press
1787477458.2477,c7d8e9f0,release
1787477458.4112,f1a2b3c4,press
1787477458.5355,f1a2b3c4,release
1787477458.676,f1a2b3c4,press
1787477458.7783,f1a2b3c4,release
1787477459.0103,f1a2b3c4,press
1787477459.1124,f1a2b3c4,release
1787477459.2783,c7d8e9f0,press
1787477459.3702,c7d8e9f0,release
1787477459.4866,f1a2b3c4,press
1787477459.5823,f1a2b3c4,release
1787477459.751,f1a2b3c4,press
1787477459.8716,f1a2b3c4,release
1787477460.116,f1a2b3c4,press
1787477460.2082,f1a2b3c4,release
1787477460.4294,c7d8e9f0,press
1787477460.5178,c7d8e9f0,release
1787477460.6436,a8f2b3e4,press
1787477460.7547,a8f2b3e4,release
1787477460.936,f1a2b3c4,press
1787477461.0126,f1a2b3c4,release
1787477461.1495,e3f4a5b6,press
1787477461.2534,e3f4a5b6,release
1787477461.4957,e3f4a5b6,press
1787477461.5954,e3f4a5b6,release
1787477461.7593,e3f4a5b6,press
1787477461.8949,e3f4a5b6,release
1787477462.0915,e3f4a5b6,press
1787477462.1916,e3f4a5b6,release
1787477462.3048,b9c1d2e5,press
1787477462.4364,b9c1d2e5,release
1787477462.6299,e3f4a5b6,press
1787477462.7073,e3f4a5b6,release
1787477462.888,a8f2b3e4,press
1787477462.99,a8f2b3e4,release
1787477463.1036,f1a2b3c4,press
1787477463.2076,f1a2b3c4,release
1787477463.3394,a8f2b3e4,press
1787477463.4569,a8f2b3e4,release
1787477463.6925,c7d8e9f0,press
1787477463.7655,c7d8e9f0,release
1787477463.9814,b9c1d2e5,press
1787477464.121,b9c1d2e5,release
1787477464.334,c7d8e9f0,press
1787477464.4171,c7d8e9f0,release
1787477464.6197,c7d8e9f0,press
1787477464.7031,c7d8e9f0,release
1787477464.8664,b9c1d2e5,press
1787477464.95,b9c1d2e5,release
1787477465.1994,e3f4a5b6,press
1787477465.2918,e3f4a5b6,release
1787477465.4928,f1a2b3c4,press
1787477465.5638,f1a2b3c4,release
1787477465.7975,e3f4a5b6,press
1787477465.8864,e3f4a5b6,release
1787477465.9946,a8f2b3e4,press
1787477466.0684,a8f2b3e4,release
1787477466.2547,a8f2b3e4,press
1787477466.3288,a8f2b3e4,release
1787477466.4867,c7d8e9f0,press
1787477466.6138,c7d8e9f0,release
1787477466.7146,e3f4a5b6,press
1787477466.791,e3f4a5b6,release
1787477466.8948,b9c1d2e5,press
1787477467.0171,b9c1d2e5,release
1787477467.2667,e3f4a5b6,press
1787477467.4046,e3f4a5b6,release
1787477467.548,f1a2b3c4,press
1787477467.6791,f1a2b3c4,release
1787477467.7843,f1a2b3c4,press
1787477467.8748,f1a2b3c4,release
1787477468.0579,e3f4a5b6,press
1787477468.1541,e3f4a5b6,release
1787477468.2616,f1a2b3c4,press
1787477468.3573,f1a2b3c4,release
1787477468.5189,f1a2b3c4,press
1787477468.6331,f1a2b3c4,release
1787477468.7403,c7d8e9f0,press
1787477468.8126,c7d8e9f0,release
1787477468.9425,a8f2b3e4,press
1787477469.0222,a8f2b3e4,release
1787477469.1676,a8f2b3e4,press
1787477469.2754,a8f2b3e4,release
1787477469.3901,c7d8e9f0,press
1787477469.4629,c7d8e9f0,release
1787477469.7126,b9c1d2e5,press
1787477469.8001,b9c1d2e5,release
1787477469.9527,c7d8e9f0,press
1787477470.0572,c7d8e9f0,release
1787477470.2405,b9c1d2e5,press
1787477470.3379,b9c1d2e5,release
1787477470.479,a8f2b3e4,press
1787477470.5657,a8f2b3e4,release
1787477470.6735,b9c1d2e5,press
1787477470.7488,b9c1d2e5,release
1787477470.889,e3f4a5b6,press
1787477470.9841,e3f4a5b6,release
1787477471.1841,c7d8e9f0,press
1787477471.3197,c7d8e9f0,release
1787477471.4604,b9c1d2e5,press
1787477471.5898,b9c1d2e5,release
1787477471.7218,c7d8e9f0,press
1787477471.7992,c7d8e9f0,release
1787477472.0323,b9c1d2e5,press
1787477472.1554,b9c1d2e5,release
1787477472.2881,f1a2b3c4,press
1787477472.4167,f1a2b3c4,release
1787477472.5774,b9c1d2e5,press
1787477472.6881,b9c1d2e5,release
1787477472.7921,b9c1d2e5,press
1787477472.8702,b9c1d2e5,release
1787477473.0022,e3f4a5b6,press
1787477473.129,e3f4a5b6,release
1787477473.2304,b9c1d2e5,press
1787477473.3541,b9c1d2e5,release
1787477473.603,b9c1d2e5,press
1787477473.7135,b9c1d2e5,release
1787477473.8203,b9c1d2e5,press
1787477473.9532,b9c1d2e5,release
1787477474.1695,a8f2b3e4,press
1787477474.2591,a8f2b3e4,release
1787477474.425,c7d8e9f0,press
1787477474.5618,c7d8e9f0,release
1787477474.7211,b9c1d2e5,press
1787477474.858,b9c1d2e5,release
1787477474.9844,c7d8e9f0,press
1787477475.1109,c7d8e9f0,release
1787477475.2248,f1a2b3c4,press
1787477475.3381,f1a2b3c4,release
1787477475.4532,f1a2b3c4,press
1787477475.5677,f1a2b3c4,release
1787477475.7602,a8f2b3e4,press
1787477475.8842,a8f2b3e4,release
1787477476.1301,f1a2b3c4,press
1787477476.2515,f1a2b3c4,release
1787477476.4547,a8f2b3e4,press
1787477476.5725,a8f2b3e4,release
1787477476.7161,b9c1d2e5,press
1787477476.8236,b9c1d2e5,release
1787477477.0555,f1a2b3c4,press
1787477477.1289,f1a2b3c4,release
1787477477.361,e3f4a5b6,press
1787477477.434,e3f4a5b6,release
1787477477.5708,e3f4a5b6,press
1787477477.673,e3f4a5b6,release
1787477477.8882,a8f2b3e4,press
1787477478.0257,a8f2b3e4,release
1787477478.1665,f1a2b3c4,press
1787477478.2704,f1a2b3c4,release
1787477478.4784,c7d8e9f0,press
1787477478.6077,c7d8e9f0,release
1787477478.8108,c7d8e9f0,press
1787477478.9494,c7d8e9f0,release
1787477479.1947,a8f2b3e4,press
1787477479.2828,a8f2b3e4,release
1787477479.5245,c7d8e9f0,press
1787477479.6381,c7d8e9f0,release
1787477479.7917,b9c1d2e5,press
1787477479.889,b9c1d2e5,release
1787477480.0273,b9c1d2e5,press
1787477480.1641,b9c1d2e5,release
1787477480.3283,e3f4a5b6,press
1787477480.4327,e3f4a5b6,release
1787477480.6482,a8f2b3e4,press
1787477480.7819,a8f2b3e4,release
1787477480.9289,e3f4a5b6,press
1787477481.0337,e3f4a5b6,release
1787477481.1554,b9c1d2e5,press
1787477481.2525,b9c1d2e5,release
1787477481.4689,a8f2b3e4,press
1787477481.5708,a8f2b3e4,release
1787477481.6973,b9c1d2e5,press
1787477481.827,b9c1d2e5,release
1787477482.0447,a8f2b3e4,press
1787477482.1823,a8f2b3e4,release
1787477482.42,a8f2b3e4,press
1787477482.5276,a8f2b3e4,release
1787477482.6632,c7d8e9f0,press
1787477482.7624,c7d8e9f0,release
1787477482.87,b9c1d2e5,press
1787477482.9964,b9c1d2e5,release
1787477483.1106,c7d8e9f0,press
1787477483.1871,c7d8e9f0,release
1787477483.4078,a8f2b3e4,press
1787477483.5102,a8f2b3e4,release
1787477483.7338,c7d8e9f0,press
1787477483.8634,c7d8e9f0,release
1787477483.9919,b9c1d2e5,press
1787477484.0772,b9c1d2e5,release
1787477484.2887,f1a2b3c4,press
1787477484.3772,f1a2b3c4,release
1787477484.6067,a8f2b3e4,press
1787477484.7018,a8f2b3e4,release
1787477484.8295,a8f2b3e4,press
1787477484.9193,a8f2b3e4,release
1787477485.0423,a8f2b3e4,press
1787477485.1318,a8f2b3e4,release
1787477485.3204,f1a2b3c4,press
1787477485.4069,f1a2b3c4,release
1787477485.6547,c7d8e9f0,press
1787477485.7466,c7d8e9f0,release
1787477485.9384,c7d8e9f0,press
1787477486.0135,c7d8e9f0,release
1787477486.1953,c7d8e9f0,press
1787477486.3085,c7d8e9f0,release
1787477486.41,f1a2b3c4,press
1787477486.4975,f1a2b3c4,release
1787477486.735,a8f2b3e4,press
1787477486.849,a8f2b3e4,release
1787477487.0524,f1a2b3c4,press
1787477487.1555,f1a2b3c4,release
1787477487.3659,e3f4a5b6,press
1787477487.4846,e3f4a5b6,release
1787477487.5925,a8f2b3e4,press
1787477487.7144,a8f2b3e4,release
1787477487.9501,b9c1d2e5,press
1787477488.0255,b9c1d2e5,release
1787477488.1857,c7d8e9f0,press
1787477488.292,c7d8e9f0,release
1787477488.4932,b9c1d2e5,press
1787477488.6064,b9c1d2e5,release
1787477488.7887,c7d8e9f0,press
1787477488.8846,c7d8e9f0,release
1787477489.1199,c7d8e9f0,press
1787477489.2005,c7d8e9f0,release
1787477489.4103,b9c1d2e5,press
1787477489.5393,b9c1d2e5,release
1787477489.7064,b9c1d2e5,press
1787477489.8432,b9c1d2e5,release
1787477490.0458,c7d8e9f0,press
1787477490.1657,c7d8e9f0,release
1787477490.3973,c7d8e9f0,press
1787477490.5135,c7d8e9f0,release
1787477490.6803,a8f2b3e4,press
1787477490.818,a8f2b3e4,release
1787477490.9548,b9c1d2e5,press
1787477491.0286,b9c1d2e5,release
1787477491.2081,e3f4a5b6,press
1787477491.3458,e3f4a5b6,release
1787477491.4576,b9c1d2e5,press
1787477491.5311,b9c1d2e5,release
1787477491.6739,c7d8e9f0,press
1787477491.7658,c7d8e9f0,release
1787477491.984,f1a2b3c4,press
1787477492.0969,f1a2b3c4,release
1787477492.3021,b9c1d2e5,press
1787477492.376,b9c1d2e5,release
1787477492.5769,b9c1d2e5,press
1787477492.6615,b9c1d2e5,release
1787477492.7852,e3f4a5b6,press
1787477492.8588,e3f4a5b6,release
1787477493.0995,b9c1d2e5,press
1787477493.1851,b9c1d2e5,release
1787477493.3825,a8f2b3e4,press
1787477493.4641,a8f2b3e4,release
1787477493.6994,b9c1d2e5,press
1787477493.8158,b9c1d2e5,release
1787477494.0316,c7d8e9f0,press
1787477494.1092,c7d8e9f0,release
1787477494.2323,e3f4a5b6,press
1787477494.3091,e3f4a5b6,release
1787477494.5446,a8f2b3e4,press
1787477494.6476,a8f2b3e4,release
1787477494.8657,c7d8e9f0,press
1787477494.9988,c7d8e9f0,release
1787477495.1303,b9c1d2e5,press
1787477495.2426,b9c1d2e5,release
1787477495.3861,f1a2b3c4,press
1787477495.5178,f1a2b3c4,release
1787477495.6295,a8f2b3e4,press
1787477495.7488,a8f2b3e4,release
1787477495.9177,e3f4a5b6,press
1787477496.0516,e3f4a5b6,release
1787477496.2282,a8f2b3e4,press
1787477496.3027,a8f2b3e4,release
1787477496.4078,e3f4a5b6,press
1787477496.4866,e3f4a5b6,release
1787477496.7285,e3f4a5b6,press
1787477496.808,e3f4a5b6,release
1787477497.0085,a8f2b3e4,press
1787477497.1414,a8f2b3e4,release
1787477497.3499,f1a2b3c4,press
1787477497.4635,f1a2b3c4,release
1787477497.6599,f1a2b3c4,press
1787477497.7642,f1a2b3c4,release
1787477497.9195,a8f2b3e4,press
1787477498.02,a8f2b3e4,release
1787477498.2578,c7d8e9f0,press
1787477498.3862,c7d8e9f0,release
1787477498.6219,b9c1d2e5,press
1787477498.7381,b9c1d2e5,release
1787477498.9132,b9c1d2e5,press
1787477499.0352,b9c1d2e5,release
1787477499.1819,b9c1d2e5,press
1787477499.298,b9c1d2e5,release
1787477499.453,c7d8e9f0,press
1787477499.5355,c7d8e9f0,release
1787477499.6995,f1a2b3c4,press
1787477499.7862,f1a2b3c4,release
