timestamp,x,y,event_type
1787477000.0229,500,499,move
1787477000.0427,500,498,move
1787477000.0596,501,497,move
1787477000.0822,503,497,move
1787477000.1053,503,496,move
1787477000.123,505,495,move
1787477000.1422,505,494,move
1787477000.1671,506,492,move
1787477000.1921,507,491,move
1787477000.212,508,490,move
1787477000.2304,508,488,move
1787477000.2473,509,488,move
1787477000.2689,511,486,move
1787477000.2861,511,485,move
1787477000.3107,512,485,move
1787477000.3607,514,484,click_LEFT_press
1787477000.4407,514,484,click_LEFT_release
1787477001.0763,514,484,move
1787477001.0948,523,482,move
1787477001.1167,532,480,move
1787477001.141,542,479,move
1787477001.1594,550,477,move
1787477001.1748,561,476,move
1787477001.1907,569,474,move
1787477001.2148,579,471,move
1787477001.2317,588,470,move
1787477001.2556,597,468,move
1787477001.2755,606,467,move
1787477001.2954,616,465,move
1787477001.3194,626,464,move
1787477001.3364,633,460,move
1787477001.7983,644,460,move
1787477001.8148,640,456,move
1787477001.8347,635,454,move
1787477001.8593,631,450,move
1787477001.8786,627,448,move
1787477001.9016,623,445,move
1787477001.9212,619,441,move
1787477001.9395,615,438,move
1787477001.9596,610,434,move
1787477001.982,605,431,move
1787477002.0007,602,428,move
1787477002.4158,597,424,move
1787477002.4365,607,411,move
1787477002.4535,617,398,move
1787477002.4694,626,384,move
1787477002.4921,635,372,move
1787477002.5105,643,356,move
1787477002.5262,653,343,move
1787477002.5504,663,330,move
1787477002.5669,671,317,move
1787477002.591,681,304,move
1787477002.6102,690,290,move
1787477002.6602,700,277,click_LEFT_press
1787477002.7402,700,277,click_LEFT_release
1787477003.2709,699,277,move
1787477003.2955,690,283,move
1787477003.3114,678,289,move
1787477003.333,668,296,move
1787477003.3529,657,303,move
1787477003.3712,646,309,move
1787477003.3902,635,316,move
1787477003.4099,625,322,move
1787477003.4305,615,329,move
1787477003.4456,604,336,move
1787477003.4671,594,342,move
1787477003.4858,583,347,move
1787477003.9216,572,354,move
1787477003.9429,576,346,move
1787477003.9664,580,338,move
1787477003.985,584,330,move
1787477004.0045,588,322,move
1787477004.0267,592,313,move
1787477004.0461,597,306,move
1787477004.0708,600,296,move
1787477004.09,605,290,move
1787477004.1147,610,280,move
1787477004.134,613,272,move
1787477004.152,618,265,move
1787477004.1687,621,257,move
1787477004.1928,625,249,move
1787477004.2175,631,240,move
1787477004.2675,635,232,click_LEFT_press
1787477004.3475,635,232,click_LEFT_release
1787477004.9468,634,231,move
1787477004.9684,633,230,move
1787477004.9871,631,227,move
1787477005.0108,631,225,move
1787477005.0308,628,222,move
1787477005.0554,626,220,move
1787477005.0727,626,218,move
1787477005.0897,624,216,move
1787477005.1108,622,213,move
1787477005.1266,622,212,move
1787477005.148,620,208,move
1787477005.169,618,206,move
1787477005.1853,616,204,move
1787477005.2003,615,201,move
1787477005.7613,613,200,move
1787477005.7809,608,192,move
1787477005.8052,601,184,move
1787477005.8242,597,178,move
1787477005.8401,592,170,move
1787477005.8574,585,163,move
1787477005.8806,579,155,move
1787477005.8986,575,147,move
1787477005.919,569,139,move
1787477005.942,563,132,move
1787477005.9662,557,124,move
1787477005.9821,553,117,move
1787477005.9998,547,109,move
1787477006.0246,542,101,move
1787477006.0455,536,95,move
1787477006.8109,530,87,move
1787477006.8353,526,88,move
1787477006.8573,520,90,move
1787477006.8811,515,92,move
1787477006.906,511,95,move
1787477006.9219,507,97,move
1787477006.9418,501,99,move
1787477006.9651,498,101,move
1787477006.9802,493,103,move
1787477006.9983,488,105,move
1787477007.0165,483,106,move
1787477007.0331,478,108,move
1787477007.3965,474,111,move
1787477007.417,472,104,move
1787477007.438,471,99,move
1787477007.454,468,94,move
1787477007.4735,466,88,move
1787477007.4899,465,82,move
1787477007.5114,464,76,move
1787477007.5289,461,71,move
1787477007.549,460,65,move
1787477007.5709,458,59,move
1787477007.5948,455,54,move
1787477007.6107,455,49,move
1787477007.6332,452,42,move
1787477007.6513,450,37,move
1787477007.6689,448,31,move
1787477008.0889,447,25,move
1787477008.1059,454,34,move
1787477008.1257,462,42,move
1787477008.1425,468,51,move
1787477008.1658,476,62,move
1787477008.1857,484,69,move
1787477008.2104,491,78,move
1787477008.235,499,87,move
1787477008.259,507,95,move
1787477008.2742,514,104,move
1787477008.2985,521,113,move
1787477008.3182,527,122,move
1787477008.3408,536,131,move
1787477008.3559,543,140,move
1787477008.7297,551,148,move
1787477008.7456,549,154,move
1787477008.7697,546,160,move
1787477008.7928,543,165,move
1787477008.815,540,169,move
1787477008.8346,538,175,move
1787477008.8594,537,181,move
1787477008.88,535,186,move
1787477008.9014,531,191,move
1787477008.9183,530,196,move
1787477008.9388,527,202,move
1787477008.9551,525,207,move
1787477008.9799,521,212,move
1787477009.5667,519,218,move
1787477009.586,512,210,move
1787477009.6072,502,199,move
1787477009.6307,494,191,move
1787477009.6528,486,181,move
1787477009.669,477,174,move
1787477009.6924,467,165,move
1787477009.7125,461,157,move
1787477009.7321,452,147,move
1787477009.7517,442,139,move
1787477009.7708,435,129,move
1787477009.8208,426,121,click_LEFT_press
1787477009.9008,426,121,click_LEFT_release
1787477010.6244,425,120,move
1787477010.6485,429,125,move
1787477010.6659,434,129,move
1787477010.6857,437,132,move
1787477010.705,442,138,move
1787477010.7272,447,142,move
1787477010.7486,449,145,move
1787477010.7729,453,149,move
1787477010.7911,458,153,move
1787477010.8157,463,157,move
1787477010.8402,466,160,move
1787477010.8626,471,165,move
1787477010.8842,475,168,move
1787477010.9083,478,173,move
1787477011.4803,482,178,move
1787477011.4953,489,181,move
1787477011.5176,496,183,move
1787477011.5352,504,185,move
1787477011.56,510,187,move
1787477011.5802,517,190,move
1787477011.6025,523,192,move
1787477011.6257,530,194,move
1787477011.6458,538,195,move
1787477011.6676,544,199,move
1787477011.6873,551,202,move
1787477011.7043,558,204,move
1787477011.7292,564,206,move
1787477011.7534,572,209,move
1787477011.769,579,210,move
1787477012.3187,586,212,move
1787477012.3356,594,207,move
1787477012.3557,601,200,move
1787477012.3741,610,195,move
1787477012.3977,618,189,move
1787477012.4167,627,185,move
1787477012.4385,635,178,move
1787477012.4621,642,172,move
1787477012.4824,652,166,move
1787477012.5046,660,160,move
1787477012.528,668,155,move
1787477012.5431,676,149,move
1787477013.3282,684,143,move
1787477013.3484,674,138,move
1787477013.3732,663,132,move
1787477013.3929,652,126,move
1787477013.4132,639,121,move
1787477013.4291,629,115,move
1787477013.4522,617,108,move
1787477013.4726,606,102,move
1787477013.4951,597,98,move
1787477013.5143,584,91,move
1787477013.537,573,84,move
1787477013.5588,563,78,move
1787477013.6088,552,74,click_LEFT_press
1787477013.6888,552,74,click_LEFT_release
1787477014.3665,552,73,move
1787477014.3823,554,83,move
1787477014.4045,558,94,move
1787477014.4251,558,105,move
1787477014.4466,563,117,move
1787477014.4683,565,128,move
1787477014.4872,568,138,move
1787477014.5065,570,148,move
1787477014.5219,573,158,move
1787477014.5433,575,170,move
1787477014.5636,578,181,move
1787477014.5879,579,190,move
1787477015.1921,583,202,move
1787477015.212,590,188,move
1787477015.2282,596,176,move
1787477015.2465,604,161,move
1787477015.2667,610,148,move
1787477015.2868,617,134,move
1787477015.3067,624,121,move
1787477015.3261,632,107,move
1787477015.3435,639,94,move
1787477015.3661,645,81,move
1787477015.86,653,67,move
1787477015.8825,645,72,move
1787477015.9008,638,76,move
1787477015.9255,632,82,move
1787477015.9492,624,85,move
1787477015.9674,619,90,move
1787477015.9922,611,96,move
1787477016.0138,603,100,move
1787477016.0314,597,104,move
1787477016.0492,591,109,move
1787477016.0672,582,113,move
1787477016.0864,576,117,move
1787477016.1106,570,122,move
1787477016.127,562,127,move
1787477016.177,556,132,click_LEFT_press
1787477016.257,556,132,click_LEFT_release
1787477016.7601,556,131,move
1787477016.7831,555,140,move
1787477016.7996,556,148,move
1787477016.8152,557,157,move
1787477016.8324,557,165,move
1787477016.8542,557,172,move
1787477016.8764,558,182,move
1787477016.9009,559,189,move
1787477016.9176,559,198,move
1787477016.9402,558,205,move
1787477016.9623,560,214,move
1787477016.9796,560,223,move
1787477017.0036,561,231,move
1787477017.6426,561,240,move
1787477017.6664,571,247,move
1787477017.69,583,254,move
1787477017.7065,594,261,move
1787477017.7313,604,267,move
1787477017.7537,615,274,move
1787477017.7782,626,280,move
1787477017.8,636,287,move
1787477017.8226,648,296,move
1787477017.8454,659,302,move
1787477017.8671,670,309,move
1787477018.237,680,315,move
1787477018.2615,677,321,move
1787477018.2774,674,328,move
1787477018.2977,673,334,move
1787477018.3142,670,340,move
1787477018.3354,666,346,move
1787477018.3604,664,351,move
1787477018.3809,661,357,move
1787477018.3997,656,364,move
1787477018.4232,655,370,move
1787477018.4422,651,375,move
1787477018.4589,649,381,move
1787477018.958,646,387,move
1787477018.9791,638,391,move
1787477018.9952,629,393,move
1787477019.0187,621,398,move
1787477019.0341,613,401,move
1787477019.0496,606,405,move
1787477019.0701,598,408,move
1787477019.0942,588,412,move
1787477019.1189,582,415,move
1787477019.138,574,419,move
1787477019.1552,565,420,move
1787477019.1735,556,425,move
1787477019.1942,550,428,move
1787477019.2162,540,431,move
1787477019.7393,532,435,move
1787477019.7607,536,447,move
1787477019.7855,538,461,move
1787477019.8014,542,474,move
1787477019.8194,545,488,move
1787477019.8372,547,502,move
1787477019.8562,551,513,move
1787477019.873,553,527,move
1787477019.8888,556,540,move
1787477019.9094,560,554,move
1787477019.9279,563,567,move
1787477019.9779,566,581,click_LEFT_press
1787477020.0579,566,581,click_LEFT_release
1787477020.8762,566,581,move
1787477020.8986,568,584,move
1787477020.9197,571,588,move
1787477020.9416,572,592,move
1787477020.9644,574,597,move
1787477020.987,577,600,move
1787477021.0061,579,605,move
1787477021.0266,581,609,move
1787477021.0481,584,614,move
1787477021.0658,587,617,move
1787477021.1158,589,622,click_LEFT_press
1787477021.1958,589,622,click_LEFT_release
1787477021.7036,588,621,move
1787477021.7193,593,626,move
1787477021.7375,595,630,move
1787477021.7605,599,636,move
1787477021.7769,603,640,move
1787477021.8019,608,645,move
1787477021.8185,612,650,move
1787477021.8407,616,654,move
1787477021.8574,620,659,move
1787477021.8763,623,664,move
1787477021.8985,627,669,move
1787477021.9178,630,674,move
1787477021.938,635,678,move
1787477021.9579,639,684,move
1787477022.0079,643,688,click_LEFT_press
1787477022.0879,643,688,click_LEFT_release
1787477022.7744,643,688,move
1787477022.7991,649,689,move
1787477022.8201,656,692,move
1787477022.8436,664,693,move
1787477022.8675,669,694,move
1787477022.885,677,696,move
1787477022.9027,685,698,move
1787477022.9274,690,700,move
1787477022.9444,697,703,move
1787477022.9687,705,704,move
1787477022.9915,711,707,move
1787477023.0147,718,707,move
1787477023.0342,726,710,move
1787477023.0842,733,712,click_LEFT_press
1787477023.1642,733,712,click_LEFT_release
1787477023.7652,732,712,move
1787477023.7804,721,708,move
1787477023.7959,710,705,move
1787477023.8151,698,700,move
1787477023.8329,688,696,move
1787477023.8525,676,694,move
1787477023.8731,666,690,move
1787477023.8948,654,686,move
1787477023.9103,643,683,move
1787477023.9325,632,678,move
1787477023.9825,621,675,click_LEFT_press
1787477024.0625,621,675,click_LEFT_release
1787477024.57,620,675,move
1787477024.5931,608,669,move
1787477024.6086,596,662,move
1787477024.6332,585,654,move
1787477024.6537,572,648,move
1787477024.6732,560,642,move
1787477024.6925,549,635,move
1787477024.7148,536,629,move
1787477024.7328,523,623,move
1787477024.754,511,616,move
1787477024.7694,500,611,move
1787477024.8194,488,604,click_LEFT_press
1787477024.8994,488,604,click_LEFT_release
1787477025.3704,488,603,move
1787477025.3926,498,603,move
1787477025.4153,506,601,move
1787477025.4325,516,601,move
1787477025.4538,527,601,move
1787477025.4699,536,599,move
1787477025.4872,546,598,move
1787477025.506,556,598,move
1787477025.5309,565,597,move
1787477025.5469,576,596,move
1787477025.5678,585,594,move
1787477025.5901,596,592,move
1787477025.6096,605,593,move
1787477026.2294,615,591,move
1787477026.2504,625,593,move
1787477026.269,636,595,move
1787477026.2905,645,598,move
1787477026.315,656,599,move
1787477026.34,665,602,move
1787477026.3615,676,604,move
1787477026.3791,686,606,move
1787477026.4028,697,607,move
1787477026.4203,708,608,move
1787477026.4354,716,611,move
1787477026.4522,727,613,move
1787477026.5022,738,615,click_LEFT_press
1787477026.5822,738,615,click_LEFT_release
1787477027.059,738,615,move
1787477027.0767,747,616,move
1787477027.0996,756,618,move
1787477027.1199,765,620,move
1787477027.137,775,622,move
1787477027.1538,784,622,move
1787477027.1741,794,625,move
1787477027.1911,804,626,move
1787477027.2133,812,629,move
1787477027.2284,822,631,move
1787477027.2474,831,632,move
1787477027.268,841,634,move
1787477027.8793,850,636,move
1787477027.8998,853,641,move
1787477027.9163,855,646,move
1787477027.9387,858,650,move
1787477027.9554,860,655,move
1787477027.9722,862,662,move
1787477027.9882,866,667,move
1787477028.0109,868,673,move
1787477028.0329,870,677,move
1787477028.0528,872,682,move
1787477028.1028,876,688,click_LEFT_press
1787477028.1828,876,688,click_LEFT_release
1787477028.8758,876,688,move
1787477028.8975,866,687,move
1787477028.9176,856,688,move
1787477028.938,847,688,move
1787477028.9621,837,689,move
1787477028.9794,826,689,move
1787477028.9973,818,689,move
1787477029.015,808,688,move
1787477029.0338,799,688,move
1787477029.056,789,689,move
1787477029.0733,779,688,move
1787477029.0971,769,688,move
1787477029.1161,759,689,move
1787477029.7649,750,689,move
1787477029.7887,757,697,move
1787477029.8083,764,707,move
1787477029.8321,771,716,move
1787477029.8491,779,725,move
1787477029.8709,785,734,move
1787477029.8896,793,743,move
1787477029.9057,800,752,move
1787477029.9222,808,761,move
1787477029.9464,815,768,move
1787477029.9661,822,777,move
1787477029.9885,830,788,move
1787477030.0081,836,796,move
1787477030.0275,844,804,move
1787477030.0443,850,813,move
1787477030.0943,859,823,click_LEFT_press
1787477030.1743,859,823,click_LEFT_release
1787477030.6642,858,823,move
1787477030.6876,858,816,move
1787477030.7089,855,809,move
1787477030.7296,854,803,move
1787477030.7504,853,797,move
1787477030.7731,851,790,move
1787477030.7976,849,785,move
1787477030.8135,847,778,move
1787477030.838,846,771,move
1787477030.8608,846,766,move
1787477030.8841,845,760,move
1787477030.9046,843,752,move
1787477030.9242,842,746,move
1787477030.9428,840,740,move
1787477030.9611,837,733,move
1787477031.0111,837,728,click_LEFT_press
1787477031.0911,837,728,click_LEFT_release
1787477031.8865,837,727,move
1787477031.9071,849,716,move
1787477031.928,858,706,move
1787477031.9526,869,695,move
1787477031.9774,881,686,move
1787477031.9988,893,675,move
1787477032.0143,904,665,move
1787477032.0389,914,654,move
1787477032.0592,926,644,move
1787477032.084,936,634,move
1787477032.7361,949,623,move
1787477032.7513,950,615,move
1787477032.7681,951,606,move
1787477032.7926,950,600,move
1787477032.8096,952,591,move
1787477032.8283,952,583,move
1787477032.852,952,575,move
1787477032.8744,955,568,move
1787477032.8959,954,559,move
1787477032.9158,956,551,move
1787477032.9365,956,544,move
1787477032.9559,957,535,move
1787477032.9787,958,529,move
1787477033.0287,959,521,click_LEFT_press
1787477033.1087,959,521,click_LEFT_release
1787477033.7474,959,520,move
1787477033.7677,966,515,move
1787477033.7891,972,511,move
1787477033.8109,978,505,move
1787477033.8325,985,501,move
1787477033.8574,992,495,move
1787477033.8759,998,489,move
1787477033.8958,1005,486,move
1787477033.9201,1011,479,move
1787477033.9404,1018,476,move
1787477033.9631,1025,470,move
1787477033.9811,1032,465,move
1787477034.0003,1037,459,move
1787477034.4971,1045,455,move
1787477034.5156,1050,462,move
1787477034.5355,1057,468,move
1787477034.5589,1062,474,move
1787477034.5751,1069,481,move
1787477034.5943,1075,487,move
1787477034.6137,1081,494,move
1787477034.6311,1087,501,move
1787477034.6557,1094,507,move
1787477034.6782,1099,514,move
1787477034.6938,1105,521,move
1787477034.7105,1111,528,move
1787477034.7302,1118,534,move
1787477034.7489,1124,539,move
1787477034.7649,1129,547,move
1787477034.8149,1136,554,click_LEFT_press
1787477034.8949,1136,554,click_LEFT_release
1787477035.5682,1136,554,move
1787477035.5898,1124,547,move
1787477035.6109,1113,539,move
1787477035.6341,1103,532,move
1787477035.6526,1091,524,move
1787477035.6697,1081,517,move
1787477035.6942,1069,509,move
1787477035.7151,1058,500,move
1787477035.7347,1048,494,move
1787477035.7568,1036,487,move
1787477035.7816,1026,479,move
1787477036.1428,1014,471,move
1787477036.1635,1018,480,move
1787477036.1787,1022,490,move
1787477036.1942,1026,499,move
1787477036.2172,1030,508,move
1787477036.2387,1034,517,move
1787477036.2632,1037,528,move
1787477036.2798,1042,536,move
1787477036.3024,1045,546,move
1787477036.3269,1049,554,move
1787477036.346,1052,563,move
1787477036.3667,1057,573,move
1787477036.4167,1061,583,click_LEFT_press
1787477036.4967,1061,583,click_LEFT_release
1787477037.2893,1061,583,move
1787477037.3054,1071,581,move
1787477037.3268,1082,580,move
1787477037.3484,1093,577,move
1787477037.3703,1105,575,move
1787477037.3861,1116,573,move
1787477037.4081,1128,571,move
1787477037.4309,1138,570,move
1787477037.4506,1149,568,move
1787477037.4751,1160,566,move
1787477037.4925,1172,565,move
1787477037.5425,1183,563,click_LEFT_press
1787477037.6225,1183,563,click_LEFT_release
1787477038.1677,1183,562,move
1787477038.1841,1191,561,move
1787477038.2028,1200,561,move
1787477038.2182,1208,560,move
1787477038.2336,1217,559,move
1787477038.2493,1226,559,move
1787477038.2688,1236,558,move
1787477038.2892,1245,558,move
1787477038.3083,1255,557,move
1787477038.3257,1263,556,move
1787477038.3413,1272,555,move
1787477038.3564,1280,554,move
1787477038.3736,1290,554,move
1787477038.4236,1299,553,click_LEFT_press
1787477038.5036,1299,553,click_LEFT_release
1787477038.8285,1298,553,move
1787477038.8505,1290,561,move
1787477038.8731,1280,569,move
1787477038.8941,1272,578,move
1787477038.9103,1262,584,move
1787477038.9301,1255,593,move
1787477038.9515,1246,600,move
1787477038.9739,1237,610,move
1787477038.9943,1227,616,move
1787477039.0113,1218,626,move
1787477039.031,1209,633,move
1787477039.055,1201,642,move
1787477039.105,1192,650,click_LEFT_press
1787477039.185,1192,650,click_LEFT_release
1787477039.5958,1191,649,move
1787477039.6191,1201,640,move
1787477039.6374,1212,628,move
1787477039.6582,1222,619,move
1787477039.6753,1231,607,move
1787477039.6953,1241,599,move
1787477039.7113,1252,587,move
1787477039.7328,1261,576,move
1787477039.7545,1271,568,move
1787477039.7727,1282,556,move
1787477039.788,1292,546,move
1787477039.8104,1302,536,move
1787477040.2863,1311,526,move
1787477040.3032,1321,530,move
1787477040.3187,1333,531,move
1787477040.3346,1342,536,move
1787477040.3575,1353,538,move
1787477040.3788,1364,542,move
1787477040.3998,1373,546,move
1787477040.4211,1384,549,move
1787477040.4457,1394,552,move
1787477040.4645,1404,555,move
1787477040.4858,1415,559,move
1787477040.5039,1425,563,move
1787477040.5256,1435,566,move
1787477041.2563,1445,568,move
1787477041.2777,1454,570,move
1787477041.296,1461,570,move
1787477041.3184,1468,571,move
1787477041.3391,1477,572,move
1787477041.364,1485,573,move
1787477041.3871,1493,574,move
1787477041.403,1499,575,move
1787477041.4206,1508,577,move
1787477041.4438,1516,578,move
1787477041.4938,1524,579,click_LEFT_press
1787477041.5738,1524,579,click_LEFT_release
1787477041.9359,1524,578,move
1787477041.9572,1520,579,move
1787477041.9753,1515,579,move
1787477041.9913,1511,582,move
1787477042.0161,1506,582,move
1787477042.0331,1502,583,move
1787477042.054,1497,583,move
1787477042.0729,1493,584,move
1787477042.0891,1489,584,move
1787477042.1131,1485,586,move
1787477042.1299,1480,586,move
1787477042.1487,1476,586,move
1787477042.1692,1473,589,move
1787477042.1893,1468,588,move
1787477042.8794,1464,590,move
1787477042.8984,1459,584,move
1787477042.922,1455,581,move
1787477042.944,1450,577,move
1787477042.965,1444,573,move
1787477042.9849,1440,569,move
1787477043.0024,1435,565,move
1787477043.0229,1430,560,move
1787477043.0446,1425,557,move
1787477043.0619,1421,552,move
1787477043.079,1417,549,move
1787477043.129,1412,545,click_LEFT_press
1787477043.209,1412,545,click_LEFT_release
1787477043.7754,1412,545,move
1787477043.8,1408,543,move
1787477043.8239,1406,539,move
1787477043.839,1402,537,move
1787477043.8568,1399,534,move
1787477043.8795,1397,531,move
1787477043.8963,1395,530,move
1787477043.914,1391,526,move
1787477043.9299,1389,524,move
1787477043.9467,1387,521,move
1787477043.9634,1383,517,move
1787477043.988,1380,514,move
1787477044.009,1378,513,move
1787477044.0319,1374,511,move
1787477044.3635,1372,507,move
1787477044.3846,1362,505,move
1787477044.401,1353,501,move
1787477044.4198,1344,498,move
1787477044.4391,1336,494,move
1787477044.4605,1327,490,move
1787477044.4804,1318,487,move
1787477044.5016,1309,483,move
1787477044.5238,1299,482,move
1787477044.5468,1291,478,move
1787477044.5701,1281,475,move
1787477044.6201,1273,471,click_LEFT_press
1787477044.7001,1273,471,click_LEFT_release
1787477045.4882,1273,471,move
1787477045.5065,1279,469,move
1787477045.5245,1284,469,move
1787477045.5487,1290,469,move
1787477045.5722,1296,468,move
1787477045.5965,1302,467,move
1787477045.6195,1306,467,move
1787477045.6417,1312,467,move
1787477045.6636,1318,466,move
1787477045.6809,1325,465,move
1787477045.6974,1330,465,move
1787477045.7203,1335,464,move
1787477045.7452,1341,464,move
1787477045.7676,1347,464,move
1787477045.7882,1353,463,move
1787477045.8382,1359,462,click_LEFT_press
1787477045.9182,1359,462,click_LEFT_release
1787477046.2753,1359,462,move
1787477046.292,1367,456,move
1787477046.311,1378,449,move
1787477046.335,1385,442,move
1787477046.3597,1397,438,move
1787477046.3811,1404,430,move
1787477046.4019,1414,424,move
1787477046.4243,1424,418,move
1787477046.4397,1433,412,move
1787477046.456,1441,405,move
1787477046.4716,1451,399,move
1787477046.4904,1460,393,move
1787477046.5145,1469,387,move
1787477046.5313,1479,381,move
1787477046.5547,1487,374,move
1787477046.6047,1498,369,click_LEFT_press
1787477046.6847,1498,369,click_LEFT_release
1787477047.4079,1498,369,move
1787477047.4246,1502,371,move
1787477047.4494,1509,372,move
1787477047.4682,1515,375,move
1787477047.4861,1519,376,move
1787477047.5045,1526,378,move
1787477047.52,1531,380,move
1787477047.5394,1537,382,move
1787477047.5561,1542,383,move
1787477047.5717,1546,386,move
1787477047.5878,1552,388,move
1787477047.6102,1559,390,move
1787477047.633,1563,391,move
1787477047.6493,1568,392,move
1787477047.6993,1575,395,click_LEFT_press
1787477047.7793,1575,395,click_LEFT_release
1787477048.1566,1574,395,move
1787477048.1753,1583,391,move
1787477048.1987,1592,385,move
1787477048.2218,1602,380,move
1787477048.2439,1610,378,move
1787477048.2658,1619,372,move
1787477048.2882,1630,367,move
1787477048.307,1637,363,move
1787477048.3285,1646,358,move
1787477048.3452,1656,355,move
1787477048.3696,1666,351,move
1787477048.3943,1673,346,move
1787477048.4163,1684,341,move
1787477048.4316,1693,337,move
1787477048.4552,1702,332,move
1787477049.252,1711,327,move
1787477049.2716,1713,321,move
1787477049.2875,1718,312,move
1787477049.3091,1720,305,move
1787477049.3306,1723,298,move
1787477049.3545,1728,290,move
1787477049.3786,1732,284,move
1787477049.397,1734,275,move
1787477049.4168,1738,268,move
1787477049.4384,1742,261,move
1787477049.4579,1744,253,move
1787477049.4826,1749,247,move
1787477049.4996,1752,239,move
1787477049.5177,1755,233,move
1787477049.5399,1758,224,move
1787477049.5899,1763,218,click_LEFT_press
1787477049.6699,1763,218,click_LEFT_release
1787477050.3757,1763,218,move
1787477050.3948,1750,224,move
1787477050.4179,1736,230,move
1787477050.4371,1723,236,move
1787477050.4594,1708,243,move
1787477050.4839,1694,249,move
1787477050.5062,1681,256,move
1787477050.5295,1667,263,move
1787477050.5533,1654,268,move
1787477050.5688,1640,276,move
1787477051.2075,1626,282,move
1787477051.2234,1616,287,move
1787477051.2465,1607,292,move
1787477051.2637,1598,295,move
1787477051.2832,1586,302,move
1787477051.3068,1578,307,move
1787477051.3255,1568,310,move
1787477051.344,1559,315,move
1787477051.3629,1548,321,move
1787477051.3863,1538,325,move
1787477051.4068,1530,330,move
1787477051.4304,1518,334,move
1787477051.4552,1508,339,move
1787477051.4752,1498,345,move
1787477052.1483,1489,349,move
1787477052.1638,1498,346,move
1787477052.181,1506,344,move
1787477052.206,1515,339,move
1787477052.2251,1524,337,move
1787477052.2434,1532,333,move
1787477052.2609,1541,329,move
1787477052.2814,1548,326,move
1787477052.3041,1557,323,move
1787477052.3231,1566,319,move
1787477052.3427,1575,317,move
1787477052.3621,1583,313,move
1787477052.3838,1590,310,move
1787477053.0948,1600,306,move
1787477053.1184,1596,311,move
1787477053.1396,1593,317,move
1787477053.1626,1591,324,move
1787477053.1835,1588,330,move
1787477053.2063,1587,334,move
1787477053.2231,1584,339,move
1787477053.2391,1580,345,move
1787477053.2557,1578,351,move
1787477053.2718,1575,356,move
1787477053.2916,1572,363,move
1787477053.31,1570,369,move
1787477053.3287,1567,374,move
1787477053.3502,1566,379,move
1787477053.3717,1562,384,move
1787477053.8179,1560,390,move
1787477053.8396,1565,388,move
1787477053.8621,1571,385,move
1787477053.8803,1576,381,move
1787477053.8991,1581,377,move
1787477053.9162,1587,374,move
1787477053.9377,1592,373,move
1787477053.9551,1598,369,move
1787477053.9725,1603,366,move
1787477053.9902,1609,362,move
1787477054.009,1614,360,move
1787477054.0338,1619,357,move
1787477054.0545,1624,353,move
1787477054.0709,1631,350,move
1787477054.0886,1635,348,move
1787477054.4974,1641,344,move
1787477054.5153,1641,357,move
1787477054.5309,1642,369,move
1787477054.5462,1641,381,move
1787477054.568,1640,394,move
1787477054.5906,1639,406,move
1787477054.61,1639,417,move
1787477054.6296,1638,429,move
1787477054.6474,1639,442,move
1787477054.6696,1639,454,move
1787477054.6897,1636,467,move
1787477054.7063,1638,479,move
1787477054.7563,1637,491,click_LEFT_press
1787477054.8363,1637,491,click_LEFT_release
1787477055.5897,1636,491,move
1787477055.6067,1626,501,move
1787477055.6262,1618,512,move
1787477055.6429,1607,524,move
1787477055.666,1598,534,move
1787477055.686,1588,547,move
1787477055.7101,1578,556,move
1787477055.7271,1568,568,move
1787477055.7461,1559,580,move
1787477055.7685,1549,589,move
1787477055.7924,1540,601,move
1787477055.8092,1530,612,move
1787477056.4879,1519,623,move
1787477056.5118,1510,631,move
1787477056.5314,1500,639,move
1787477056.5466,1491,647,move
1787477056.5634,1482,654,move
1787477056.5789,1474,661,move
1787477056.5999,1465,669,move
1787477056.6217,1454,676,move
1787477056.6427,1445,683,move
1787477056.6602,1437,691,move
1787477056.6847,1426,698,move
1787477056.7014,1417,707,move
1787477056.725,1407,715,move
1787477056.7428,1398,721,move
1787477057.092,1389,729,move
1787477057.1121,1383,735,move
1787477057.1314,1375,739,move
1787477057.1494,1368,745,move
1787477057.1731,1361,750,move
1787477057.1893,1353,754,move
1787477057.2082,1346,760,move
1787477057.2288,1339,764,move
1787477057.2528,1332,770,move
1787477057.2725,1325,775,move
1787477057.2969,1316,779,move
1787477057.3185,1309,785,move
1787477057.3414,1302,790,move
1787477057.364,1295,794,move
1787477057.9549,1287,799,move
1787477057.9752,1296,791,move
1787477057.9994,1305,782,move
1787477058.0186,1315,775,move
1787477058.0359,1323,767,move
1787477058.0602,1333,757,move
1787477058.0767,1341,749,move
1787477058.0937,1350,742,move
1787477058.1181,1360,732,move
1787477058.1383,1368,723,move
1787477058.1628,1377,715,move
1787477058.959,1387,707,move
1787477058.975,1389,718,move
1787477058.9983,1393,730,move
1787477059.0197,1396,741,move
1787477059.0415,1401,751,move
1787477059.063,1403,763,move
1787477059.0804,1407,774,move
1787477059.1006,1412,784,move
1787477059.1254,1414,795,move
1787477059.1418,1418,807,move
1787477059.1576,1421,817,move
1787477059.1811,1426,828,move
1787477059.2001,1429,840,move
1787477059.989,1433,850,move
1787477060.0121,1433,843,move
1787477060.0289,1432,834,move
1787477060.0485,1431,826,move
1787477060.0724,1432,818,move
1787477060.0877,1430,810,move
1787477060.109,1430,801,move
1787477060.1337,1430,794,move
1787477060.1516,1429,787,move
1787477060.1695,1430,778,move
1787477060.1867,1430,770,move
1787477060.209,1429,762,move
1787477060.9572,1429,754,move
1787477060.9744,1429,754,move
1787477060.9907,1430,755,move
1787477061.0121,1431,758,move
1787477061.0364,1431,758,move
1787477061.0579,1433,759,move
1787477061.0763,1433,760,move
1787477061.0981,1435,761,move
1787477061.1185,1435,762,move
1787477061.1366,1437,763,move
1787477061.8809,1437,764,move
1787477061.9022,1441,761,move
1787477061.9243,1444,758,move
1787477061.9431,1448,755,move
1787477061.9624,1453,752,move
1787477061.9869,1456,750,move
1787477062.0065,1459,745,move
1787477062.0261,1463,743,move
1787477062.0436,1467,740,move
1787477062.0652,1471,736,move
1787477062.0832,1476,733,move
1787477062.1008,1478,731,move
1787477062.1508,1483,728,click_LEFT_press
1787477062.2308,1483,728,click_LEFT_release
1787477062.5594,1482,728,move
1787477062.5807,1477,732,move
1787477062.601,1472,737,move
1787477062.6229,1466,742,move
1787477062.6468,1460,747,move
1787477062.6636,1457,752,move
1787477062.6824,1451,756,move
1787477062.7049,1444,760,move
1787477062.7206,1440,765,move
1787477062.744,1435,769,move
1787477062.7687,1430,775,move
1787477062.7896,1424,779,move
1787477063.3802,1418,784,move
1787477063.3969,1426,779,move
1787477063.419,1434,773,move
1787477063.4386,1441,767,move
1787477063.4552,1448,761,move
1787477063.4793,1456,756,move
1787477063.4998,1464,749,move
1787477063.5204,1470,743,move
1787477063.5422,1478,739,move
1787477063.5587,1486,732,move
1787477064.1492,1493,726,move
1787477064.1704,1500,739,move
1787477064.193,1505,753,move
1787477064.2117,1511,764,move
1787477064.2351,1517,777,move
1787477064.253,1521,790,move
1787477064.2766,1528,804,move
1787477064.2978,1533,817,move
1787477064.3143,1539,830,move
1787477064.3388,1546,843,move
1787477065.0929,1551,856,move
1787477065.1166,1558,854,move
1787477065.1379,1567,851,move
1787477065.1588,1576,850,move
1787477065.1743,1583,848,move
1787477065.1983,1591,845,move
1787477065.2158,1601,843,move
1787477065.2309,1608,842,move
1787477065.2547,1617,839,move
1787477065.2763,1624,837,move
1787477065.2975,1634,835,move
1787477065.6341,1642,834,move
1787477065.653,1640,831,move
1787477065.6714,1637,829,move
1787477065.6896,1635,826,move
1787477065.7113,1634,824,move
1787477065.7301,1632,823,move
1787477065.7458,1629,820,move
1787477065.7692,1627,818,move
1787477065.7868,1625,815,move
1787477065.8066,1623,814,move
1787477065.8295,1621,811,move
1787477065.8468,1619,808,move
1787477065.8696,1617,807,move
1787477066.224,1615,805,move
1787477066.2436,1611,801,move
1787477066.2683,1608,798,move
1787477066.2928,1607,794,move
1787477066.3167,1604,791,move
1787477066.3412,1602,789,move
1787477066.3594,1598,785,move
1787477066.3773,1595,781,move
1787477066.3976,1593,780,move
1787477066.4195,1590,775,move
1787477066.4387,1588,773,move
1787477066.458,1584,769,move
1787477066.4773,1583,767,move
1787477066.5015,1580,763,move
1787477066.5213,1576,760,move
1787477067.2546,1574,757,move
1787477067.2789,1578,754,move
1787477067.2994,1581,752,move
1787477067.3161,1584,748,move
1787477067.3392,1588,746,move
1787477067.359,1591,744,move
1787477067.3811,1594,742,move
1787477067.4032,1597,738,move
1787477067.4252,1601,735,move
1787477067.443,1604,733,move
1787477067.4641,1608,730,move
1787477068.1634,1611,728,move
1787477068.1815,1603,718,move
1787477068.2025,1594,708,move
1787477068.2219,1584,697,move
1787477068.2404,1577,687,move
1787477068.2605,1569,676,move
1787477068.2842,1559,664,move
1787477068.3003,1551,654,move
1787477068.3208,1542,643,move
1787477068.3395,1534,633,move
1787477068.3599,1527,623,move
1787477068.3848,1517,613,move
1787477068.4056,1509,602,move
1787477068.4276,1501,592,move
1787477068.8388,1493,580,move
1787477068.8556,1485,589,move
1787477068.8757,1478,598,move
1787477068.8938,1470,606,move
1787477068.9105,1463,615,move
1787477068.9267,1457,623,move
1787477068.9462,1448,632,move
1787477068.9699,1441,640,move
1787477068.9902,1434,651,move
1787477069.0065,1427,659,move
1787477069.0249,1420,667,move
1787477069.0419,1412,676,move
1787477069.4311,1404,684,move
1787477069.4494,1404,689,move
1787477069.473,1401,692,move
1787477069.4949,1401,698,move
1787477069.5131,1400,700,move
1787477069.5345,1397,705,move
1787477069.5546,1396,709,move
1787477069.5763,1395,713,move
1787477069.5956,1394,718,move
1787477069.6138,1394,722,move
1787477069.6368,1393,724,move
1787477069.66,1391,730,move
1787477069.71,1390,734,click_LEFT_press
1787477069.79,1390,734,click_LEFT_release
1787477070.3346,1389,733,move
1787477070.3531,1393,739,move
1787477070.3716,1396,745,move
1787477070.3935,1399,751,move
1787477070.4124,1401,755,move
1787477070.4361,1405,762,move
1787477070.4603,1407,768,move
1787477070.4816,1412,773,move
1787477070.5007,1413,779,move
1787477070.5227,1417,783,move
1787477070.5397,1420,790,move
1787477070.5591,1423,795,move
1787477070.582,1426,801,move
1787477070.918,1429,807,move
1787477070.9357,1438,805,move
1787477070.9541,1447,806,move
1787477070.9714,1456,805,move
1787477070.9935,1464,805,move
1787477071.0163,1472,805,move
1787477071.0313,1482,804,move
1787477071.0521,1490,804,move
1787477071.0749,1498,804,move
1787477071.0923,1506,803,move
1787477071.1079,1515,803,move
1787477071.1309,1524,803,move
1787477071.1512,1533,802,move
1787477071.2012,1542,802,click_LEFT_press
1787477071.2812,1542,802,click_LEFT_release
1787477071.9435,1541,801,move
1787477071.9625,1546,805,move
1787477071.9874,1552,807,move
1787477072.0117,1555,811,move
1787477072.0275,1561,814,move
1787477072.0473,1565,816,move
1787477072.0704,1571,820,move
1787477072.0923,1574,823,move
1787477072.1094,1580,826,move
1787477072.1249,1583,829,move
1787477072.1404,1588,832,move
1787477072.1636,1594,834,move
1787477072.1841,1599,837,move
1787477072.2019,1603,840,move
1787477072.2203,1607,844,move
1787477072.6152,1612,846,move
1787477072.6314,1622,852,move
1787477072.6555,1633,859,move
1787477072.6762,1643,865,move
1787477072.6979,1653,870,move
1787477072.7222,1663,876,move
1787477072.7388,1673,881,move
1787477072.7619,1683,886,move
1787477072.7783,1692,893,move
1787477072.7956,1703,899,move
1787477072.8205,1714,904,move
1787477072.8384,1723,911,move
1787477072.8564,1734,917,move
1787477073.5249,1744,922,move
1787477073.5455,1751,918,move
1787477073.5612,1761,914,move
1787477073.5862,1769,910,move
1787477073.6088,1776,906,move
1787477073.6292,1786,902,move
1787477073.6514,1795,900,move
1787477073.6696,1802,895,move
1787477073.6934,1809,891,move
1787477073.7108,1820,888,move
1787477073.7336,1828,884,move
1787477074.3259,1836,879,move
1787477074.3491,1842,876,move
1787477074.3678,1847,872,move
1787477074.3894,1854,868,move
1787477074.4072,1860,864,move
1787477074.4311,1866,861,move
1787477074.4513,1872,857,move
1787477074.4673,1878,854,move
1787477074.4846,1883,851,move
1787477074.5005,1890,846,move
1787477074.5206,1895,842,move
1787477074.5375,1902,839,move
1787477075.1032,1907,836,move
1787477075.1252,1903,847,move
1787477075.144,1896,858,move
1787477075.1664,1891,869,move
1787477075.1833,1884,880,move
1787477075.2037,1879,890,move
1787477075.2265,1873,901,move
1787477075.2433,1868,913,move
1787477075.2673,1862,925,move
1787477075.2824,1857,936,move
1787477075.3012,1851,945,move
1787477075.3167,1844,956,move
1787477075.3667,1840,969,click_LEFT_press
1787477075.4467,1840,969,click_LEFT_release
1787477075.8609,1839,969,move
1787477075.8821,1833,963,move
1787477075.9017,1828,956,move
1787477075.9207,1823,950,move
1787477075.9367,1816,943,move
1787477075.9612,1811,936,move
1787477075.9806,1804,931,move
1787477076.0035,1799,925,move
1787477076.0282,1793,917,move
1787477076.0523,1788,911,move
1787477076.8487,1781,905,move
1787477076.873,1793,902,move
1787477076.8944,1804,899,move
1787477076.9177,1815,896,move
1787477076.9408,1827,894,move
1787477076.9588,1838,891,move
1787477076.9739,1848,887,move
1787477076.9917,1860,886,move
1787477077.0103,1871,883,move
1787477077.0268,1882,880,move
1787477077.4299,1893,877,move
1787477077.4503,1892,891,move
1787477077.475,1890,904,move
1787477077.4941,1887,917,move
1787477077.5092,1885,931,move
1787477077.5324,1883,943,move
1787477077.5518,1880,955,move
1787477077.5693,1878,970,move
1787477077.5868,1878,983,move
1787477077.6029,1874,996,move
1787477077.6266,1872,1008,move
1787477077.9889,1870,1021,move
1787477078.0072,1863,1030,move
1787477078.0278,1858,1038,move
1787477078.0502,1851,1045,move
1787477078.072,1842,1053,move
1787477078.0873,1836,1061,move
1787477078.1079,1830,1070,move
1787477078.13,1823,1077,move
1787477078.1542,1817,1085,move
1787477078.1736,1809,1094,move
1787477078.1926,1803,1102,move
1787477078.2123,1796,1109,move
1787477078.23,1789,1118,move
1787477078.2517,1783,1125,move
1787477079.0468,1776,1134,move
1787477079.0711,1786,1146,move
1787477079.0942,1798,1159,move
1787477079.1094,1810,1171,move
1787477079.1289,1820,1184,move
1787477079.144,1832,1197,move
1787477079.1641,1843,1211,move
1787477079.186,1854,1223,move
1787477079.2029,1866,1236,move
1787477079.2183,1877,1250,move
1787477079.2361,1889,1261,move
1787477079.8255,1900,1275,move
1787477079.8439,1889,1267,move
1787477079.8674,1879,1260,move
1787477079.8895,1869,1252,move
1787477079.9071,1860,1244,move
1787477079.9294,1849,1237,move
1787477079.9475,1840,1229,move
1787477079.9637,1830,1222,move
1787477079.9845,1819,1214,move
1787477080.0015,1810,1205,move
1787477080.0219,1799,1198,move
1787477080.0429,1789,1191,move
1787477080.0676,1779,1184,move
1787477080.1176,1770,1176,click_LEFT_press
1787477080.1976,1770,1176,click_LEFT_release
1787477080.6514,1769,1175,move
1787477080.6738,1756,1161,move
1787477080.6927,1743,1146,move
1787477080.7146,1729,1132,move
1787477080.7381,1715,1118,move
1787477080.7548,1701,1104,move
1787477080.7794,1689,1090,move
1787477080.8022,1675,1075,move
1787477080.8257,1661,1060,move
1787477080.8454,1649,1046,move
1787477081.1803,1635,1031,move
1787477081.1966,1635,1029,move
1787477081.2192,1636,1028,move
1787477081.2431,1638,1026,move
1787477081.2615,1638,1024,move
1787477081.2863,1640,1022,move
1787477081.3021,1641,1020,move
1787477081.3228,1643,1017,move
1787477081.3433,1643,1016,move
1787477081.3603,1646,1014,move
1787477081.3769,1646,1012,move
1787477081.3971,1647,1010,move
1787477081.7699,1648,1007,move
1787477081.7929,1642,1014,move
1787477081.8173,1633,1022,move
1787477081.836,1627,1031,move
1787477081.8553,1618,1039,move
1787477081.8803,1611,1047,move
1787477081.9051,1605,1054,move
1787477081.9225,1597,1060,move
1787477081.9472,1589,1069,move
1787477081.9678,1581,1077,move
1787477081.9919,1574,1085,move
1787477082.0128,1566,1092,move
1787477082.0305,1559,1099,move
1787477082.053,1551,1107,move
1787477082.0749,1544,1115,move
1787477082.8428,1536,1122,move
1787477082.8582,1531,1117,move
1787477082.8758,1527,1111,move
1787477082.8915,1522,1107,move
1787477082.9068,1517,1101,move
1787477082.9237,1512,1095,move
1787477082.9421,1507,1090,move
1787477082.9667,1503,1084,move
1787477082.9894,1498,1078,move
1787477083.007,1493,1072,move
1787477083.7994,1488,1067,move
1787477083.8228,1498,1075,move
1787477083.8385,1506,1084,move
1787477083.8588,1517,1090,move
1787477083.8749,1525,1098,move
1787477083.8926,1534,1107,move
1787477083.9155,1543,1114,move
1787477083.9361,1553,1122,move
1787477083.9577,1561,1131,move
1787477083.9798,1571,1139,move
1787477084.001,1580,1147,move
1787477084.0177,1589,1153,move
1787477084.0426,1599,1163,move
1787477084.0608,1608,1169,move
1787477084.0834,1617,1177,move
1787477084.1334,1626,1186,click_LEFT_press
1787477084.2134,1626,1186,click_LEFT_release
1787477084.7421,1625,1185,move
1787477084.7571,1623,1187,move
1787477084.7798,1620,1188,move
1787477084.8026,1617,1189,move
1787477084.8228,1616,1192,move
1787477084.8462,1612,1192,move
1787477084.871,1610,1195,move
1787477084.8918,1607,1196,move
1787477084.9141,1606,1198,move
1787477084.9295,1603,1200,move
1787477084.9522,1600,1200,move
1787477084.9751,1598,1202,move
1787477084.9934,1594,1204,move
1787477085.015,1592,1205,move
1787477085.04,1590,1206,move
1787477085.677,1588,1208,move
1787477085.7012,1599,1207,move
1787477085.7257,1611,1206,move
1787477085.7472,1623,1207,move
1787477085.767,1634,1204,move
1787477085.7868,1646,1205,move
1787477085.8019,1658,1205,move
1787477085.82,1669,1204,move
1787477085.8383,1680,1203,move
1787477085.8611,1692,1202,move
1787477085.8794,1704,1202,move
1787477086.5652,1716,1202,move
1787477086.5889,1721,1208,move
1787477086.6133,1725,1215,move
1787477086.6338,1729,1224,move
1787477086.6495,1733,1231,move
1787477086.6713,1738,1237,move
1787477086.6893,1743,1245,move
1787477086.7109,1747,1253,move
1787477086.733,1753,1261,move
1787477086.7566,1758,1268,move
1787477086.7778,1761,1275,move
1787477086.7974,1765,1282,move
1787477086.818,1770,1289,move
1787477086.8358,1775,1297,move
1787477086.8532,1780,1305,move
1787477086.9032,1785,1312,click_LEFT_press
1787477086.9832,1785,1312,click_LEFT_release
1787477087.666,1784,1311,move
1787477087.6906,1795,1321,move
1787477087.7094,1806,1331,move
1787477087.7293,1816,1340,move
1787477087.7518,1826,1350,move
1787477087.7705,1836,1358,move
1787477087.7867,1846,1368,move
1787477087.8021,1857,1377,move
1787477087.8205,1867,1386,move
1787477087.8364,1877,1395,move
1787477087.8555,1888,1406,move
1787477088.4978,1897,1415,move
1787477088.5191,1893,1421,move
1787477088.5353,1891,1429,move
1787477088.5509,1889,1435,move
1787477088.5663,1884,1443,move
1787477088.5895,1881,1449,move
1787477088.6139,1878,1456,move
1787477088.6303,1874,1463,move
1787477088.6484,1872,1471,move
1787477088.6713,1869,1478,move
1787477088.6902,1866,1484,move
1787477088.7137,1861,1491,move
1787477088.7637,1859,1499,click_LEFT_press
1787477088.8437,1859,1499,click_LEFT_release
1787477089.5438,1859,1499,move
1787477089.5604,1860,1492,move
1787477089.5773,1862,1486,move
1787477089.5978,1863,1478,move
1787477089.6203,1865,1471,move
1787477089.6415,1866,1465,move
1787477089.6657,1868,1458,move
1787477089.6819,1870,1451,move
1787477089.6992,1872,1446,move
1787477089.7194,1873,1438,move
1787477089.7398,1875,1431,move
1787477089.7647,1876,1426,move
1787477089.7887,1879,1418,move
1787477089.8109,1880,1413,move
1787477090.3488,1882,1406,move
1787477090.3713,1885,1406,move
1787477090.3945,1889,1407,move
1787477090.4116,1894,1408,move
1787477090.4343,1898,1408,move
1787477090.4543,1901,1410,move
1787477090.4763,1905,1411,move
1787477090.4955,1909,1412,move
1787477090.5163,1914,1412,move
1787477090.5394,1917,1413,move
1787477090.5605,1921,1414,move
1787477090.585,1926,1414,move
1787477090.6002,1929,1416,move
1787477090.6157,1932,1416,move
1787477091.2468,1936,1416,move
1787477091.2645,1935,1409,move
1787477091.2863,1934,1401,move
1787477091.3103,1932,1392,move
1787477091.3337,1930,1385,move
1787477091.3533,1928,1375,move
1787477091.3774,1928,1368,move
1787477091.3972,1926,1360,move
1787477091.4138,1924,1352,move
1787477091.4367,1923,1344,move
1787477091.4559,1922,1337,move
1787477091.4781,1921,1328,move
1787477091.8015,1918,1319,move
1787477091.8243,1911,1327,move
1787477091.8413,1903,1335,move
1787477091.8662,1895,1343,move
1787477091.8858,1887,1351,move
1787477091.9059,1880,1359,move
1787477091.9211,1872,1367,move
1787477091.9423,1864,1375,move
1787477091.9585,1856,1381,move
1787477091.9835,1848,1390,move
1787477092.0061,1840,1398,move
1787477092.0224,1834,1405,move
1787477092.043,1827,1413,move
1787477092.0658,1817,1420,move
1787477092.0811,1810,1428,move
1787477092.6606,1803,1436,move
1787477092.6765,1810,1442,move
1787477092.7005,1816,1448,move
1787477092.7197,1823,1451,move
1787477092.7373,1829,1457,move
1787477092.7611,1836,1462,move
1787477092.7825,1842,1467,move
1787477092.799,1849,1471,move
1787477092.8196,1854,1478,move
1787477092.8403,1862,1482,move
1787477092.858,1868,1488,move
1787477092.8736,1874,1492,move
1787477093.6356,1882,1497,move
1787477093.6568,1891,1497,move
1787477093.6758,1898,1497,move
1787477093.6956,1908,1495,move
1787477093.7145,1915,1496,move
1787477093.732,1925,1496,move
1787477093.7498,1933,1495,move
1787477093.7702,1942,1494,move
1787477093.794,1951,1493,move
1787477093.8154,1959,1492,move
1787477093.8358,1968,1491,move
1787477093.8522,1977,1491,move
1787477093.8735,1985,1490,move
1787477094.4028,1994,1490,move
1787477094.4233,1999,1489,move
1787477094.4465,2006,1490,move
1787477094.4702,2013,1489,move
1787477094.4891,2019,1488,move
1787477094.5049,2025,1487,move
1787477094.5211,2032,1487,move
1787477094.543,2038,1486,move
1787477094.5659,2046,1485,move
1787477094.5876,2051,1485,move
1787477094.6037,2058,1484,move
1787477095.367,2064,1483,move
1787477095.3906,2072,1478,move
1787477095.4075,2079,1472,move
1787477095.4314,2086,1466,move
1787477095.4544,2095,1460,move
1787477095.4703,2102,1454,move
1787477095.491,2109,1448,move
1787477095.5157,2116,1442,move
1787477095.537,2125,1437,move
1787477095.5585,2131,1430,move
1787477095.5831,2138,1425,move
1787477095.6055,2146,1420,move
1787477095.6262,2153,1413,move
1787477095.6487,2161,1407,move
1787477095.6694,2169,1402,move
1787477096.0708,2177,1395,move
1787477096.0956,2186,1399,move
1787477096.1131,2196,1405,move
1787477096.1294,2207,1409,move
1787477096.1461,2218,1414,move
1787477096.1627,2229,1419,move
1787477096.185,2239,1423,move
1787477096.2094,2249,1429,move
1787477096.2331,2259,1432,move
1787477096.2529,2269,1438,move
1787477096.2689,2280,1443,move
1787477096.3189,2291,1448,click_LEFT_press
1787477096.3989,2291,1448,click_LEFT_release
1787477097.1835,2290,1448,move
1787477097.1999,2291,1441,move
1787477097.2225,2292,1434,move
1787477097.2433,2294,1427,move
1787477097.2643,2295,1420,move
1787477097.2821,2295,1412,move
1787477097.2973,2297,1405,move
1787477097.3189,2297,1398,move
1787477097.3404,2299,1392,move
1787477097.3567,2299,1385,move
1787477097.3766,2301,1377,move
1787477097.4014,2301,1371,move
1787477097.4233,2303,1364,move
1787477097.4733,2304,1357,click_LEFT_press
1787477097.5533,2304,1357,click_LEFT_release
1787477098.0554,2303,1356,move
1787477098.0744,2315,1350,move
1787477098.0933,2326,1343,move
1787477098.1153,2337,1337,move
1787477098.1333,2348,1332,move
1787477098.1516,2360,1325,move
1787477098.171,2372,1319,move
1787477098.1896,2382,1311,move
1787477098.2057,2395,1305,move
1787477098.2221,2406,1298,move
1787477098.2721,2417,1293,click_LEFT_press
1787477098.3521,2417,1293,click_LEFT_release
1787477098.9946,2416,1293,move
1787477099.0125,2406,1290,move
1787477099.0306,2394,1287,move
1787477099.0499,2384,1285,move
1787477099.0671,2373,1281,move
1787477099.0881,2362,1279,move
1787477099.1083,2351,1276,move
1787477099.1324,2339,1274,move
1787477099.148,2328,1270,move
1787477099.1651,2318,1267,move
1787477099.1829,2307,1264,move
1787477099.2018,2296,1262,move
1787477099.5941,2285,1260,move
1787477099.6135,2291,1257,move
1787477099.6299,2296,1256,move
1787477099.6522,2302,1253,move
1787477099.6675,2309,1251,move
1787477099.6859,2314,1249,move
1787477099.7034,2321,1246,move
1787477099.7243,2327,1245,move
1787477099.7419,2333,1243,move
1787477099.7631,2339,1240,move
1787477099.7813,2344,1239,move
1787477099.8047,2351,1236,move
1787477099.8268,2356,1234,move
1787477099.8506,2363,1232,move
1787477099.9006,2369,1230,click_LEFT_press
1787477099.9806,2369,1230,click_LEFT_release
1787477100.6095,2368,1229,move
1787477100.6264,2378,1226,move
1787477100.6502,2388,1225,move
1787477100.6703,2396,1223,move
1787477100.689,2406,1220,move
1787477100.7109,2415,1218,move
1787477100.7325,2426,1217,move
1787477100.7529,2434,1214,move
1787477100.768,2444,1211,move
1787477100.783,2453,1209,move
1787477100.8002,2464,1207,move
1787477100.8186,2473,1204,move
1787477100.8345,2481,1202,move
1787477101.3686,2491,1201,move
1787477101.3907,2489,1198,move
1787477101.4124,2488,1193,move
1787477101.4355,2487,1191,move
1787477101.4558,2484,1188,move
1787477101.4712,2482,1185,move
1787477101.4956,2481,1182,move
1787477101.5123,2481,1178,move
1787477101.5293,2478,1174,move
1787477101.5484,2476,1172,move
1787477101.5717,2476,1169,move
1787477102.1936,2473,1166,move
1787477102.2159,2483,1154,move
1787477102.2378,2493,1141,move
1787477102.2622,2503,1129,move
1787477102.2864,2511,1117,move
1787477102.3098,2521,1104,move
1787477102.329,2531,1091,move
1787477102.3441,2541,1080,move
1787477102.3645,2549,1068,move
1787477102.3885,2560,1055,move
1787477102.4116,2568,1043,move
1787477103.0879,2579,1031,move
1787477103.1038,2582,1027,move
1787477103.1255,2586,1023,move
1787477103.1494,2589,1018,move
1787477103.1727,2594,1015,move
1787477103.194,2598,1011,move
1787477103.2115,2601,1006,move
1787477103.2357,2605,1002,move
1787477103.2585,2609,998,move
1787477103.2776,2614,995,move
1787477103.2984,2617,990,move
1787477103.3232,2621,987,move
1787477103.3473,2625,982,move
1787477103.3631,2628,979,move
1787477103.381,2632,974,move
1787477103.431,2637,971,click_LEFT_press
1787477103.511,2637,971,click_LEFT_release
1787477104.1973,2637,970,move
1787477104.216,2635,978,move
1787477104.2378,2633,985,move
1787477104.2549,2631,992,move
1787477104.271,2629,997,move
1787477104.2866,2628,1005,move
1787477104.3068,2626,1012,move
1787477104.3294,2625,1017,move
1787477104.347,2623,1024,move
1787477104.3696,2619,1032,move
1787477104.393,2619,1037,move
1787477105.1296,2616,1045,move
1787477105.1493,2623,1053,move
1787477105.1706,2630,1064,move
1787477105.1913,2637,1073,move
1787477105.2144,2644,1084,move
1787477105.2387,2653,1093,move
1787477105.2588,2659,1104,move
1787477105.2804,2666,1114,move
1787477105.2997,2673,1124,move
1787477105.3186,2680,1133,move
1787477105.3418,2687,1142,move
1787477105.3577,2695,1154,move
1787477105.3796,2703,1162,move
1787477105.4036,2710,1172,move
1787477106.1698,2717,1182,move
1787477106.1942,2720,1194,move
1787477106.2097,2723,1205,move
1787477106.2339,2725,1217,move
1787477106.2535,2727,1229,move
1787477106.2693,2730,1241,move
1787477106.294,2732,1253,move
1787477106.3132,2736,1265,move
1787477106.3344,2738,1277,move
1787477106.3548,2741,1289,move
1787477106.3781,2745,1301,move
1787477106.4281,2747,1313,click_LEFT_press
1787477106.5081,2747,1313,click_LEFT_release
1787477107.0786,2747,1312,move
1787477107.1027,2744,1326,move
1787477107.1243,2741,1339,move
1787477107.1436,2738,1352,move
1787477107.1682,2736,1365,move
1787477107.1872,2734,1379,move
1787477107.211,2730,1391,move
1787477107.2265,2726,1405,move
1787477107.244,2725,1418,move
1787477107.2663,2722,1432,move
1787477107.2869,2719,1444,move
1787477107.3369,2717,1458,click_LEFT_press
1787477107.4169,2717,1458,click_LEFT_release
1787477108.0764,2716,1458,move
1787477108.0918,2718,1451,move
1787477108.1129,2718,1446,move
1787477108.1287,2720,1439,move
1787477108.1509,2720,1433,move
1787477108.1732,2721,1427,move
1787477108.1941,2723,1422,move
1787477108.2176,2723,1416,move
1787477108.2374,2724,1410,move
1787477108.2571,2726,1403,move
1787477108.2784,2726,1398,move
1787477108.3029,2726,1391,move
1787477108.3247,2728,1385,move
1787477108.6707,2728,1379,move
1787477108.6907,2719,1376,move
1787477108.7142,2708,1373,move
1787477108.7307,2699,1369,move
1787477108.7519,2688,1366,move
1787477108.7714,2678,1363,move
1787477108.7887,2669,1359,move
1787477108.8067,2659,1356,move
1787477108.8261,2648,1352,move
1787477108.85,2639,1349,move
1787477108.8652,2628,1346,move
1787477108.8897,2618,1342,move
1787477108.9058,2608,1338,move
1787477108.927,2599,1335,move
1787477108.9502,2589,1331,move
1787477109.7506,2578,1328,move
1787477109.7756,2575,1338,move
1787477109.7936,2571,1346,move
1787477109.8116,2567,1357,move
1787477109.8284,2565,1366,move
1787477109.8493,2560,1375,move
1787477109.8739,2556,1384,move
1787477109.8958,2553,1394,move
1787477109.9166,2548,1401,move
1787477109.9377,2545,1411,move
1787477109.9616,2542,1421,move
1787477109.9831,2538,1429,move
1787477110.0034,2534,1439,move
1787477110.0208,2530,1448,move
1787477110.5425,2526,1457,move
1787477110.5654,2520,1465,move
1787477110.5886,2514,1472,move
1787477110.6052,2506,1479,move
1787477110.6265,2501,1487,move
1787477110.6467,2494,1495,move
1787477110.6686,2487,1503,move
1787477110.6927,2481,1510,move
1787477110.7146,2473,1519,move
1787477110.7371,2466,1526,move
1787477110.7871,2461,1534,click_LEFT_press
1787477110.8671,2461,1534,click_LEFT_release
1787477111.6138,2461,1534,move
1787477111.6365,2452,1530,move
1787477111.6559,2443,1527,move
1787477111.6737,2434,1523,move
1787477111.6979,2425,1520,move
1787477111.7173,2415,1517,move
1787477111.7383,2407,1512,move
1787477111.7538,2396,1510,move
1787477111.7731,2388,1506,move
1787477111.7937,2378,1503,move
1787477111.8172,2370,1500,move
1787477111.8404,2360,1496,move
1787477112.2498,2352,1493,move
1787477112.267,2359,1496,move
1787477112.29,2365,1500,move
1787477112.3148,2373,1503,move
1787477112.3344,2380,1507,move
1787477112.3556,2387,1512,move
1787477112.3795,2394,1516,move
1787477112.4008,2403,1519,move
1787477112.4226,2410,1523,move
1787477112.4476,2417,1526,move
1787477112.4686,2424,1530,move
1787477112.4931,2432,1535,move
1787477112.5127,2439,1538,move
1787477112.53,2447,1542,move
1787477112.5494,2452,1545,move
1787477112.5994,2461,1550,click_LEFT_press
1787477112.6794,2461,1550,click_LEFT_release
1787477113.035,2460,1550,move
1787477113.0537,2457,1545,move
1787477113.0704,2453,1539,move
1787477113.0872,2448,1535,move
1787477113.1051,2444,1530,move
1787477113.1201,2441,1524,move
1787477113.1449,2436,1520,move
1787477113.1638,2432,1514,move
1787477113.1797,2429,1508,move
1787477113.2036,2424,1504,move
1787477113.2214,2421,1499,move
1787477113.2399,2417,1493,move
1787477113.8432,2413,1489,move
1787477113.8682,2413,1481,move
1787477113.8883,2412,1475,move
1787477113.9048,2413,1467,move
1787477113.9199,2412,1459,move
1787477113.9405,2414,1451,move
1787477113.9615,2414,1445,move
1787477113.9841,2413,1438,move
1787477114.0041,2413,1430,move
1787477114.0254,2413,1423,move
1787477114.0471,2413,1415,move
1787477114.0667,2414,1409,move
1787477114.083,2414,1400,move
1787477114.133,2415,1394,click_LEFT_press
1787477114.213,2415,1394,click_LEFT_release
1787477115.0265,2414,1394,move
1787477115.0462,2425,1388,move
1787477115.0625,2434,1382,move
1787477115.0805,2443,1378,move
1787477115.1015,2454,1372,move
1787477115.1216,2464,1367,move
1787477115.1379,2474,1361,move
1787477115.157,2483,1356,move
1787477115.1748,2493,1350,move
1787477115.1947,2502,1343,move
1787477115.2178,2512,1338,move
1787477115.2403,2522,1334,move
1787477115.2637,2532,1328,move
1787477115.2842,2543,1322,move
1787477115.3342,2553,1317,click_LEFT_press
1787477115.4142,2553,1317,click_LEFT_release
1787477116.1084,2552,1317,move
1787477116.1288,2544,1309,move
1787477116.1528,2537,1298,move
1787477116.1741,2529,1291,move
1787477116.1972,2523,1281,move
1787477116.2146,2515,1273,move
1787477116.2324,2508,1264,move
1787477116.2499,2501,1256,move
1787477116.2726,2493,1246,move
1787477116.2882,2484,1237,move
1787477116.3088,2478,1228,move
1787477116.3266,2470,1219,move
1787477116.3432,2463,1211,move
1787477116.362,2456,1203,move
1787477117.0778,2448,1193,move
1787477117.0949,2442,1193,move
1787477117.1124,2435,1192,move
1787477117.1363,2428,1190,move
1787477117.1563,2422,1191,move
1787477117.1811,2416,1190,move
1787477117.202,2408,1188,move
1787477117.2269,2403,1188,move
1787477117.2484,2396,1186,move
1787477117.2668,2390,1185,move
1787477117.2848,2383,1184,move
1787477117.3023,2376,1182,move
1787477117.3235,2370,1182,move
1787477117.3735,2364,1182,click_LEFT_press
1787477117.4535,2364,1182,click_LEFT_release
1787477117.9268,2363,1182,move
1787477117.9463,2363,1170,move
1787477117.9667,2362,1160,move
1787477117.9885,2363,1151,move
1787477118.0086,2361,1139,move
1787477118.0323,2363,1129,move
1787477118.0507,2363,1117,move
1787477118.0657,2361,1107,move
1787477118.0851,2362,1097,move
1787477118.1035,2360,1087,move
1787477118.124,2361,1076,move
1787477118.1439,2360,1064,move
1787477118.1627,2359,1054,move
1787477118.5287,2360,1044,move
1787477118.5471,2357,1039,move
1787477118.5627,2353,1035,move
1787477118.5777,2349,1029,move
1787477118.5984,2345,1026,move
1787477118.6211,2341,1021,move
1787477118.645,2338,1016,move
1787477118.6667,2334,1012,move
1787477118.6907,2330,1007,move
1787477118.7134,2327,1003,move
1787477118.734,2324,998,move
1787477118.7583,2319,995,move
1787477118.777,2316,989,move
1787477118.827,2313,986,click_LEFT_press
1787477118.907,2313,986,click_LEFT_release
1787477119.4808,2313,985,move
1787477119.4986,2310,985,move
1787477119.5201,2310,986,move
1787477119.5412,2307,984,move
1787477119.5599,2306,985,move
1787477119.5751,2305,983,move
1787477119.6001,2303,984,move
1787477119.617,2301,984,move
1787477119.6334,2300,982,move
1787477119.6529,2298,982,move
1787477119.6694,2296,982,move
1787477119.6929,2295,981,move
1787477119.7129,2294,981,move
1787477119.7317,2293,981,move
1787477120.0972,2290,980,move
1787477120.1135,2294,976,move
1787477120.1316,2296,970,move
1787477120.1492,2298,964,move
1787477120.1723,2300,957,move
1787477120.1876,2303,953,move
1787477120.2067,2306,947,move
1787477120.2246,2309,940,move
1787477120.2455,2310,935,move
1787477120.2621,2312,930,move
1787477120.8845,2315,924,move
1787477120.8999,2315,918,move
1787477120.9223,2314,911,move
1787477120.9408,2314,905,move
1787477120.9604,2313,898,move
1787477120.9793,2311,892,move
1787477120.9994,2312,885,move
1787477121.0243,2311,878,move
1787477121.0414,2309,872,move
1787477121.057,2309,865,move
1787477121.728,2308,858,move
1787477121.7489,2306,853,move
1787477121.7716,2303,847,move
1787477121.7946,2303,844,move
1787477121.8133,2300,838,move
1787477121.8306,2299,832,move
1787477121.8482,2297,827,move
1787477121.8636,2293,821,move
1787477121.8826,2291,817,move
1787477121.9008,2289,811,move
1787477121.9174,2287,807,move
1787477121.933,2284,801,move
1787477121.9542,2282,795,move
1787477121.9703,2280,791,move
1787477122.0203,2279,786,click_LEFT_press
1787477122.1003,2279,786,click_LEFT_release
1787477122.5612,2279,785,move
1787477122.5767,2273,781,move
1787477122.5944,2267,775,move
1787477122.6116,2261,771,move
1787477122.6341,2254,766,move
1787477122.6557,2247,761,move
1787477122.6802,2242,757,move
1787477122.6986,2236,753,move
1787477122.7173,2229,747,move
1787477122.7387,2224,742,move
1787477122.758,2219,737,move
1787477122.7746,2212,734,move
1787477122.7918,2206,727,move
1787477123.3006,2199,723,move
1787477123.3228,2197,721,move
1787477123.3385,2194,718,move
1787477123.3632,2190,714,move
1787477123.38,2188,712,move
1787477123.3951,2185,709,move
1787477123.4135,2181,706,move
1787477123.432,2179,702,move
1787477123.4556,2176,700,move
1787477123.4726,2172,697,move
1787477123.8727,2170,695,move
1787477123.8962,2173,703,move
1787477123.9179,2174,713,move
1787477123.9382,2178,722,move
1787477123.9545,2180,731,move
1787477123.9725,2181,739,move
1787477123.991,2184,748,move
1787477124.0063,2187,758,move
1787477124.0302,2189,767,move
1787477124.0506,2192,776,move
1787477124.0691,2194,784,move
1787477124.0874,2195,794,move
1787477124.1048,2198,802,move
1787477124.127,2202,811,move
1787477124.862,2203,820,move
1787477124.8843,2197,809,move
1787477124.9065,2189,798,move
1787477124.9311,2182,787,move
1787477124.9549,2173,776,move
1787477124.9783,2167,765,move
1787477124.9979,2161,753,move
1787477125.0218,2152,741,move
1787477125.0423,2146,730,move
1787477125.0646,2138,720,move
1787477125.1146,2131,709,click_LEFT_press
1787477125.1946,2131,709,click_LEFT_release
1787477126.0029,2130,709,move
1787477126.0239,2139,701,move
1787477126.039,2147,694,move
1787477126.0589,2154,685,move
1787477126.08,2162,677,move
1787477126.1014,2171,670,move
1787477126.1246,2178,662,move
1787477126.1426,2186,655,move
1787477126.1671,2195,647,move
1787477126.1895,2203,639,move
1787477126.2136,2212,630,move
1787477126.2346,2219,622,move
1787477126.2575,2227,615,move
1787477126.2777,2234,607,move
1787477126.3024,2243,599,move
1787477127.077,2251,592,move
1787477127.0997,2247,598,move
1787477127.1226,2242,607,move
1787477127.1398,2240,613,move
1787477127.1622,2234,621,move
1787477127.1801,2229,628,move
1787477127.1982,2227,637,move
1787477127.2143,2221,643,move
1787477127.2391,2218,650,move
1787477127.2626,2213,659,move
1787477127.2821,2210,666,move
1787477127.3069,2206,674,move
1787477127.3569,2201,681,click_LEFT_press
1787477127.4369,2201,681,click_LEFT_release
1787477127.7804,2200,681,move
1787477127.8015,2192,681,move
1787477127.8253,2183,679,move
1787477127.8446,2175,679,move
1787477127.864,2166,677,move
1787477127.8809,2158,677,move
1787477127.8977,2149,676,move
1787477127.922,2141,677,move
1787477127.9421,2133,676,move
1787477127.9577,2124,674,move
1787477127.9809,2116,674,move
1787477127.9984,2106,674,move
1787477128.6081,2099,674,move
1787477128.6263,2097,666,move
1787477128.6492,2094,661,move
1787477128.6701,2091,654,move
1787477128.6885,2089,647,move
1787477128.7103,2088,639,move
1787477128.7256,2085,633,move
1787477128.7479,2082,627,move
1787477128.7643,2080,620,move
1787477128.787,2078,611,move
1787477128.803,2077,604,move
1787477128.8257,2074,598,move
1787477128.8467,2071,591,move
1787477129.556,2069,585,move
1787477129.5746,2066,591,move
1787477129.5954,2063,597,move
1787477129.612,2058,603,move
1787477129.6292,2055,608,move
1787477129.649,2051,616,move
1787477129.6723,2048,621,move
1787477129.6954,2045,628,move
1787477129.7129,2042,632,move
1787477129.7306,2038,638,move
1787477129.7493,2034,645,move
1787477129.772,2031,652,move
1787477129.7888,2027,657,move
1787477129.8388,2024,664,click_LEFT_press
1787477129.9188,2024,664,click_LEFT_release
1787477130.5139,2023,663,move
1787477130.5352,2032,663,move
1787477130.5505,2041,663,move
1787477130.5671,2051,664,move
1787477130.5821,2060,663,move
1787477130.5979,2070,664,move
1787477130.6151,2079,664,move
1787477130.6379,2088,664,move
1787477130.6624,2097,663,move
1787477130.6781,2106,663,move
1787477130.6992,2117,663,move
1787477130.7188,2124,664,move
1787477131.5169,2135,664,move
1787477131.5323,2145,660,move
1787477131.5481,2155,657,move
1787477131.5692,2166,652,move
1787477131.5863,2175,649,move
1787477131.6054,2186,645,move
1787477131.6298,2197,642,move
1787477131.6529,2207,639,move
1787477131.6688,2217,636,move
1787477131.6861,2228,632,move
1787477131.7361,2239,629,click_LEFT_press
1787477131.8161,2239,629,click_LEFT_release
1787477132.3369,2238,629,move
1787477132.3555,2230,624,move
1787477132.3769,2221,619,move
1787477132.392,2213,615,move
1787477132.4141,2203,610,move
1787477132.438,2194,606,move
1787477132.454,2186,602,move
1787477132.4698,2177,597,move
1787477132.4853,2168,593,move
1787477132.5078,2160,588,move
1787477132.5265,2150,584,move
1787477132.5455,2141,580,move
1787477132.5684,2134,574,move
1787477132.5923,2123,570,move
1787477132.9974,2115,566,move
1787477133.022,2122,562,move
1787477133.039,2129,557,move
1787477133.056,2136,554,move
1787477133.0712,2142,551,move
1787477133.0908,2148,547,move
1787477133.1157,2154,544,move
1787477133.1381,2161,539,move
1787477133.1565,2167,537,move
1787477133.1755,2174,534,move
1787477133.1993,2181,530,move
1787477133.2169,2188,526,move
1787477133.236,2193,522,move
1787477133.286,2201,519,click_LEFT_press
1787477133.366,2201,519,click_LEFT_release
1787477133.7283,2201,518,move
1787477133.7452,2211,507,move
1787477133.7611,2223,497,move
1787477133.7811,2234,487,move
1787477133.803,2244,477,move
1787477133.8247,2256,465,move
1787477133.8466,2268,454,move
1787477133.8618,2279,443,move
1787477133.8777,2289,432,move
1787477133.9007,2301,423,move
1787477133.9507,2313,412,click_LEFT_press
1787477134.0307,2313,412,click_LEFT_release
1787477134.5698,2312,412,move
1787477134.585,2310,414,move
1787477134.6064,2308,417,move
1787477134.6246,2305,419,move
1787477134.6452,2303,422,move
1787477134.6673,2300,425,move
1787477134.6923,2298,427,move
1787477134.7151,2294,432,move
1787477134.7394,2293,433,move
1787477134.7578,2289,437,move
1787477134.7758,2286,439,move
1787477134.7997,2283,442,move
1787477134.8198,2282,445,move
1787477135.3216,2279,448,move
1787477135.3403,2267,449,move
1787477135.3636,2255,452,move
1787477135.3836,2242,452,move
1787477135.3998,2229,455,move
1787477135.4172,2218,456,move
1787477135.4372,2206,460,move
1787477135.4558,2193,461,move
1787477135.4801,2181,464,move
1787477135.5007,2170,466,move
1787477135.521,2157,467,move
1787477135.571,2145,469,click_LEFT_press
1787477135.651,2145,469,click_LEFT_release
1787477136.0304,2145,469,move
1787477136.0455,2150,460,move
1787477136.0648,2154,449,move
1787477136.083,2157,439,move
1787477136.1,2162,429,move
1787477136.1151,2167,421,move
1787477136.1399,2172,411,move
1787477136.1624,2175,402,move
1787477136.1861,2179,391,move
1787477136.2031,2184,383,move
1787477136.22,2190,372,move
1787477136.2353,2194,362,move
1787477136.2564,2198,354,move
1787477136.6967,2203,344,move
1787477136.7156,2204,339,move
1787477136.7327,2204,333,move
1787477136.755,2205,328,move
1787477136.7747,2204,323,move
1787477136.7941,2204,318,move
1787477136.8142,2206,314,move
1787477136.8376,2207,309,move
1787477136.855,2206,305,move
1787477136.8772,2209,300,move
1787477136.8933,2209,295,move
1787477136.9131,2210,289,move
1787477136.9363,2209,286,move
1787477136.9541,2209,280,move
1787477137.0041,2211,276,click_LEFT_press
1787477137.0841,2211,276,click_LEFT_release
1787477137.4299,2210,275,move
1787477137.4534,2200,273,move
1787477137.475,2189,268,move
1787477137.4942,2178,265,move
1787477137.5127,2166,261,move
1787477137.5364,2155,258,move
1787477137.5544,2144,253,move
1787477137.5702,2133,250,move
1787477137.5879,2122,247,move
1787477137.6058,2111,242,move
1787477137.6281,2100,240,move
1787477138.0469,2089,235,move
1787477138.0629,2093,227,move
1787477138.0864,2094,218,move
1787477138.1092,2097,210,move
1787477138.1261,2100,202,move
1787477138.1452,2103,194,move
1787477138.1621,2107,186,move
1787477138.1833,2108,178,move
1787477138.2015,2113,171,move
1787477138.2248,2114,162,move
1787477138.2458,2118,153,move
1787477138.2674,2120,146,move
1787477138.2918,2122,137,move
1787477138.3134,2127,130,move
1787477138.3309,2128,121,move
1787477138.3809,2132,113,click_LEFT_press
1787477138.4609,2132,113,click_LEFT_release
1787477139.1255,2132,112,move
1787477139.1415,2137,119,move
1787477139.1565,2142,123,move
1787477139.1761,2147,129,move
1787477139.1922,2153,134,move
1787477139.2127,2159,139,move
1787477139.2302,2164,145,move
1787477139.2481,2170,149,move
1787477139.2662,2176,154,move
1787477139.2901,2182,160,move
1787477139.3072,2187,166,move
1787477139.3243,2192,171,move
1787477139.3456,2197,176,move
1787477139.3956,2204,182,click_LEFT_press
1787477139.4756,2204,182,click_LEFT_release
1787477139.9952,2204,181,move
1787477140.0153,2206,173,move
1787477140.0307,2209,164,move
1787477140.0473,2213,153,move
1787477140.0639,2217,145,move
1787477140.0807,2220,136,move
1787477140.097,2221,125,move
1787477140.1197,2226,116,move
1787477140.1363,2229,107,move
1787477140.1555,2230,98,move
1787477140.1721,2235,89,move
1787477140.1905,2237,79,move
1787477140.577,2240,69,move
1787477140.5926,2249,60,move
1787477140.6141,2258,50,move
1787477140.6292,2268,40,move
1787477140.6462,2277,30,move
1787477140.6623,2287,19,move
1787477140.6857,2296,9,move
1787477140.7066,2303,0,move
1787477140.7278,2312,-10,move
1787477140.7517,2322,-20,move
1787477140.7749,2331,-28,move
1787477141.5067,2341,-39,move
1787477141.5239,2340,-40,move
1787477141.5437,2342,-40,move
1787477141.5596,2341,-42,move
1787477141.5815,2342,-45,move
1787477141.6056,2342,-45,move
1787477141.6213,2342,-46,move
1787477141.6431,2342,-47,move
1787477141.6642,2344,-48,move
1787477141.683,2344,-51,move
1787477141.7052,2345,-52,move
1787477141.7239,2344,-52,move
1787477141.7468,2345,-54,move
1787477141.7695,2346,-56,move
1787477141.7862,2345,-56,move
1787477141.8362,2346,-59,click_LEFT_press
1787477141.9162,2346,-59,click_LEFT_release
1787477142.506,2346,-59,move
1787477142.53,2345,-52,move
1787477142.5538,2345,-47,move
1787477142.5741,2343,-41,move
1787477142.5969,2343,-37,move
1787477142.6166,2341,-30,move
1787477142.635,2341,-25,move
1787477142.6598,2341,-20,move
1787477142.6789,2340,-15,move
1787477142.6988,2338,-8,move
1787477142.7172,2337,-2,move
1787477142.7394,2337,1,move
1787477142.7604,2336,8,move
1787477143.4018,2335,13,move
1787477143.4169,2331,2,move
1787477143.4353,2325,-6,move
1787477143.454,2320,-15,move
1787477143.4692,2314,-24,move
1787477143.4858,2308,-34,move
1787477143.5074,2303,-44,move
1787477143.5318,2298,-54,move
1787477143.5554,2293,-63,move
1787477143.5721,2287,-73,move
1787477143.5907,2283,-83,move
1787477143.6095,2277,-93,move
1787477143.6595,2272,-103,click_LEFT_press
1787477143.7395,2272,-103,click_LEFT_release
1787477144.4962,2272,-103,move
1787477144.5165,2281,-92,move
1787477144.5383,2291,-81,move
1787477144.5623,2300,-68,move
1787477144.5835,2309,-58,move
1787477144.6012,2319,-48,move
1787477144.6248,2328,-36,move
1787477144.6454,2337,-25,move
1787477144.6639,2348,-13,move
1787477144.6817,2357,-4,move
1787477144.7054,2366,8,move
1787477144.7253,2375,18,move
1787477145.1036,2384,29,move
1787477145.1274,2382,21,move
1787477145.1491,2381,11,move
1787477145.1729,2380,4,move
1787477145.1938,2378,-5,move
1787477145.2146,2376,-13,move
1787477145.2366,2375,-22,move
1787477145.2603,2372,-31,move
1787477145.2803,2371,-40,move
1787477145.2988,2370,-49,move
1787477145.3237,2368,-58,move
1787477145.341,2366,-67,move
1787477145.3627,2364,-75,move
1787477145.3835,2362,-84,move
1787477145.4029,2362,-94,move
1787477145.879,2359,-102,move
1787477145.9001,2366,-91,move
1787477145.9181,2376,-81,move
1787477145.9388,2383,-71,move
1787477145.9624,2390,-61,move
1787477145.9805,2399,-52,move
1787477146.0044,2406,-42,move
1787477146.02,2415,-33,move
1787477146.0351,2421,-23,move
1787477146.0582,2430,-13,move
1787477146.0811,2438,-1,move
1787477146.0969,2446,6,move
1787477146.1186,2453,18,move
1787477146.1374,2460,27,move
1787477146.6846,2468,37,move
1787477146.7013,2462,36,move
1787477146.7212,2455,35,move
1787477146.7369,2448,37,move
1787477146.7587,2443,34,move
1787477146.7822,2436,35,move
1787477146.8041,2429,36,move
1787477146.823,2423,34,move
1787477146.8475,2415,34,move
1787477146.8696,2408,33,move
1787477146.8928,2403,34,move
1787477146.9134,2396,33,move
1787477146.9304,2390,33,move
1787477146.951,2383,32,move
1787477146.9735,2375,33,move
1787477147.481,2370,33,move
1787477147.4973,2362,35,move
1787477147.5217,2356,39,move
1787477147.5398,2349,40,move
1787477147.559,2342,44,move
1787477147.5749,2335,46,move
1787477147.5935,2326,49,move
1787477147.6155,2319,53,move
1787477147.6397,2311,55,move
1787477147.6576,2306,57,move
1787477147.6781,2298,60,move
1787477147.6965,2290,64,move
1787477147.7214,2284,66,move
1787477147.7455,2276,69,move
1787477147.7659,2269,71,move
1787477147.8159,2263,75,click_LEFT_press
1787477147.8959,2263,75,click_LEFT_release
1787477148.6411,2263,75,move
1787477148.6655,2271,73,move
1787477148.6841,2278,73,move
1787477148.7076,2284,71,move
1787477148.7297,2292,70,move
1787477148.7498,2300,69,move
1787477148.7695,2306,66,move
1787477148.7883,2313,65,move
1787477148.8101,2320,64,move
1787477148.8329,2328,63,move
1787477148.8545,2335,60,move
1787477149.2467,2342,60,move
1787477149.2717,2350,57,move
1787477149.2913,2356,54,move
1787477149.3149,2364,50,move
1787477149.3389,2371,47,move
1787477149.3622,2378,44,move
1787477149.3788,2385,42,move
1787477149.4027,2393,38,move
1787477149.4246,2401,35,move
1787477149.4437,2407,32,move
1787477149.4655,2415,29,move
1787477149.4828,2421,26,move
1787477149.5075,2429,23,move
1787477149.5288,2436,21,move
1787477149.5788,2443,18,click_LEFT_press
1787477149.6588,2443,18,click_LEFT_release
1787477150.0926,2443,18,move
1787477150.1118,2436,25,move
1787477150.128,2429,32,move
1787477150.1453,2423,40,move
1787477150.1604,2414,48,move
1787477150.1841,2408,55,move
1787477150.2083,2401,61,move
1787477150.2257,2395,69,move
1787477150.2463,2388,76,move
1787477150.2711,2380,83,move
1787477150.2937,2373,92,move
1787477150.3163,2366,97,move
1787477150.3392,2360,105,move
1787477150.3608,2353,113,move
1787477150.4108,2346,121,click_LEFT_press
1787477150.4908,2346,121,click_LEFT_release
1787477150.8782,2346,121,move
1787477150.8942,2351,130,move
1787477150.9119,2359,139,move
1787477150.9361,2364,148,move
1787477150.9524,2369,156,move
1787477150.9734,2375,167,move
1787477150.9896,2381,174,move
1787477151.0053,2388,184,move
1787477151.0267,2394,194,move
1787477151.0419,2401,202,move
1787477151.0919,2407,212,click_LEFT_press
1787477151.1719,2407,212,click_LEFT_release
1787477151.7535,2407,211,move
1787477151.7734,2414,215,move
1787477151.7981,2423,216,move
1787477151.8139,2432,220,move
1787477151.8377,2439,223,move
1787477151.8607,2448,224,move
1787477151.8838,2457,228,move
1787477151.9072,2463,230,move
1787477151.9277,2471,232,move
1787477151.9505,2479,235,move
1787477152.6702,2488,237,move
1787477152.6939,2479,232,move
1787477152.7113,2469,227,move
1787477152.7286,2460,223,move
1787477152.7444,2451,218,move
1787477152.7653,2441,213,move
1787477152.7864,2432,209,move
1787477152.8065,2421,203,move
1787477152.8228,2411,200,move
1787477152.8413,2402,193,move
1787477152.8652,2394,188,move
1787477152.9152,2384,185,click_LEFT_press
1787477152.9952,2384,185,click_LEFT_release
1787477153.3763,2383,185,move
1787477153.3996,2393,182,move
1787477153.4241,2403,179,move
1787477153.4419,2411,175,move
1787477153.4621,2422,172,move
1787477153.4789,2432,168,move
1787477153.4995,2442,164,move
1787477153.5163,2451,161,move
1787477153.5385,2461,157,move
1787477153.5607,2469,153,move
1787477153.5847,2480,150,move
1787477153.6053,2490,147,move
1787477153.6236,2499,143,move
1787477153.9754,2509,140,move
1787477153.9958,2516,142,move
1787477154.0143,2525,144,move
1787477154.0299,2533,145,move
1787477154.0463,2541,147,move
1787477154.0627,2549,147,move
1787477154.08,2556,149,move
1787477154.0995,2566,150,move
1787477154.1191,2572,152,move
1787477154.1405,2582,154,move
1787477154.1625,2590,155,move
1787477154.187,2597,158,move
1787477154.2064,2605,158,move
1787477154.2215,2614,161,move
1787477154.2715,2622,162,click_LEFT_press
1787477154.3515,2622,162,click_LEFT_release
1787477154.7155,2621,161,move
1787477154.7343,2622,163,move
1787477154.7517,2623,165,move
1787477154.7709,2624,166,move
1787477154.7909,2625,169,move
1787477154.8144,2626,172,move
1787477154.8339,2627,172,move
1787477154.8569,2627,174,move
1787477154.8777,2629,177,move
1787477154.8959,2628,179,move
1787477154.9152,2629,180,move
1787477154.9307,2631,182,move
1787477154.9483,2632,184,move
1787477154.971,2633,187,move
1787477155.7738,2633,188,move
1787477155.7956,2630,189,move
1787477155.8195,2625,190,move
1787477155.8414,2621,192,move
1787477155.8564,2618,193,move
1787477155.8731,2613,195,move
1787477155.8929,2609,195,move
1787477155.9149,2604,196,move
1787477155.9371,2601,197,move
1787477155.9603,2596,200,move
1787477155.9776,2593,200,move
1787477156.0004,2588,202,move
1787477156.0248,2584,204,move
1787477156.8029,2579,204,move
1787477156.8181,2568,192,move
1787477156.8363,2556,178,move
1787477156.8567,2543,165,move
1787477156.8813,2531,152,move
1787477156.897,2519,140,move
1787477156.9196,2507,127,move
1787477156.943,2493,113,move
1787477156.9606,2482,101,move
1787477156.9823,2470,87,move
1787477156.998,2458,74,move
1787477157.048,2446,62,click_LEFT_press
1787477157.128,2446,62,click_LEFT_release
1787477157.7866,2445,62,move
1787477157.8042,2455,55,move
1787477157.8222,2463,47,move
1787477157.8378,2473,39,move
1787477157.8531,2482,32,move
1787477157.8714,2492,25,move
1787477157.8874,2501,17,move
1787477157.9034,2511,9,move
1787477157.9238,2520,2,move
1787477157.9402,2529,-3,move
1787477157.9623,2538,-11,move
1787477157.9839,2547,-19,move
1787477158.0046,2557,-25,move
1787477158.0247,2567,-32,move
1787477158.0484,2574,-39,move
1787477158.7203,2584,-48,move
1787477158.7361,2579,-40,move
1787477158.7513,2575,-33,move
1787477158.7732,2568,-26,move
1787477158.7959,2563,-19,move
1787477158.8151,2557,-12,move
1787477158.8397,2553,-5,move
1787477158.8634,2547,0,move
1787477158.8797,2542,7,move
1787477158.8965,2536,14,move
1787477158.9201,2532,21,move
1787477158.9445,2525,29,move
1787477158.9614,2522,36,move
1787477159.6586,2516,42,move
1787477159.6754,2512,49,move
1787477159.693,2509,56,move
1787477159.7125,2507,64,move
1787477159.7323,2504,71,move
1787477159.7552,2501,77,move
1787477159.7704,2498,85,move
1787477159.79,2495,92,move
1787477159.8143,2492,99,move
1787477159.8341,2488,107,move
1787477159.8564,2485,114,move
1787477160.6382,2482,121,move
1787477160.6591,2485,129,move
1787477160.6822,2488,136,move
1787477160.7038,2489,143,move
1787477160.7193,2492,151,move
1787477160.735,2496,159,move
1787477160.7516,2498,167,move
1787477160.7702,2501,175,move
1787477160.7917,2501,182,move
1787477160.8157,2506,191,move
1787477160.8378,2507,196,move
1787477160.8565,2510,206,move
1787477160.8738,2513,214,move
1787477160.9238,2515,221,click_LEFT_press
1787477161.0038,2515,221,click_LEFT_release
1787477161.4422,2514,221,move
1787477161.4641,2516,223,move
1787477161.4798,2518,227,move
1787477161.5032,2519,231,move
1787477161.5281,2520,234,move
1787477161.5458,2522,237,move
1787477161.5691,2522,241,move
1787477161.593,2524,243,move
1787477161.6149,2526,246,move
1787477161.6322,2527,250,move
1787477161.6484,2529,252,move
1787477161.6729,2531,255,move
1787477161.6926,2531,259,move
1787477161.709,2532,263,move
1787477162.4279,2535,266,move
1787477162.4474,2523,275,move
1787477162.4644,2512,284,move
1787477162.4863,2501,294,move
1787477162.5032,2491,304,move
1787477162.5273,2479,313,move
1787477162.5479,2468,322,move
1787477162.5662,2456,332,move
1787477162.5897,2446,341,move
1787477162.6096,2435,350,move
1787477163.4289,2423,360,move
1787477163.4501,2423,365,move
1787477163.4656,2421,370,move
1787477163.4864,2419,376,move
1787477163.5109,2420,381,move
1787477163.5259,2417,386,move
1787477163.5466,2417,391,move
1787477163.5646,2415,395,move
1787477163.5819,2415,400,move
1787477163.6056,2413,405,move
1787477163.624,2412,410,move
1787477163.6419,2412,416,move
1787477163.6603,2410,421,move
1787477163.6778,2408,425,move
1787477164.1121,2407,430,move
1787477164.1289,2405,440,move
1787477164.1472,2401,452,move
1787477164.1639,2397,461,move
1787477164.1854,2395,471,move
1787477164.2053,2391,482,move
1787477164.2302,2389,492,move
1787477164.2478,2386,501,move
1787477164.2699,2381,511,move
1787477164.2856,2380,522,move
1787477164.3089,2377,533,move
1787477164.3239,2373,541,move
1787477164.3409,2369,552,move
1787477164.9202,2367,562,move
1787477164.9448,2361,555,move
1787477164.967,2358,549,move
1787477164.9858,2353,541,move
1787477165.0068,2349,535,move
1787477165.0317,2344,528,move
1787477165.0534,2340,520,move
1787477165.0708,2335,513,move
1787477165.0874,2331,506,move
1787477165.1117,2326,499,move
1787477165.1291,2322,493,move
1787477165.1466,2317,485,move
1787477165.1673,2313,478,move
1787477165.741,2310,471,move
1787477165.7647,2319,465,move
1787477165.782,2327,458,move
1787477165.7984,2337,451,move
1787477165.8194,2346,444,move
1787477165.8381,2355,437,move
1787477165.8597,2366,430,move
1787477165.8771,2375,424,move
1787477165.8958,2384,417,move
1787477165.9182,2392,409,move
1787477165.9335,2401,403,move
1787477165.9538,2410,396,move
1787477165.975,2419,389,move
1787477165.9955,2429,383,move
1787477166.0187,2439,375,move
1787477166.0687,2448,369,click_LEFT_press
1787477166.1487,2448,369,click_LEFT_release
1787477166.9625,2448,369,move
1787477166.9848,2441,370,move
1787477167.006,2434,371,move
1787477167.0286,2428,371,move
1787477167.0476,2422,372,move
1787477167.0656,2416,375,move
1787477167.0903,2408,376,move
1787477167.1088,2402,377,move
1787477167.124,2397,377,move
1787477167.1461,2390,379,move
1787477167.1638,2383,380,move
1787477167.1861,2378,380,move
1787477167.2056,2371,381,move
1787477167.23,2365,383,move
1787477167.251,2357,383,move
1787477167.7599,2352,385,move
1787477167.7759,2349,379,move
1787477167.8002,2349,373,move
1787477167.8184,2348,368,move
1787477167.8418,2347,361,move
1787477167.8604,2344,355,move
1787477167.8772,2343,349,move
1787477167.8938,2343,344,move
1787477167.9099,2341,339,move
1787477167.9274,2339,332,move
1787477167.9466,2338,327,move
1787477167.967,2336,321,move
1787477167.9901,2335,315,move
1787477168.0148,2334,310,move
1787477168.0387,2333,304,move
1787477168.8013,2331,297,move
1787477168.821,2335,302,move
1787477168.8384,2342,304,move
1787477168.861,2347,309,move
1787477168.8793,2351,312,move
1787477168.901,2356,314,move
1787477168.919,2361,318,move
1787477168.9405,2366,322,move
1787477168.9564,2371,326,move
1787477168.9788,2377,328,move
1787477169.0001,2380,331,move
1787477169.0236,2386,336,move
1787477169.0457,2392,339,move
1787477169.067,2396,342,move
1787477169.117,2402,346,click_LEFT_press
1787477169.197,2402,346,click_LEFT_release
1787477169.7773,2402,346,move
1787477169.7936,2390,348,move
1787477169.8106,2379,349,move
1787477169.8326,2366,351,move
1787477169.8549,2355,352,move
1787477169.8768,2344,354,move
1787477169.8983,2331,355,move
1787477169.9177,2319,357,move
1787477169.9354,2309,359,move
1787477169.955,2297,360,move
1787477170.5355,2285,362,move
1787477170.5545,2283,357,move
1787477170.5716,2279,351,move
1787477170.593,2275,346,move
1787477170.6149,2273,341,move
1787477170.6337,2269,335,move
1787477170.6501,2267,330,move
1787477170.6715,2263,324,move
1787477170.696,2261,318,move
1787477170.7203,2259,313,move
1787477170.7363,2255,308,move
1787477171.3485,2252,302,move
1787477171.3692,2256,300,move
1787477171.3899,2262,296,move
1787477171.4117,2267,293,move
1787477171.4288,2271,289,move
1787477171.4508,2277,287,move
1787477171.4725,2282,282,move
1787477171.4927,2287,279,move
1787477171.5122,2292,276,move
1787477171.5323,2297,272,move
1787477171.5487,2302,269,move
1787477171.5722,2307,266,move
1787477171.5955,2312,263,move
1787477171.6455,2318,260,click_LEFT_press
1787477171.7255,2318,260,click_LEFT_release
1787477172.3764,2317,259,move
1787477172.3973,2328,249,move
1787477172.419,2341,239,move
1787477172.4353,2351,230,move
1787477172.4524,2363,220,move
1787477172.476,2372,209,move
1787477172.4959,2385,200,move
1787477172.5119,2396,188,move
1787477172.5353,2407,178,move
1787477172.5538,2418,169,move
1787477172.576,2427,159,move
1787477172.5915,2439,148,move
1787477172.6155,2450,139,move
1787477173.2857,2462,129,move
1787477173.3049,2459,137,move
1787477173.3199,2456,144,move
1787477173.3359,2455,152,move
1787477173.3519,2450,158,move
1787477173.3757,2449,167,move
1787477173.3978,2446,173,move
1787477173.4193,2443,181,move
1787477173.4417,2440,190,move
1787477173.4582,2439,198,move
1787477173.9698,2436,205,move
1787477173.9849,2442,199,move
1787477174.0089,2448,193,move
1787477174.0259,2454,188,move
1787477174.0436,2461,182,move
1787477174.0614,2467,178,move
1787477174.0823,2474,172,move
1787477174.0996,2480,166,move
1787477174.1213,2487,161,move
1787477174.1379,2493,156,move
1787477174.1538,2500,150,move
1787477174.1781,2506,145,move
1787477174.194,2514,140,move
1787477174.2147,2520,135,move
1787477174.2332,2526,129,move
1787477174.5931,2533,123,move
1787477174.6125,2540,113,move
1787477174.6372,2547,100,move
1787477174.66,2553,90,move
1787477174.6847,2561,78,move
1787477174.7031,2569,66,move
1787477174.7204,2575,54,move
1787477174.7396,2583,42,move
1787477174.7548,2590,31,move
1787477174.77,2598,21,move
1787477174.7908,2606,8,move
1787477174.8069,2611,-2,move
1787477175.459,2620,-13,move
1787477175.483,2624,-16,move
1787477175.507,2628,-21,move
1787477175.5229,2631,-22,move
1787477175.542,2636,-26,move
1787477175.5585,2639,-30,move
1787477175.581,2642,-33,move
1787477175.6041,2648,-36,move
1787477175.6267,2651,-39,move
1787477175.6419,2655,-41,move
1787477175.6667,2658,-45,move
1787477175.6908,2663,-47,move
1787477175.7086,2666,-52,move
1787477176.2256,2670,-54,move
1787477176.2499,2661,-61,move
1787477176.2664,2655,-68,move
1787477176.2891,2645,-76,move
1787477176.3063,2638,-83,move
1787477176.3302,2629,-90,move
1787477176.347,2619,-97,move
1787477176.367,2612,-104,move
1787477176.3827,2603,-110,move
1787477176.4023,2596,-117,move
1787477176.4271,2587,-124,move
1787477176.4427,2577,-132,move
1787477176.4927,2570,-139,click_LEFT_press
1787477176.5727,2570,-139,click_LEFT_release
1787477177.0999,2569,-139,move
1787477177.1175,2580,-145,move
1787477177.1331,2590,-153,move
1787477177.1571,2601,-161,move
1787477177.176,2612,-169,move
1787477177.2001,2623,-175,move
1787477177.2199,2634,-183,move
1787477177.2382,2643,-191,move
1787477177.2535,2654,-199,move
1787477177.2693,2665,-206,move
1787477177.2866,2675,-214,move
1787477177.3024,2686,-220,move
1787477177.3241,2695,-229,move
1787477177.3488,2708,-236,move
1787477177.8312,2718,-244,move
1787477177.8463,2724,-238,move
1787477177.8621,2728,-231,move
1787477177.8805,2734,-224,move
1787477177.8989,2740,-218,move
1787477177.9156,2746,-213,move
1787477177.9345,2754,-206,move
1787477177.9502,2760,-200,move
1787477177.9687,2765,-193,move
1787477177.9866,2771,-188,move
1787477178.0078,2776,-181,move
1787477178.0578,2783,-175,click_LEFT_press
1787477178.1378,2783,-175,click_LEFT_release
1787477178.5328,2783,-175,move
1787477178.5526,2780,-184,move
1787477178.5727,2778,-194,move
1787477178.5952,2775,-204,move
1787477178.615,2773,-215,move
1787477178.6313,2770,-224,move
1787477178.6515,2768,-235,move
1787477178.6706,2766,-245,move
1787477178.6907,2765,-256,move
1787477178.7113,2762,-265,move
1787477178.7312,2759,-275,move
1787477178.7532,2757,-286,move
1787477178.7778,2755,-296,move
1787477178.7938,2753,-305,move
1787477179.1313,2749,-316,move
1787477179.1562,2747,-317,move
1787477179.1735,2746,-318,move
1787477179.192,2744,-320,move
1787477179.2081,2743,-321,move
1787477179.2284,2742,-323,move
1787477179.2519,2739,-325,move
1787477179.2716,2738,-326,move
1787477179.2913,2737,-327,move
1787477179.3108,2736,-329,move
1787477179.3263,2733,-329,move
1787477179.35,2732,-332,move
1787477179.3741,2731,-333,move
1787477179.3969,2728,-334,move
1787477179.4164,2727,-336,move
1787477179.4664,2726,-338,click_LEFT_press
1787477179.5464,2726,-338,click_LEFT_release
1787477180.2557,2725,-337,move
1787477180.2729,2732,-326,move
1787477180.2879,2741,-313,move
1787477180.3112,2747,-301,move
1787477180.3337,2756,-290,move
1787477180.3505,2763,-278,move
1787477180.3716,2771,-266,move
1787477180.3964,2778,-253,move
1787477180.4194,2785,-242,move
1787477180.4374,2793,-230,move
1787477180.4874,2802,-218,click_LEFT_press
1787477180.5674,2802,-218,click_LEFT_release
1787477181.1073,2802,-217,move
1787477181.1296,2790,-211,move
1787477181.1532,2779,-204,move
1787477181.1694,2767,-197,move
1787477181.185,2756,-191,move
1787477181.2054,2746,-184,move
1787477181.2278,2734,-177,move
1787477181.2482,2723,-169,move
1787477181.2635,2712,-163,move
1787477181.2813,2701,-156,move
1787477181.628,2689,-149,move
1787477181.648,2696,-152,move
1787477181.6706,2702,-156,move
1787477181.6873,2708,-158,move
1787477181.7038,2715,-161,move
1787477181.7226,2722,-163,move
1787477181.7469,2727,-166,move
1787477181.7665,2734,-168,move
1787477181.7828,2739,-171,move
1787477181.7992,2746,-175,move
1787477182.3394,2752,-178,move
1787477182.3625,2764,-182,move
1787477182.3847,2778,-185,move
1787477182.4061,2789,-188,move
1787477182.4282,2802,-193,move
1787477182.449,2814,-197,move
1787477182.4707,2826,-199,move
1787477182.4918,2840,-203,move
1787477182.5118,2851,-207,move
1787477182.5271,2864,-210,move
1787477182.5465,2875,-215,move
1787477183.0431,2889,-219,move
1787477183.0675,2888,-216,move
1787477183.0862,2889,-214,move
1787477183.1016,2889,-212,move
1787477183.1251,2889,-210,move
1787477183.1497,2889,-209,move
1787477183.1731,2889,-206,move
1787477183.1905,2889,-203,move
1787477183.2101,2890,-203,move
1787477183.2316,2891,-200,move
1787477183.2505,2889,-198,move
1787477183.2662,2890,-195,move
1787477183.7852,2890,-194,move
1787477183.8065,2880,-184,move
1787477183.8251,2870,-174,move
1787477183.8413,2861,-165,move
1787477183.8626,2850,-155,move
1787477183.8864,2841,-146,move
1787477183.9097,2831,-136,move
1787477183.9321,2821,-127,move
1787477183.9492,2811,-117,move
1787477183.9684,2800,-107,move
1787477183.9892,2790,-98,move
1787477184.012,2781,-89,move
1787477184.7282,2770,-79,move
1787477184.7469,2770,-82,move
1787477184.7712,2768,-87,move
1787477184.7942,2767,-91,move
1787477184.8184,2766,-98,move
1787477184.8365,2763,-101,move
1787477184.8569,2762,-106,move
1787477184.8786,2760,-110,move
1787477184.8968,2759,-115,move
1787477184.9207,2759,-121,move
1787477184.9371,2756,-123,move
1787477184.9558,2755,-128,move
1787477184.9722,2755,-134,move
1787477184.9922,2754,-138,move
1787477185.0422,2752,-143,click_LEFT_press
1787477185.1222,2752,-143,click_LEFT_release
1787477185.633,2751,-142,move
1787477185.6528,2752,-132,move
1787477185.6766,2754,-120,move
1787477185.7009,2756,-109,move
1787477185.7195,2758,-99,move
1787477185.7372,2760,-89,move
1787477185.7581,2761,-77,move
1787477185.781,2762,-67,move
1787477185.7983,2765,-56,move
1787477185.8165,2766,-46,move
1787477185.8409,2768,-35,move
1787477186.1946,2770,-24,move
1787477186.2194,2779,-22,move
1787477186.2442,2787,-21,move
1787477186.2667,2796,-19,move
1787477186.2877,2804,-19,move
1787477186.3048,2814,-17,move
1787477186.3283,2823,-17,move
1787477186.3509,2831,-15,move
1787477186.3662,2840,-13,move
1787477186.3838,2848,-12,move
1787477186.4,2858,-11,move
1787477186.4177,2865,-10,move
1787477186.437,2875,-8,move
1787477186.4571,2885,-7,move
1787477186.4765,2893,-6,move
1787477186.5265,2902,-5,click_LEFT_press
1787477186.6065,2902,-5,click_LEFT_release
1787477187.2712,2902,-5,move
1787477187.2904,2912,-6,move
1787477187.3149,2921,-9,move
1787477187.3327,2931,-10,move
1787477187.3573,2939,-13,move
1787477187.3762,2949,-16,move
1787477187.398,2959,-17,move
1787477187.4148,2967,-20,move
1787477187.4391,2977,-23,move
1787477187.4563,2985,-24,move
1787477187.4781,2996,-26,move
1787477187.4944,3004,-27,move
1787477187.5095,3014,-29,move
1787477187.5252,3024,-33,move
1787477187.5441,3033,-35,move
1787477187.5941,3043,-37,click_LEFT_press
1787477187.6741,3043,-37,click_LEFT_release
1787477188.1687,3042,-37,move
1787477188.1935,3049,-38,move
1787477188.2143,3057,-39,move
1787477188.2326,3062,-41,move
1787477188.2505,3069,-42,move
1787477188.269,3076,-44,move
1787477188.2929,3083,-47,move
1787477188.3155,3090,-48,move
1787477188.3404,3098,-49,move
1787477188.3557,3105,-51,move
1787477188.3803,3111,-52,move
1787477188.4026,3118,-55,move
1787477188.4526,3125,-56,click_LEFT_press
1787477188.5326,3125,-56,click_LEFT_release
1787477189.2638,3124,-56,move
1787477189.2825,3124,-49,move
1787477189.2981,3124,-41,move
1787477189.3191,3124,-35,move
1787477189.3351,3123,-27,move
1787477189.3592,3122,-20,move
1787477189.3774,3121,-12,move
1787477189.4005,3121,-5,move
1787477189.422,3120,2,move
1787477189.4414,3121,9,move
1787477189.8093,3119,15,move
1787477189.8246,3119,7,move
1787477189.8436,3121,-2,move
1787477189.86,3121,-14,move
1787477189.8779,3122,-22,move
1787477189.8973,3122,-34,move
1787477189.9149,3124,-43,move
1787477189.9363,3124,-53,move
1787477189.956,3124,-62,move
1787477189.9721,3126,-73,move
1787477189.9914,3126,-83,move
1787477190.0414,3127,-93,click_LEFT_press
1787477190.1214,3127,-93,click_LEFT_release
1787477190.8563,3127,-93,move
1787477190.8751,3126,-90,move
1787477190.8985,3128,-88,move
1787477190.9183,3129,-86,move
1787477190.9394,3129,-85,move
1787477190.9635,3130,-81,move
1787477190.9849,3131,-80,move
1787477191.0077,3132,-78,move
1787477191.0268,3133,-75,move
1787477191.0473,3132,-73,move
1787477191.0648,3134,-70,move
1787477191.089,3136,-69,move
1787477191.1094,3136,-67,move
1787477191.1319,3136,-65,move
1787477191.1488,3136,-62,move
1787477191.5997,3137,-61,move
1787477191.6235,3138,-62,move
1787477191.6406,3139,-62,move
1787477191.6635,3139,-66,move
1787477191.6865,3140,-67,move
1787477191.7102,3141,-67,move
1787477191.7313,3140,-68,move
1787477191.7472,3142,-70,move
1787477191.767,3142,-72,move
1787477191.7887,3143,-74,move
1787477191.8054,3144,-75,move
1787477191.8212,3143,-76,move
1787477191.8712,3145,-78,click_LEFT_press
1787477191.9512,3145,-78,click_LEFT_release
1787477192.6915,3145,-78,move
1787477192.7134,3150,-77,move
1787477192.7379,3157,-78,move
1787477192.7568,3162,-79,move
1787477192.7792,3168,-78,move
1787477192.7956,3175,-79,move
1787477192.8117,3181,-79,move
1787477192.832,3187,-79,move
1787477192.8561,3192,-79,move
1787477192.8811,3199,-80,move
1787477193.6785,3204,-80,move
1787477193.6992,3197,-66,move
1787477193.7224,3189,-55,move
1787477193.7431,3182,-42,move
1787477193.7629,3175,-30,move
1787477193.7781,3167,-16,move
1787477193.803,3159,-4,move
1787477193.8201,3152,7,move
1787477193.8447,3143,19,move
1787477193.8691,3135,32,move
1787477193.8866,3129,45,move
1787477194.5827,3120,57,move
1787477194.6007,3106,58,move
1787477194.621,3090,57,move
1787477194.639,3076,58,move
1787477194.657,3062,59,move
1787477194.6786,3047,59,move
1787477194.7031,3031,59,move
1787477194.7255,3016,59,move
1787477194.7495,3003,59,move
1787477194.7668,2987,60,move
1787477194.8168,2973,60,click_LEFT_press
1787477194.8968,2973,60,click_LEFT_release
1787477195.3265,2972,60,move
1787477195.343,2964,71,move
1787477195.3618,2956,84,move
1787477195.3805,2947,96,move
1787477195.3974,2939,108,move
1787477195.4149,2929,122,move
1787477195.4373,2921,133,move
1787477195.4594,2911,146,move
1787477195.4783,2903,157,move
1787477195.5005,2894,171,move
1787477196.1177,2886,182,move
1787477196.1338,2896,177,move
1787477196.1525,2905,171,move
1787477196.1772,2914,164,move
1787477196.1999,2924,157,move
1787477196.2224,2933,152,move
1787477196.2472,2944,145,move
1787477196.2716,2954,138,move
1787477196.2913,2965,131,move
1787477196.3145,2974,126,move
1787477196.3374,2983,120,move
1787477196.3598,2994,114,move
1787477196.3816,3003,107,move
1787477196.4005,3013,100,move
1787477196.9748,3022,95,move
1787477196.9904,3027,90,move
1787477197.0148,3031,85,move
1787477197.0356,3036,79,move
1787477197.0525,3040,76,move
1787477197.0714,3044,70,move
1787477197.0922,3050,65,move
1787477197.1141,3053,61,move
1787477197.1364,3058,57,move
1787477197.1562,3064,53,move
1787477197.1746,3067,48,move
1787477197.1939,3072,43,move
1787477197.2168,3076,38,move
1787477197.2395,3081,33,move
1787477197.7929,3085,29,move
1787477197.8128,3076,21,move
1787477197.832,3065,13,move
1787477197.8513,3055,7,move
1787477197.8673,3043,0,move
1787477197.8872,3033,-7,move
1787477197.9079,3023,-15,move
1787477197.9244,3013,-22,move
1787477197.9475,3001,-31,move
1787477197.9696,2991,-38,move
1787477197.9879,2980,-46,move
1787477198.6435,2970,-52,move
1787477198.6633,2973,-39,move
1787477198.6879,2975,-27,move
1787477198.7077,2978,-12,move
1787477198.7289,2980,0,move
1787477198.7468,2983,13,move
1787477198.7663,2983,26,move
1787477198.7826,2987,38,move
1787477198.8054,2988,51,move
1787477198.826,2991,65,move
1787477199.6211,2993,77,move
1787477199.644,3006,90,move
1787477199.6593,3018,103,move
1787477199.6766,3029,116,move
1787477199.6917,3042,129,move
1787477199.7108,3054,143,move
1787477199.7267,3066,156,move
1787477199.7451,3077,168,move
1787477199.7658,3090,182,move
1787477199.7819,3102,195,move
1787477200.3833,3113,208,move
1787477200.4036,3110,205,move
1787477200.4267,3106,202,move
1787477200.4489,3100,201,move
1787477200.4659,3096,198,move
1787477200.481,3092,195,move
1787477200.5053,3087,194,move
1787477200.5302,3084,192,move
1787477200.5519,3079,190,move
1787477200.5708,3075,187,move
1787477200.5944,3070,185,move
1787477200.6193,3067,183,move
1787477200.6401,3063,181,move
1787477201.1014,3059,179,move
1787477201.1185,3066,169,move
1787477201.1422,3075,158,move
1787477201.1616,3084,149,move
1787477201.1858,3092,138,move
1787477201.205,3101,129,move
1787477201.2263,3108,118,move
1787477201.2445,3116,108,move
1787477201.2655,3125,98,move
1787477201.2852,3134,89,move
1787477201.3042,3142,79,move
1787477201.3244,3150,69,move
1787477201.9837,3158,58,move
1787477202.0,3174,65,move
1787477202.0247,3186,72,move
1787477202.0479,3202,80,move
1787477202.0682,3216,87,move
1787477202.0927,3230,94,move
1787477202.1163,3245,101,move
1787477202.1355,3259,107,move
1787477202.1567,3274,116,move
1787477202.1784,3289,122,move
1787477202.9043,3302,130,move
1787477202.9259,3300,119,move
1787477202.9507,3297,108,move
1787477202.9675,3294,98,move
1787477202.9862,3292,86,move
1787477203.0048,3290,76,move
1787477203.0253,3287,66,move
1787477203.0477,3283,55,move
1787477203.07,3281,44,move
1787477203.0896,3279,33,move
1787477203.1051,3276,23,move
1787477203.123,3273,11,move
1787477203.1391,3270,1,move
1787477203.1631,3267,-8,move
1787477203.5399,3264,-19,move
1787477203.562,3264,-18,move
1787477203.5803,3261,-16,move
1787477203.6022,3258,-15,move
1787477203.6263,3257,-16,move
1787477203.6499,3256,-14,move
1787477203.6688,3254,-13,move
1787477203.6885,3252,-11,move
1787477203.7106,3251,-11,move
1787477203.7304,3248,-9,move
1787477203.7547,3246,-9,move
1787477203.7717,3245,-6,move
1787477204.4838,3242,-5,move
1787477204.5049,3245,0,move
1787477204.5256,3246,7,move
1787477204.5463,3248,15,move
1787477204.5623,3251,23,move
1787477204.5787,3252,30,move
1787477204.6025,3255,36,move
1787477204.6177,3256,44,move
1787477204.6401,3258,51,move
1787477204.6553,3260,57,move
1787477204.7053,3262,65,click_LEFT_press
1787477204.7853,3262,65,click_LEFT_release
1787477205.5048,3261,64,move
1787477205.5281,3260,68,move
1787477205.5468,3261,71,move
1787477205.5666,3261,74,move
1787477205.5833,3261,77,move
1787477205.604,3259,81,move
1787477205.6191,3260,83,move
1787477205.644,3259,86,move
1787477205.6645,3259,90,move
1787477205.6837,3258,94,move
1787477205.702,3258,97,move
1787477205.722,3258,99,move
1787477205.772,3258,104,click_LEFT_press
1787477205.852,3258,104,click_LEFT_release
1787477206.4198,3257,103,move
1787477206.4406,3259,103,move
1787477206.461,3262,104,move
1787477206.4807,3265,103,move
1787477206.4962,3267,102,move
1787477206.5196,3269,101,move
1787477206.5428,3271,100,move
1787477206.5593,3274,100,move
1787477206.5798,3275,99,move
1787477206.6045,3277,99,move
1787477206.6273,3279,100,move
1787477206.6432,3283,99,move
1787477206.6612,3285,98,move
1787477207.2876,3287,98,move
1787477207.3056,3297,105,move
1787477207.3276,3309,111,move
1787477207.3469,3320,117,move
1787477207.3631,3331,124,move
1787477207.3804,3342,129,move
1787477207.4036,3353,135,move
1787477207.4232,3363,143,move
1787477207.445,3374,148,move
1787477207.4606,3386,153,move
1787477207.4803,3397,161,move
1787477207.5008,3408,166,move
1787477208.1745,3418,173,move
1787477208.1937,3411,180,move
1787477208.2187,3402,188,move
1787477208.2351,3395,197,move
1787477208.26,3387,204,move
1787477208.2816,3380,212,move
1787477208.3065,3373,219,move
1787477208.3306,3365,228,move
1787477208.3535,3356,235,move
1787477208.3714,3348,243,move
1787477208.3885,3340,250,move
1787477208.4044,3332,258,move
1787477209.1029,3326,267,move
1787477209.1228,3330,257,move
1787477209.1478,3335,248,move
1787477209.1649,3340,240,move
1787477209.1814,3344,231,move
1787477209.1994,3349,222,move
1787477209.2226,3353,212,move
1787477209.2465,3359,202,move
1787477209.2657,3363,193,move
1787477209.2879,3367,184,move
1787477209.304,3372,175,move
1787477209.3235,3377,166,move
1787477209.3419,3382,158,move
1787477209.3603,3386,147,move
1787477209.3838,3393,139,move
1787477209.4338,3397,130,click_LEFT_press
1787477209.5138,3397,130,click_LEFT_release
1787477210.0563,3397,130,move
1787477210.0802,3405,130,move
1787477210.1027,3414,129,move
1787477210.1232,3422,128,move
1787477210.1387,3433,129,move
1787477210.1614,3441,129,move
1787477210.1831,3450,129,move
1787477210.2043,3457,127,move
1787477210.2291,3468,127,move
1787477210.249,3476,127,move
1787477210.2721,3484,127,move
1787477210.3221,3494,127,click_LEFT_press
1787477210.4021,3494,127,click_LEFT_release
1787477211.143,3494,126,move
1787477211.1633,3488,122,move
1787477211.1813,3481,119,move
1787477211.2056,3474,115,move
1787477211.2221,3467,111,move
1787477211.2442,3461,106,move
1787477211.2657,3453,104,move
1787477211.2895,3448,99,move
1787477211.3097,3442,95,move
1787477211.33,3435,92,move
1787477211.3453,3427,88,move
1787477211.3702,3422,85,move
1787477211.3941,3414,80,move
1787477211.4189,3408,76,move
1787477211.9686,3401,72,move
1787477211.9889,3408,62,move
1787477212.0135,3413,51,move
1787477212.0303,3419,40,move
1787477212.0489,3424,27,move
1787477212.0661,3431,16,move
1787477212.0893,3435,5,move
1787477212.1097,3441,-5,move
1787477212.1261,3446,-16,move
1787477212.1441,3453,-26,move
1787477212.8371,3459,-38,move
1787477212.8535,3466,-50,move
1787477212.8725,3476,-61,move
1787477212.896,3483,-74,move
1787477212.9125,3493,-84,move
1787477212.9331,3501,-94,move
1787477212.9523,3509,-107,move
1787477212.9718,3519,-118,move
1787477212.9927,3528,-130,move
1787477213.0175,3536,-142,move
1787477213.0374,3545,-153,move
1787477213.0577,3553,-164,move
1787477213.0827,3561,-175,move
1787477213.6424,3569,-186,move
1787477213.6631,3570,-195,move
1787477213.6802,3570,-203,move
1787477213.6974,3570,-214,move
1787477213.7158,3571,-221,move
1787477213.7335,3573,-231,move
1787477213.7575,3573,-239,move
1787477213.7821,3573,-250,move
1787477213.7993,3574,-258,move
1787477213.8143,3574,-267,move
1787477213.8322,3575,-276,move
1787477214.2891,3576,-285,move
1787477214.305,3567,-282,move
1787477214.3227,3557,-280,move
1787477214.3416,3550,-280,move
1787477214.3599,3541,-278,move
1787477214.3763,3533,-276,move
1787477214.3995,3523,-274,move
1787477214.4214,3514,-272,move
1787477214.446,3505,-270,move
1787477214.4689,3497,-268,move
1787477214.4911,3488,-267,move
1787477214.5098,3481,-264,move
1787477214.5271,3471,-262,move
1787477214.55,3463,-261,move
1787477214.5741,3455,-259,move
1787477215.1169,3445,-258,move
1787477215.1411,3436,-272,move
1787477215.1572,3425,-288,move
1787477215.1761,3414,-301,move
1787477215.1957,3403,-316,move
1787477215.2178,3394,-330,move
1787477215.2333,3383,-345,move
1787477215.2554,3372,-359,move
1787477215.2785,3362,-373,move
1787477215.2951,3351,-390,move
1787477216.0973,3341,-404,move
1787477216.1144,3336,-405,move
1787477216.1357,3332,-406,move
1787477216.1597,3327,-409,move
1787477216.1768,3324,-411,move
1787477216.1988,3318,-411,move
1787477216.221,3314,-414,move
1787477216.2424,3310,-415,move
1787477216.2581,3305,-416,move
1787477216.2752,3302,-417,move
1787477216.2906,3296,-420,move
1787477216.3068,3292,-421,move
1787477216.326,3289,-422,move
1787477216.376,3284,-424,click_LEFT_press
1787477216.456,3284,-424,click_LEFT_release
1787477216.8459,3284,-424,move
1787477216.8665,3277,-435,move
1787477216.8901,3274,-446,move
1787477216.9071,3267,-459,move
1787477216.9277,3263,-469,move
1787477216.9526,3256,-480,move
1787477216.9715,3252,-491,move
1787477216.9901,3248,-504,move
1787477217.0115,3241,-515,move
1787477217.0299,3237,-525,move
1787477217.0545,3232,-537,move
1787477217.1045,3226,-549,click_LEFT_press
1787477217.1845,3226,-549,click_LEFT_release
1787477217.9729,3226,-548,move
1787477217.9917,3231,-548,move
1787477218.0128,3238,-551,move
1787477218.0326,3242,-549,move
1787477218.0575,3247,-550,move
1787477218.0799,3254,-551,move
1787477218.104,3260,-553,move
1787477218.1261,3264,-552,move
1787477218.1415,3271,-553,move
1787477218.1576,3276,-555,move
1787477218.178,3281,-555,move
1787477218.1931,3287,-555,move
1787477218.2121,3294,-556,move
1787477218.9966,3299,-557,move
1787477219.0191,3288,-543,move
1787477219.0392,3279,-532,move
1787477219.0595,3269,-518,move
1787477219.0757,3259,-505,move
1787477219.097,3250,-493,move
1787477219.1138,3240,-480,move
1787477219.134,3229,-467,move
1787477219.1565,3220,-455,move
1787477219.1767,3210,-442,move
1787477219.2267,3201,-429,click_LEFT_press
1787477219.3067,3201,-429,click_LEFT_release
1787477219.9069,3201,-428,move
1787477219.9254,3190,-431,move
1787477219.9476,3182,-434,move
1787477219.9717,3172,-437,move
1787477219.9912,3163,-441,move
1787477220.0102,3154,-443,move
1787477220.028,3144,-447,move
1787477220.0521,3134,-449,move
1787477220.0708,3125,-453,move
1787477220.0931,3116,-456,move
1787477220.1134,3107,-459,move
1787477220.1315,3097,-462,move
1787477220.1528,3087,-465,move
1787477220.8213,3079,-467,move
1787477220.8437,3075,-461,move
1787477220.8649,3070,-456,move
1787477220.8827,3064,-449,move
1787477220.9029,3061,-442,move
1787477220.9256,3057,-437,move
1787477220.9428,3052,-430,move
1787477220.9636,3048,-425,move
1787477220.9789,3044,-418,move
1787477221.003,3039,-412,move
1787477221.0199,3033,-405,move
1787477221.0433,3030,-399,move
1787477221.0624,3025,-393,move
1787477221.1124,3021,-387,click_LEFT_press
1787477221.1924,3021,-387,click_LEFT_release
1787477221.6162,3020,-386,move
1787477221.6373,3028,-388,move
1787477221.6602,3035,-389,move
1787477221.6818,3043,-390,move
1787477221.6977,3049,-391,move
1787477221.7163,3056,-392,move
1787477221.7389,3065,-394,move
1787477221.7571,3072,-395,move
1787477221.7751,3079,-396,move
1787477221.795,3087,-397,move
1787477221.8122,3093,-399,move
1787477221.8304,3101,-399,move
1787477221.8804,3109,-401,click_LEFT_press
1787477221.9604,3109,-401,click_LEFT_release
1787477222.5254,3108,-401,move
1787477222.5464,3101,-411,move
1787477222.5683,3095,-421,move
1787477222.5856,3088,-431,move
1787477222.6048,3080,-441,move
1787477222.627,3073,-450,move
1787477222.6486,3066,-461,move
1787477222.6638,3058,-470,move
1787477222.6821,3053,-480,move
1787477222.7055,3044,-491,move
1787477222.7234,3038,-500,move
1787477222.7398,3032,-511,move
1787477222.7645,3023,-520,move
1787477223.3937,3017,-531,move
1787477223.4087,3024,-528,move
1787477223.4267,3032,-525,move
1787477223.445,3041,-522,move
1787477223.4612,3048,-521,move
1787477223.4798,3055,-517,move
1787477223.501,3065,-515,move
1787477223.5164,3071,-512,move
1787477223.5348,3079,-509,move
1787477223.557,3088,-508,move
1787477223.5735,3095,-505,move
1787477223.6235,3104,-502,click_LEFT_press
1787477223.7035,3104,-502,click_LEFT_release
1787477224.3048,3104,-502,move
1787477224.3248,3096,-494,move
1787477224.3421,3086,-486,move
1787477224.3667,3077,-477,move
1787477224.389,3069,-468,move
1787477224.4138,3060,-461,move
1787477224.437,3053,-452,move
1787477224.4612,3043,-443,move
1787477224.4839,3035,-437,move
1787477224.5065,3026,-428,move
1787477224.5227,3018,-420,move
1787477224.544,3010,-411,move
1787477224.8956,3000,-404,move
1787477224.9164,3000,-398,move
1787477224.9412,3001,-393,move
1787477224.9601,2999,-387,move
1787477224.9773,2999,-382,move
1787477224.9992,2999,-377,move
1787477225.0233,2998,-372,move
1787477225.0411,2997,-366,move
1787477225.0633,2997,-362,move
1787477225.0817,2997,-356,move
1787477225.0977,2997,-350,move
1787477225.1218,2995,-345,move
1787477225.1448,2997,-339,move
1787477225.488,2996,-335,move
1787477225.5116,2986,-333,move
1787477225.5266,2976,-332,move
1787477225.5422,2966,-330,move
1787477225.5648,2955,-329,move
1787477225.5811,2944,-329,move
1787477225.6008,2936,-326,move
1787477225.6205,2926,-325,move
1787477225.644,2914,-324,move
1787477225.6634,2904,-323,move
1787477225.6791,2896,-321,move
1787477225.7003,2884,-320,move
1787477225.7197,2875,-319,move
1787477225.7697,2865,-318,click_LEFT_press
1787477225.8497,2865,-318,click_LEFT_release
1787477226.3145,2864,-318,move
1787477226.3393,2868,-312,move
1787477226.3545,2869,-306,move
1787477226.3775,2872,-302,move
1787477226.4018,2875,-295,move
1787477226.4168,2876,-291,move
1787477226.4399,2879,-284,move
1787477226.4583,2882,-279,move
1787477226.4735,2885,-274,move
1787477226.4932,2887,-268,move
1787477226.5092,2888,-263,move
1787477226.5295,2890,-257,move
1787477226.547,2892,-251,move
1787477226.597,2896,-246,click_LEFT_press
1787477226.677,2896,-246,click_LEFT_release
1787477227.3871,2895,-245,move
1787477227.4061,2903,-255,move
1787477227.4265,2910,-264,move
1787477227.4514,2917,-275,move
1787477227.4679,2924,-285,move
1787477227.4856,2930,-293,move
1787477227.5019,2937,-303,move
1787477227.5199,2944,-312,move
1787477227.5371,2951,-322,move
1787477227.557,2957,-331,move
1787477227.5802,2965,-341,move
1787477227.6302,2972,-351,click_LEFT_press
1787477227.7102,2972,-351,click_LEFT_release
1787477228.0391,2972,-350,move
1787477228.0638,2963,-345,move
1787477228.0842,2955,-339,move
1787477228.1018,2946,-334,move
1787477228.1247,2937,-329,move
1787477228.1474,2929,-322,move
1787477228.1702,2921,-317,move
1787477228.1914,2913,-313,move
1787477228.2118,2903,-307,move
1787477228.2299,2895,-301,move
1787477228.2536,2886,-295,move
1787477228.2713,2878,-290,move
1787477228.2947,2870,-284,move
1787477228.3107,2862,-279,move
1787477228.3266,2852,-273,move
1787477229.115,2843,-269,move
1787477229.1335,2851,-272,move
1787477229.1558,2857,-278,move
1787477229.1731,2865,-283,move
1787477229.1912,2872,-288,move
1787477229.211,2878,-292,move
1787477229.2281,2885,-297,move
1787477229.2502,2892,-302,move
1787477229.2745,2899,-305,move
1787477229.2907,2907,-310,move
1787477229.3074,2913,-315,move
1787477229.3297,2920,-320,move
1787477230.1302,2928,-324,move
1787477230.1538,2918,-312,move
1787477230.1775,2911,-302,move
1787477230.1972,2901,-289,move
1787477230.2193,2893,-277,move
1787477230.2409,2885,-265,move
1787477230.2574,2876,-254,move
1787477230.2741,2867,-241,move
1787477230.2979,2859,-229,move
1787477230.3198,2849,-218,move
1787477230.3698,2842,-206,click_LEFT_press
1787477230.4498,2842,-206,click_LEFT_release
1787477231.1072,2841,-205,move
1787477231.1235,2847,-202,move
1787477231.1426,2852,-196,move
1787477231.1632,2857,-190,move
1787477231.1872,2862,-187,move
1787477231.2089,2868,-181,move
1787477231.2326,2873,-176,move
1787477231.253,2877,-173,move
1787477231.2763,2883,-166,move
1787477231.3,2887,-162,move
1787477231.317,2893,-158,move
1787477231.3345,2896,-152,move
1787477231.3539,2902,-147,move
1787477231.3719,2908,-142,move
1787477231.3879,2913,-138,move
1787477231.8124,2918,-134,move
1787477231.8366,2926,-130,move
1787477231.8581,2933,-124,move
1787477231.877,2942,-121,move
1787477231.9005,2951,-116,move
1787477231.9188,2958,-112,move
1787477231.935,2967,-107,move
1787477231.953,2974,-103,move
1787477231.9755,2984,-99,move
1787477231.9966,2992,-96,move
1787477232.0153,3000,-92,move
1787477232.0372,3007,-86,move
1787477232.0621,3016,-84,move
1787477232.0777,3024,-79,move
1787477232.1013,3033,-75,move
1787477232.8804,3040,-70,move
1787477232.8968,3032,-68,move
1787477232.919,3024,-65,move
1787477232.941,3015,-63,move
1787477232.9586,3006,-59,move
1787477232.9784,2999,-57,move
1787477232.9948,2990,-54,move
1787477233.0162,2982,-50,move
1787477233.0359,2973,-48,move
1787477233.057,2966,-46,move
1787477233.0803,2957,-42,move
1787477233.1017,2948,-39,move
1787477233.1231,2940,-36,move
1787477233.1437,2932,-35,move
1787477233.1626,2925,-31,move
1787477233.8094,2915,-28,move
1787477233.8259,2918,-27,move
1787477233.8447,2917,-27,move
1787477233.8628,2919,-25,move
1787477233.886,2921,-24,move
1787477233.9086,2922,-22,move
1787477233.9309,2923,-21,move
1787477233.9516,2926,-20,move
1787477233.9696,2926,-20,move
1787477233.9919,2928,-17,move
1787477234.014,2928,-17,move
1787477234.0386,2931,-16,move
1787477234.0615,2931,-15,move
1787477234.0827,2932,-14,move
1787477234.5586,2935,-13,move
1787477234.5831,2934,-22,move
1787477234.5987,2934,-33,move
1787477234.6236,2935,-43,move
1787477234.6477,2934,-52,move
1787477234.6667,2933,-62,move
1787477234.6896,2934,-71,move
1787477234.7049,2933,-82,move
1787477234.7199,2935,-92,move
1787477234.7448,2934,-102,move
1787477234.7643,2933,-113,move
1787477234.7796,2934,-122,move
1787477234.7977,2933,-132,move
1787477234.819,2933,-141,move
1787477234.838,2933,-151,move
1787477235.5015,2934,-161,move
1787477235.5212,2929,-158,move
1787477235.5394,2924,-157,move
1787477235.5642,2920,-154,move
1787477235.5817,2916,-151,move
1787477235.6017,2910,-149,move
1787477235.6218,2906,-147,move
1787477235.6455,2901,-143,move
1787477235.6676,2896,-141,move
1787477235.6889,2892,-139,move
1787477235.7054,2888,-136,move
1787477235.7251,2882,-133,move
1787477235.7497,2879,-131,move
1787477235.7708,2873,-129,move
1787477235.8208,2870,-126,click_LEFT_press
1787477235.9008,2870,-126,click_LEFT_release
1787477236.6372,2870,-125,move
1787477236.6586,2881,-115,move
1787477236.6819,2892,-104,move
1787477236.6983,2906,-94,move
1787477236.7181,2916,-84,move
1787477236.7399,2928,-74,move
1787477236.7602,2941,-62,move
1787477236.7778,2952,-52,move
1787477236.7952,2965,-42,move
1787477236.8113,2976,-32,move
1787477236.8267,2988,-20,move
1787477236.8462,2999,-9,move
1787477237.4717,3012,0,move
1787477237.4938,3025,11,move
1787477237.5102,3039,22,move
1787477237.5343,3051,34,move
1787477237.5527,3065,44,move
1787477237.5684,3080,57,move
1787477237.5934,3092,68,move
1787477237.6182,3106,80,move
1787477237.6355,3119,91,move
1787477237.6552,3133,104,move
1787477237.6776,3147,113,move
1787477237.7276,3160,126,click_LEFT_press
1787477237.8076,3160,126,click_LEFT_release
1787477238.3599,3159,125,move
1787477238.3784,3166,130,move
1787477238.3966,3171,134,move
1787477238.414,3176,138,move
1787477238.4314,3182,142,move
1787477238.4478,3188,149,move
1787477238.4705,3193,152,move
1787477238.4866,3201,157,move
1787477238.5094,3205,162,move
1787477238.5309,3210,165,move
1787477238.5524,3216,171,move
1787477238.9555,3222,175,move
1787477238.9748,3228,175,move
1787477238.9992,3233,176,move
1787477239.0235,3239,178,move
1787477239.0444,3245,178,move
1787477239.0656,3250,180,move
1787477239.0831,3255,181,move
1787477239.1004,3260,182,move
1787477239.1218,3266,183,move
1787477239.1377,3270,184,move
1787477239.1579,3277,184,move
1787477239.1808,3283,185,move
1787477239.1972,3287,187,move
1787477239.2173,3293,188,move
1787477239.8503,3299,188,move
1787477239.866,3293,185,move
1787477239.8822,3289,180,move
1787477239.9014,3283,176,move
1787477239.9239,3277,173,move
1787477239.948,3274,169,move
1787477239.9668,3267,165,move
1787477239.9911,3262,160,move
1787477240.0143,3258,157,move
1787477240.0364,3252,152,move
1787477240.0557,3247,149,move
1787477240.0751,3241,144,move
1787477240.0969,3237,140,move
1787477240.1469,3232,137,click_LEFT_press
1787477240.2269,3232,137,click_LEFT_release
1787477240.6471,3232,136,move
1787477240.6675,3234,146,move
1787477240.684,3235,158,move
1787477240.699,3237,168,move
1787477240.7231,3238,178,move
1787477240.7396,3239,190,move
1787477240.7591,3241,200,move
1787477240.7834,3242,211,move
1787477240.8081,3242,222,move
1787477240.8317,3244,233,move
1787477240.8486,3246,243,move
1787477240.8664,3248,253,move
1787477240.8838,3250,264,move
1787477240.903,3250,275,move
1787477241.3523,3252,285,move
1787477241.3713,3256,277,move
1787477241.3865,3260,268,move
1787477241.4045,3266,260,move
1787477241.4246,3270,249,move
1787477241.4418,3274,240,move
1787477241.4626,3279,232,move
1787477241.485,3282,224,move
1787477241.5018,3289,215,move
1787477241.5198,3292,207,move
1787477241.5387,3296,197,move
1787477241.5615,3301,188,move
1787477241.5793,3306,180,move
1787477241.6293,3311,171,click_LEFT_press
1787477241.7093,3311,171,click_LEFT_release
1787477242.4127,3311,171,move
1787477242.4366,3322,179,move
1787477242.4569,3332,187,move
1787477242.4741,3343,195,move
1787477242.4928,3354,203,move
1787477242.5111,3365,211,move
1787477242.5353,3377,220,move
1787477242.558,3388,227,move
1787477242.5755,3400,236,move
1787477242.596,3410,243,move
1787477242.646,3422,252,click_LEFT_press
1787477242.726,3422,252,click_LEFT_release
1787477243.3955,3421,252,move
1787477243.4151,3429,242,move
1787477243.4314,3437,234,move
1787477243.4478,3446,223,move
1787477243.4695,3454,215,move
1787477243.4855,3462,206,move
1787477243.503,3471,196,move
1787477243.52,3480,186,move
1787477243.5443,3488,176,move
1787477243.5608,3496,168,move
1787477243.5815,3503,157,move
1787477243.5979,3512,150,move
1787477243.6175,3521,140,move
1787477243.6404,3528,129,move
1787477243.6634,3536,122,move
1787477243.7134,3545,112,click_LEFT_press
1787477243.7934,3545,112,click_LEFT_release
1787477244.2371,3545,111,move
1787477244.2555,3554,111,move
1787477244.2738,3564,113,move
1787477244.2917,3573,113,move
1787477244.3163,3583,113,move
1787477244.3318,3594,112,move
1787477244.3522,3602,114,move
1787477244.3742,3612,114,move
1787477244.3954,3622,115,move
1787477244.4143,3631,114,move
1787477244.4304,3641,115,move
1787477244.4457,3651,116,move
1787477244.4643,3660,116,move
1787477244.4845,3670,116,move
1787477244.5345,3680,117,click_LEFT_press
1787477244.6145,3680,117,click_LEFT_release
1787477245.3942,3680,116,move
1787477245.4156,3686,114,move
1787477245.4335,3696,110,move
1787477245.4563,3703,107,move
1787477245.4801,3710,104,move
1787477245.4988,3718,102,move
1787477245.5196,3727,97,move
1787477245.5421,3733,96,move
1787477245.5597,3742,92,move
1787477245.5764,3748,89,move
1787477245.5946,3757,85,move
1787477245.6124,3764,82,move
1787477245.6301,3773,80,move
1787477245.652,3780,77,move
1787477245.702,3788,74,click_LEFT_press
1787477245.782,3788,74,click_LEFT_release
1787477246.5486,3788,73,move
1787477246.5647,3790,65,move
1787477246.5855,3794,56,move
1787477246.6041,3797,47,move
1787477246.6213,3801,38,move
1787477246.6369,3805,29,move
1787477246.6555,3809,21,move
1787477246.6763,3811,13,move
1787477246.6922,3815,3,move
1787477246.7084,3819,-4,move
1787477246.7327,3823,-13,move
1787477246.7529,3826,-21,move
1787477246.7755,3830,-30,move
1787477247.3524,3832,-39,move
1787477247.3735,3832,-51,move
1787477247.3961,3829,-63,move
1787477247.4179,3829,-74,move
1787477247.434,3827,-88,move
1787477247.4502,3826,-100,move
1787477247.4695,3825,-112,move
1787477247.4922,3823,-123,move
1787477247.5153,3822,-136,move
1787477247.5335,3820,-148,move
1787477247.552,3818,-159,move
1787477247.57,3818,-173,move
1787477247.62,3816,-185,click_LEFT_press
1787477247.7,3816,-185,click_LEFT_release
1787477248.2175,3816,-185,move
1787477248.2417,3825,-188,move
1787477248.2633,3836,-192,move
1787477248.281,3848,-196,move
1787477248.2981,3857,-200,move
1787477248.3167,3868,-203,move
1787477248.3365,3878,-207,move
1787477248.3558,3890,-212,move
1787477248.3797,3899,-216,move
1787477248.3966,3910,-219,move
1787477248.4176,3921,-223,move
1787477248.4329,3931,-228,move
1787477249.2196,3942,-230,move
1787477249.242,3950,-239,move
1787477249.2659,3956,-246,move
1787477249.2879,3963,-255,move
1787477249.3109,3971,-263,move
1787477249.3262,3978,-270,move
1787477249.345,3986,-277,move
1787477249.362,3993,-286,move
1787477249.3808,4001,-294,move
1787477249.4025,4008,-302,move
1787477249.4263,4014,-310,move
1787477249.4501,4021,-317,move
1787477249.4653,4030,-326,move
1787477249.4877,4037,-333,move
1787477249.5126,4045,-342,move
1787477249.9567,4051,-349,move
1787477249.9808,4052,-365,move
1787477250.0001,4053,-380,move
1787477250.0189,4054,-394,move
1787477250.039,4056,-409,move
1787477250.0566,4057,-424,move
1787477250.0733,4058,-440,move
1787477250.0925,4060,-455,move
1787477250.1097,4060,-469,move
1787477250.132,4061,-484,move
1787477250.8798,4062,-499,move
1787477250.9035,4072,-502,move
1787477250.9233,4083,-506,move
1787477250.9452,4091,-511,move
1787477250.9632,4102,-514,move
1787477250.985,4112,-518,move
1787477251.0006,4121,-523,move
1787477251.017,4130,-527,move
1787477251.0321,4140,-529,move
1787477251.0546,4151,-534,move
1787477251.0772,4159,-538,move
1787477251.0931,4171,-542,move
1787477251.7568,4180,-545,move
1787477251.7793,4174,-545,move
1787477251.7985,4168,-542,move
1787477251.8197,4163,-541,move
1787477251.8365,4156,-537,move
1787477251.8532,4151,-536,move
1787477251.8748,4145,-535,move
1787477251.8961,4140,-532,move
1787477251.9162,4133,-530,move
1787477251.9351,4129,-528,move
1787477251.9851,4123,-527,click_LEFT_press
1787477252.0651,4123,-527,click_LEFT_release
1787477252.7462,4122,-526,move
1787477252.7652,4116,-517,move
1787477252.7818,4108,-506,move
1787477252.8064,4101,-498,move
1787477252.8254,4094,-488,move
1787477252.8457,4086,-476,move
1787477252.8675,4081,-467,move
1787477252.8915,4073,-457,move
1787477252.9148,4066,-447,move
1787477252.9332,4058,-438,move
1787477252.9561,4053,-428,move
1787477253.0061,4045,-418,click_LEFT_press
1787477253.0861,4045,-418,click_LEFT_release
1787477253.6194,4045,-417,move
1787477253.6403,4047,-409,move
1787477253.6556,4048,-400,move
1787477253.6785,4049,-392,move
1787477253.6995,4052,-383,move
1787477253.7164,4054,-374,move
1787477253.7402,4056,-365,move
1787477253.7582,4058,-355,move
1787477253.777,4059,-347,move
1787477253.7932,4062,-339,move
1787477253.8118,4062,-329,move
1787477253.8292,4065,-320,move
1787477253.8539,4066,-312,move
1787477253.8741,4070,-303,move
1787477253.899,4070,-295,move
1787477253.949,4073,-286,click_LEFT_press
1787477254.029,4073,-286,click_LEFT_release
1787477254.438,4072,-286,move
1787477254.4606,4070,-282,move
1787477254.4844,4066,-279,move
1787477254.5027,4061,-277,move
1787477254.5269,4058,-274,move
1787477254.5493,4055,-271,move
1787477254.5739,4051,-269,move
1787477254.591,4048,-265,move
1787477254.6065,4044,-264,move
1787477254.625,4040,-261,move
1787477254.6416,4036,-258,move
1787477254.6586,4032,-255,move
1787477255.1523,4030,-252,move
1787477255.1749,4019,-258,move
1787477255.1928,4009,-263,move
1787477255.2163,3998,-269,move
1787477255.2404,3987,-275,move
1787477255.2562,3976,-281,move
1787477255.2792,3966,-288,move
1787477255.297,3956,-292,move
1787477255.3215,3946,-299,move
1787477255.3423,3936,-305,move
1787477255.3608,3925,-311,move
1787477255.4108,3915,-317,click_LEFT_press
1787477255.4908,3915,-317,click_LEFT_release
1787477255.9808,3915,-317,move
1787477256.0006,3908,-316,move
1787477256.0214,3901,-317,move
1787477256.04,3894,-319,move
1787477256.0637,3888,-320,move
1787477256.0872,3882,-320,move
1787477256.1102,3875,-322,move
1787477256.126,3868,-323,move
1787477256.1453,3861,-323,move
1787477256.1664,3853,-323,move
1787477256.8275,3848,-325,move
1787477256.8493,3851,-312,move
1787477256.8717,3857,-300,move
1787477256.8875,3862,-289,move
1787477256.9062,3865,-277,move
1787477256.9278,3871,-264,move
1787477256.9446,3874,-253,move
1787477256.9601,3880,-240,move
1787477256.9786,3884,-230,move
1787477257.0028,3887,-218,move
1787477257.4778,3893,-205,move
1787477257.5003,3893,-211,move
1787477257.5224,3897,-217,move
1787477257.545,3898,-222,move
1787477257.5685,3899,-228,move
1787477257.5845,3902,-233,move
1787477257.6085,3903,-239,move
1787477257.6281,3905,-245,move
1787477257.6503,3908,-250,move
1787477257.6709,3910,-255,move
1787477257.6868,3911,-262,move
1787477257.7068,3913,-267,move
1787477257.728,3915,-273,move
1787477257.7442,3918,-278,move
1787477258.2833,3919,-283,move
1787477258.3014,3924,-285,move
1787477258.3258,3929,-287,move
1787477258.3453,3935,-288,move
1787477258.3622,3940,-290,move
1787477258.3802,3946,-292,move
1787477258.4028,3952,-295,move
1787477258.4267,3955,-296,move
1787477258.4481,3962,-297,move
1787477258.4716,3967,-300,move
1787477258.4956,3973,-301,move
1787477258.5184,3977,-303,move
1787477258.5412,3983,-305,move
1787477258.5606,3988,-307,move
1787477258.9246,3994,-309,move
1787477258.9462,4002,-306,move
1787477258.9612,4011,-303,move
1787477258.9797,4020,-301,move
1787477258.9961,4028,-299,move
1787477259.019,4035,-297,move
1787477259.0361,4045,-294,move
1787477259.0579,4054,-292,move
1787477259.0777,4061,-289,move
1787477259.0941,4070,-288,move
1787477259.4351,4078,-285,move
1787477259.4537,4066,-285,move
1787477259.473,4052,-284,move
1787477259.4896,4040,-283,move
1787477259.5085,4026,-282,move
1787477259.5254,4012,-282,move
1787477259.5404,4000,-280,move
1787477259.5575,3987,-280,move
1787477259.5799,3972,-279,move
1787477259.5977,3959,-280,move
1787477259.6129,3947,-278,move
1787477260.264,3934,-277,move
1787477260.2868,3938,-272,move
1787477260.3033,3939,-264,move
1787477260.3239,3943,-258,move
1787477260.3474,3946,-252,move
1787477260.3679,3950,-244,move
1787477260.387,3953,-239,move
1787477260.4095,3956,-233,move
1787477260.4258,3960,-226,move
1787477260.442,3963,-220,move
1787477260.4573,3967,-213,move
1787477260.4732,3970,-206,move
1787477260.4905,3974,-199,move
1787477260.5077,3977,-195,move
1787477260.5577,3981,-188,click_LEFT_press
1787477260.6377,3981,-188,click_LEFT_release
1787477261.238,3981,-187,move
1787477261.254,3975,-198,move
1787477261.2697,3969,-210,move
1787477261.2892,3964,-222,move
1787477261.3053,3959,-233,move
1787477261.3275,3953,-243,move
1787477261.3523,3948,-254,move
1787477261.3755,3943,-266,move
1787477261.3979,3938,-277,move
1787477261.4131,3932,-288,move
1787477261.4328,3927,-300,move
1787477261.4556,3921,-311,move
1787477261.4755,3915,-323,move
1787477261.5255,3911,-334,click_LEFT_press
1787477261.6055,3911,-334,click_LEFT_release
1787477262.3652,3910,-334,move
1787477262.385,3906,-327,move
1787477262.403,3903,-321,move
1787477262.4246,3899,-315,move
1787477262.4493,3894,-309,move
1787477262.4727,3890,-303,move
1787477262.4973,3886,-296,move
1787477262.5133,3882,-289,move
1787477262.5285,3877,-284,move
1787477262.5474,3873,-279,move
1787477262.5666,3870,-272,move
1787477262.5911,3865,-266,move
1787477262.6101,3860,-258,move
1787477262.6259,3858,-252,move
1787477262.641,3852,-247,move
1787477263.1683,3848,-241,move
1787477263.1901,3852,-231,move
1787477263.2109,3854,-220,move
1787477263.2295,3857,-209,move
1787477263.2447,3861,-198,move
1787477263.2623,3863,-188,move
1787477263.278,3867,-178,move
1787477263.2988,3870,-167,move
1787477263.3167,3872,-157,move
1787477263.3375,3875,-148,move
1787477263.3541,3878,-136,move
1787477263.3694,3880,-126,move
1787477263.3875,3884,-117,move
1787477263.405,3887,-106,move
1787477263.455,3890,-96,click_LEFT_press
1787477263.535,3890,-96,click_LEFT_release
1787477264.089,3890,-96,move
1787477264.1102,3886,-87,move
1787477264.1326,3880,-78,move
1787477264.1502,3875,-71,move
1787477264.1738,3872,-62,move
1787477264.1981,3866,-54,move
1787477264.2157,3861,-45,move
1787477264.2377,3857,-37,move
1787477264.2614,3852,-30,move
1787477264.2779,3849,-20,move
1787477264.2976,3843,-13,move
1787477264.638,3839,-4,move
1787477264.6542,3847,-12,move
1787477264.678,3858,-19,move
1787477264.7003,3866,-27,move
1787477264.7231,3877,-35,move
1787477264.7469,3887,-44,move
1787477264.7701,3895,-50,move
1787477264.7917,3906,-59,move
1787477264.8075,3915,-65,move
1787477264.8233,3924,-74,move
1787477264.8467,3933,-82,move
1787477265.3559,3943,-88,move
1787477265.3786,3933,-92,move
1787477265.4027,3923,-95,move
1787477265.4245,3914,-99,move
1787477265.4445,3904,-103,move
1787477265.4616,3893,-106,move
1787477265.4839,3883,-111,move
1787477265.5089,3874,-114,move
1787477265.5244,3863,-118,move
1787477265.5465,3853,-122,move
1787477265.5683,3844,-124,move
1787477265.5925,3834,-130,move
1787477266.3101,3823,-133,move
1787477266.3274,3818,-121,move
1787477266.3486,3811,-110,move
1787477266.3724,3805,-99,move
1787477266.3878,3801,-87,move
1787477266.4058,3794,-76,move
1787477266.4217,3789,-64,move
1787477266.4412,3783,-54,move
1787477266.4564,3777,-43,move
1787477266.4749,3772,-32,move
1787477266.496,3766,-21,move
1787477266.5155,3760,-8,move
1787477266.5387,3753,1,move
1787477267.1759,3747,12,move
1787477267.1983,3749,13,move
1787477267.2198,3752,11,move
1787477267.2424,3756,10,move
1787477267.2669,3757,9,move
1787477267.2854,3760,9,move
1787477267.3036,3763,7,move
1787477267.3195,3766,8,move
1787477267.3388,3767,7,move
1787477267.3555,3769,7,move
1787477267.3782,3772,4,move
1787477267.4019,3775,4,move
1787477267.4255,3778,3,move
1787477267.4481,3780,3,move
1787477268.2468,3783,2,move
1787477268.2702,3789,5,move
1787477268.2869,3796,6,move
1787477268.3029,3804,7,move
1787477268.3215,3811,10,move
1787477268.3396,3817,11,move
1787477268.3634,3825,13,move
1787477268.3824,3831,16,move
1787477268.4009,3839,17,move
1787477268.4203,3845,18,move
1787477268.442,3853,20,move
1787477268.4585,3860,21,move
1787477268.4744,3867,23,move
1787477269.1782,3873,26,move
1787477269.2027,3878,31,move
1787477269.2224,3881,33,move
1787477269.2444,3884,38,move
1787477269.2653,3886,42,move
1787477269.2857,3890,47,move
1787477269.3086,3894,50,move
1787477269.327,3896,55,move
1787477269.3501,3901,59,move
1787477269.3725,3902,63,move
1787477269.3902,3906,68,move
1787477269.4107,3911,73,move
1787477269.4266,3912,77,move
1787477269.4766,3917,81,click_LEFT_press
1787477269.5566,3917,81,click_LEFT_release
1787477270.0231,3917,81,move
1787477270.0452,3926,83,move
1787477270.0665,3935,87,move
1787477270.0815,3943,92,move
1787477270.0982,3953,95,move
1787477270.1137,3961,97,move
1787477270.1329,3970,102,move
1787477270.1487,3979,106,move
1787477270.1725,3989,108,move
1787477270.1923,3998,111,move
1787477270.2075,4006,115,move
1787477270.2322,4015,120,move
1787477270.2822,4025,123,click_LEFT_press
1787477270.3622,4025,123,click_LEFT_release
1787477270.8027,4024,122,move
1787477270.8274,4028,120,move
1787477270.8471,4030,119,move
1787477270.8687,4033,118,move
1787477270.8858,4037,118,move
1787477270.9029,4040,116,move
1787477270.921,4045,115,move
1787477270.9411,4047,114,move
1787477270.9595,4050,112,move
1787477270.9787,4055,111,move
1787477270.9959,4056,110,move
1787477271.0133,4060,109,move
1787477271.0326,4063,107,move
1787477271.0482,4067,105,move
1787477271.0682,4070,105,move
1787477271.3885,4074,103,move
1787477271.4075,4066,108,move
1787477271.4296,4059,113,move
1787477271.4515,4052,118,move
1787477271.4681,4045,123,move
1787477271.4917,4036,129,move
1787477271.5153,4030,134,move
1787477271.5334,4022,137,move
1787477271.5492,4014,143,move
1787477271.5717,4008,148,move
1787477271.5956,4000,154,move
1787477271.6198,3993,157,move
1787477271.6447,3985,163,move
1787477271.6601,3977,168,move
1787477271.7101,3971,173,click_LEFT_press
1787477271.7901,3971,173,click_LEFT_release
1787477272.4257,3971,172,move
1787477272.4469,3979,168,move
1787477272.4629,3989,164,move
1787477272.4851,3998,160,move
1787477272.5084,4008,156,move
1787477272.5272,4017,153,move
1787477272.5492,4026,148,move
1787477272.5723,4035,144,move
1787477272.5952,4043,140,move
1787477272.6104,4052,136,move
1787477272.6329,4062,133,move
1787477272.6539,4071,128,move
1787477273.3675,4080,124,move
1787477273.3885,4086,130,move
1787477273.4118,4090,133,move
1787477273.4348,4095,137,move
1787477273.4515,4099,143,move
1787477273.4692,4104,147,move
1787477273.4868,4109,152,move
1787477273.5066,4115,156,move
1787477273.5235,4120,159,move
1787477273.541,4125,165,move
1787477273.5654,4129,168,move
1787477273.5858,4136,173,move
1787477273.6358,4140,178,click_LEFT_press
1787477273.7158,4140,178,click_LEFT_release
1787477274.4659,4139,177,move
1787477274.4908,4130,173,move
1787477274.5081,4119,170,move
1787477274.5291,4108,167,move
1787477274.5495,4098,163,move
1787477274.5687,4089,159,move
1787477274.5877,4077,155,move
1787477274.6032,4068,151,move
1787477274.6196,4057,148,move
1787477274.6393,4046,144,move
1787477274.6581,4036,139,move
1787477274.7081,4026,136,click_LEFT_press
1787477274.7881,4026,136,click_LEFT_release
1787477275.2082,4026,135,move
1787477275.2306,4026,123,move
1787477275.2524,4027,111,move
1787477275.2688,4026,98,move
1787477275.2882,4028,85,move
1787477275.3108,4028,73,move
1787477275.3335,4027,60,move
1787477275.3508,4027,47,move
1787477275.3666,4029,36,move
1787477275.3889,4029,24,move
1787477275.4086,4029,10,move
1787477275.963,4030,-1,move
1787477275.9834,4025,8,move
1787477276.0074,4019,16,move
1787477276.0311,4015,26,move
1787477276.0503,4009,35,move
1787477276.0735,4004,43,move
1787477276.0888,4000,52,move
1787477276.1046,3994,60,move
1787477276.1237,3989,71,move
1787477276.1418,3985,80,move
1787477276.1579,3980,87,move
1787477276.1733,3975,97,move
1787477276.8506,3969,105,move
1787477276.8714,3977,105,move
1787477276.8897,3983,104,move
1787477276.9085,3990,101,move
1787477276.932,3997,100,move
1787477276.951,4004,99,move
1787477276.9727,4010,98,move
1787477276.9892,4018,98,move
1787477277.0048,4024,96,move
1787477277.0254,4030,95,move
1787477277.0415,4037,93,move
1787477277.0633,4045,92,move
1787477277.0846,4052,90,move
1787477277.1033,4057,89,move
1787477277.1214,4064,89,move
1787477277.4634,4072,87,move
1787477277.4816,4073,97,move
1787477277.5011,4073,109,move
1787477277.5163,4074,119,move
1787477277.5355,4076,129,move
1787477277.5554,4077,139,move
1787477277.5778,4077,150,move
1787477277.5991,4078,162,move
1787477277.6146,4079,171,move
1787477277.6365,4081,182,move
1787477277.6607,4082,192,move
1787477277.6788,4083,203,move
1787477277.7017,4084,213,move
1787477278.0346,4085,224,move
1787477278.0581,4077,221,move
1787477278.0823,4069,220,move
1787477278.1024,4063,218,move
1787477278.1241,4054,218,move
1787477278.1439,4048,217,move
1787477278.1597,4041,215,move
1787477278.1775,4033,213,move
1787477278.1962,4025,211,move
1787477278.2187,4018,210,move
1787477278.2338,4012,210,move
1787477278.2541,4003,208,move
1787477278.2724,3996,206,move
1787477278.2915,3990,205,move
1787477278.3154,3983,204,move
1787477278.3654,3975,203,click_LEFT_press
1787477278.4454,3975,203,click_LEFT_release
1787477279.2015,3974,202,move
1787477279.2167,3981,212,move
1787477279.2394,3984,224,move
1787477279.26,3989,234,move
1787477279.2803,3995,245,move
1787477279.3035,4002,255,move
1787477279.3278,4007,267,move
1787477279.3506,4011,277,move
1787477279.3686,4016,286,move
1787477279.3913,4022,297,move
1787477279.4123,4028,308,move
1787477279.4277,4032,318,move
1787477279.4482,4037,329,move
1787477279.9701,4042,340,move
1787477279.9901,4045,333,move
1787477280.0135,4047,328,move
1787477280.0369,4048,322,move
1787477280.0551,4051,315,move
1787477280.0764,4053,309,move
1787477280.0925,4055,301,move
1787477280.1153,4056,296,move
1787477280.1312,4058,289,move
1787477280.1501,4060,282,move
1787477280.2001,4063,277,click_LEFT_press
1787477280.2801,4063,277,click_LEFT_release
1787477280.9278,4062,277,move
1787477280.9437,4075,284,move
1787477280.9612,4088,292,move
1787477280.983,4100,299,move
1787477280.9998,4112,307,move
1787477281.0248,4123,315,move
1787477281.0496,4136,324,move
1787477281.0724,4149,331,move
1787477281.09,4161,339,move
1787477281.1077,4174,347,move
1787477281.1268,4184,354,move
1787477281.8839,4197,362,move
1787477281.9024,4207,361,move
1787477281.9197,4217,359,move
1787477281.9425,4226,358,move
1787477281.9593,4235,358,move
1787477281.9828,4244,357,move
1787477282.0014,4254,356,move
1787477282.0255,4263,357,move
1787477282.0424,4273,356,move
1787477282.066,4281,354,move
1787477282.0884,4292,353,move
1787477282.1046,4301,353,move
1787477282.125,4309,353,move
1787477282.1475,4318,352,move
1787477282.1719,4329,351,move
1787477282.9199,4338,350,move
1787477282.9395,4327,358,move
1787477282.9592,4315,366,move
1787477282.9805,4303,376,move
1787477283.0003,4292,383,move
1787477283.0175,4280,392,move
1787477283.0415,4268,399,move
1787477283.0648,4256,407,move
1787477283.0895,4245,417,move
1787477283.1082,4233,424,move
1787477283.827,4221,433,move
1787477283.8478,4221,444,move
1787477283.8688,4221,455,move
1787477283.8895,4221,467,move
1787477283.9125,4220,478,move
1787477283.9369,4219,489,move
1787477283.9606,4219,500,move
1787477283.98,4219,511,move
1787477284.0014,4217,522,move
1787477284.0169,4218,532,move
1787477284.0327,4216,544,move
1787477284.0827,4217,556,click_LEFT_press
1787477284.1627,4217,556,click_LEFT_release
1787477284.6152,4216,555,move
1787477284.6369,4211,555,move
1787477284.6591,4207,552,move
1787477284.6767,4203,551,move
1787477284.692,4199,550,move
1787477284.7116,4194,549,move
1787477284.7365,4191,547,move
1787477284.7552,4185,547,move
1787477284.7718,4180,545,move
1787477284.7898,4176,544,move
1787477284.8077,4172,542,move
1787477284.8275,4168,541,move
1787477284.8465,4163,539,move
1787477285.45,4158,539,move
1787477285.4695,4157,533,move
1787477285.4866,4153,530,move
1787477285.5067,4151,524,move
1787477285.5247,4148,519,move
1787477285.5463,4145,516,move
1787477285.5624,4144,511,move
1787477285.5786,4140,507,move
1787477285.6,4138,502,move
1787477285.618,4136,496,move
1787477285.6413,4133,493,move
1787477285.6566,4131,488,move
1787477285.7066,4129,484,click_LEFT_press
1787477285.7866,4129,484,click_LEFT_release
1787477286.2924,4128,484,move
1787477286.3114,4123,486,move
1787477286.3319,4118,485,move
1787477286.3483,4113,488,move
1787477286.3723,4109,489,move
1787477286.392,4102,491,move
1787477286.4089,4098,491,move
1787477286.4268,4092,493,move
1787477286.4467,4087,495,move
1787477286.4683,4083,495,move
1787477286.4899,4078,497,move
1787477286.509,4072,499,move
1787477286.5248,4068,500,move
1787477286.5465,4062,502,move
1787477286.5625,4057,503,move
1787477286.6125,4053,505,click_LEFT_press
1787477286.6925,4053,505,click_LEFT_release
1787477287.3141,4053,505,move
1787477287.334,4062,501,move
1787477287.3513,4072,496,move
1787477287.3747,4082,493,move
1787477287.3943,4092,487,move
1787477287.4188,4103,483,move
1787477287.4417,4113,479,move
1787477287.457,4123,475,move
1787477287.4795,4132,471,move
1787477287.4972,4142,466,move
1787477287.5138,4151,463,move
1787477287.5365,4162,458,move
1787477287.5558,4172,455,move
1787477288.3478,4182,450,move
1787477288.37,4187,449,move
1787477288.3895,4193,446,move
1787477288.4103,4198,444,move
1787477288.4327,4204,440,move
1787477288.4522,4210,439,move
1787477288.4696,4216,436,move
1787477288.4944,4222,433,move
1787477288.5185,4226,430,move
1787477288.5383,4233,427,move
1787477289.3254,4238,426,move
1787477289.3429,4225,425,move
1787477289.3598,4211,426,move
1787477289.38,4196,427,move
1787477289.3989,4181,429,move
1787477289.419,4168,428,move
1787477289.4435,4154,428,move
1787477289.4646,4139,431,move
1787477289.4837,4126,429,move
1787477289.5086,4112,430,move
1787477290.03,4097,432,move
1787477290.047,4102,420,move
1787477290.0653,4106,408,move
1787477290.0823,4112,396,move
1787477290.1064,4115,385,move
1787477290.127,4121,373,move
1787477290.1505,4126,362,move
1787477290.1699,4130,351,move
1787477290.1898,4135,339,move
1787477290.2056,4138,326,move
1787477290.2231,4143,317,move
1787477290.2441,4148,304,move
1787477290.2941,4153,293,click_LEFT_press
1787477290.3741,4153,293,click_LEFT_release
1787477290.8356,4152,292,move
1787477290.8597,4142,285,move
1787477290.8759,4133,277,move
1787477290.8978,4122,270,move
1787477290.9158,4111,261,move
1787477290.9335,4102,255,move
1787477290.9569,4091,246,move
1787477290.9731,4081,238,move
1787477290.9973,4071,231,move
1787477291.0139,4060,223,move
1787477291.0331,4051,216,move
1787477291.0501,4041,207,move
1787477291.1001,4031,201,click_LEFT_press
1787477291.1801,4031,201,click_LEFT_release
1787477291.8574,4030,201,move
1787477291.8776,4032,209,move
1787477291.9005,4033,216,move
1787477291.9159,4033,223,move
1787477291.9315,4035,232,move
1787477291.9512,4037,240,move
1787477291.9728,4038,248,move
1787477291.9906,4040,257,move
1787477292.0062,4040,264,move
1787477292.0219,4042,272,move
1787477292.039,4043,280,move
1787477292.062,4045,288,move
1787477292.0809,4046,296,move
1787477292.1309,4047,304,click_LEFT_press
1787477292.2109,4047,304,click_LEFT_release
1787477292.5806,4047,304,move
1787477292.6024,4054,318,move
1787477292.6269,4062,332,move
1787477292.647,4072,347,move
1787477292.6716,4079,362,move
1787477292.688,4088,378,move
1787477292.7089,4095,391,move
1787477292.7316,4104,407,move
1787477292.756,4112,421,move
1787477292.7783,4121,436,move
1787477292.8283,4129,451,click_LEFT_press
1787477292.9083,4129,451,click_LEFT_release
1787477293.4944,4129,450,move
1787477293.512,4138,460,move
1787477293.535,4147,468,move
1787477293.5555,4157,477,move
1787477293.5777,4167,487,move
1787477293.5979,4175,495,move
1787477293.6145,4185,505,move
1787477293.6322,4194,513,move
1787477293.6568,4204,523,move
1787477293.6756,4214,531,move
1787477293.693,4223,540,move
1787477293.7158,4232,550,move
1787477293.7335,4242,559,move
1787477293.7531,4251,568,move
1787477293.8031,4261,577,click_LEFT_press
1787477293.8831,4261,577,click_LEFT_release
1787477294.2576,4260,576,move
1787477294.2746,4267,572,move
1787477294.2983,4273,567,move
1787477294.3191,4280,564,move
1787477294.3377,4286,559,move
1787477294.3536,4292,555,move
1787477294.3719,4300,552,move
1787477294.3891,4307,547,move
1787477294.41,4313,543,move
1787477294.4283,4319,539,move
1787477294.4435,4325,533,move
1787477294.4606,4333,530,move
1787477294.5106,4339,526,click_LEFT_press
1787477294.5906,4339,526,click_LEFT_release
1787477295.1993,4338,526,move
1787477295.2164,4333,528,move
1787477295.2399,4328,531,move
1787477295.2628,4323,534,move
1787477295.2796,4318,537,move
1787477295.3044,4312,541,move
1787477295.3247,4307,543,move
1787477295.34,4302,545,move
1787477295.3636,4297,548,move
1787477295.3881,4291,552,move
1787477295.4072,4287,556,move
1787477295.4269,4281,558,move
1787477295.4443,4276,561,move
1787477295.4655,4271,564,move
1787477295.481,4266,567,move
1787477295.531,4261,570,click_LEFT_press
1787477295.611,4261,570,click_LEFT_release
1787477296.0108,4260,570,move
1787477296.0314,4264,582,move
1787477296.0546,4269,596,move
1787477296.0735,4274,607,move
1787477296.0973,4277,620,move
1787477296.1185,4283,634,move
1787477296.1376,4287,647,move
1787477296.1555,4292,659,move
1787477296.1736,4294,672,move
1787477296.1888,4299,685,move
1787477296.2097,4304,697,move
1787477296.5605,4309,711,move
1787477296.577,4304,709,move
1787477296.5989,4300,709,move
1787477296.6172,4296,709,move
1787477296.6419,4290,707,move
1787477296.6615,4287,707,move
1787477296.6785,4281,706,move
1787477296.6936,4278,707,move
1787477296.7092,4273,706,move
1787477296.7285,4268,704,move
1787477296.7533,4264,705,move
1787477296.7769,4260,703,move
1787477296.794,4255,702,move
1787477296.844,4251,703,click_LEFT_press
1787477296.924,4251,703,click_LEFT_release
1787477297.4267,4250,703,move
1787477297.4474,4252,693,move
1787477297.4717,4254,681,move
1787477297.4932,4256,672,move
1787477297.5111,4257,661,move
1787477297.527,4258,651,move
1787477297.5437,4260,641,move
1787477297.5648,4261,630,move
1787477297.5892,4263,620,move
1787477297.612,4264,610,move
1787477297.6272,4266,598,move
1787477297.6476,4267,589,move
1787477298.4566,4269,579,move
1787477298.4794,4269,585,move
1787477298.5007,4268,589,move
1787477298.5201,4269,593,move
1787477298.536,4270,599,move
1787477298.5595,4268,603,move
1787477298.5768,4268,609,move
1787477298.5985,4269,614,move
1787477298.6196,4267,620,move
1787477298.6435,4267,624,move
1787477298.6588,4267,629,move
1787477298.6771,4268,635,move
1787477299.0234,4268,640,move
1787477299.0429,4262,634,move
1787477299.0581,4254,629,move
1787477299.0785,4248,622,move
1787477299.0996,4240,616,move
1787477299.1148,4234,611,move
1787477299.1362,4228,606,move
1787477299.1574,4220,601,move
1787477299.1798,4215,595,move
1787477299.2047,4207,590,move
1787477299.2216,4200,583,move
1787477299.2398,4194,577,move
1787477299.2572,4188,571,move
1787477299.2784,4181,567,move
1787477300.0247,4174,561,move
1787477300.0445,4186,557,move
1787477300.0666,4198,556,move
1787477300.089,4211,552,move
1787477300.1059,4222,550,move
1787477300.1264,4235,547,move
1787477300.1499,4247,545,move
1787477300.1692,4259,542,move
1787477300.1854,4271,539,move
1787477300.2051,4283,537,move
1787477300.7101,4294,534,move
1787477300.7308,4297,529,move
1787477300.7525,4299,525,move
1787477300.7715,4301,518,move
1787477300.7938,4302,515,move
1787477300.8162,4305,508,move
1787477300.8358,4306,503,move
1787477300.8581,4309,498,move
1787477300.8746,4310,493,move
1787477300.8919,4312,489,move
1787477300.9074,4314,483,move
1787477300.9254,4316,478,move
1787477300.9479,4318,473,move
1787477300.9723,4320,468,move
1787477300.9937,4322,462,move
1787477301.3983,4324,457,move
1787477301.418,4321,456,move
1787477301.4345,4318,452,move
1787477301.4528,4316,450,move
1787477301.4693,4313,448,move
1787477301.4852,4311,446,move
1787477301.5014,4308,443,move
1787477301.5201,4305,442,move
1787477301.541,4302,440,move
1787477301.5632,4302,437,move
1787477301.5824,4299,435,move
1787477301.6003,4296,432,move
1787477301.6224,4294,431,move
1787477301.6378,4290,428,move
1787477301.6564,4289,425,move
1787477301.7064,4286,424,click_LEFT_press
1787477301.7864,4286,424,click_LEFT_release
1787477302.3408,4286,424,move
1787477302.3596,4291,414,move
1787477302.3827,4298,403,move
1787477302.4049,4303,394,move
1787477302.4252,4310,384,move
1787477302.4404,4316,375,move
1787477302.4566,4322,365,move
1787477302.4731,4329,357,move
1787477302.498,4334,347,move
1787477302.5161,4342,336,move
1787477302.5661,4348,327,click_LEFT_press
1787477302.6461,4348,327,click_LEFT_release
1787477303.0176,4347,326,move
1787477303.038,4343,327,move
1787477303.0558,4341,325,move
1787477303.0754,4337,326,move
1787477303.0993,4333,326,move
1787477303.1146,4330,324,move
1787477303.1357,4326,325,move
1787477303.1575,4322,324,move
1787477303.1805,4319,323,move
1787477303.2009,4315,323,move
1787477303.223,4313,323,move
1787477303.2421,4308,323,move
1787477303.2587,4304,323,move
1787477303.2747,4301,323,move
1787477303.3247,4298,322,click_LEFT_press
1787477303.4047,4298,322,click_LEFT_release
1787477303.7294,4297,321,move
1787477303.7465,4305,329,move
1787477303.7646,4312,336,move
1787477303.7869,4317,344,move
1787477303.8108,4324,351,move
1787477303.8319,4331,360,move
1787477303.85,4337,367,move
1787477303.8731,4344,376,move
1787477303.8947,4350,382,move
1787477303.9195,4357,390,move
1787477303.9378,4364,398,move
1787477303.9533,4370,406,move
1787477304.6336,4378,413,move
1787477304.6572,4366,416,move
1787477304.6738,4353,419,move
1787477304.6977,4339,422,move
1787477304.7198,4327,424,move
1787477304.7349,4315,426,move
1787477304.7576,4301,429,move
1787477304.7785,4290,433,move
1787477304.8026,4276,436,move
1787477304.827,4263,439,move
1787477305.5464,4252,441,move
1787477305.5667,4248,431,move
1787477305.5823,4245,419,move
1787477305.6032,4242,408,move
1787477305.623,4240,398,move
1787477305.6428,4237,388,move
1787477305.6627,4232,377,move
1787477305.6874,4230,366,move
1787477305.71,4226,356,move
1787477305.7254,4224,344,move
1787477305.747,4222,333,move
1787477305.797,4218,324,click_LEFT_press
1787477305.877,4218,324,click_LEFT_release
1787477306.3944,4218,324,move
1787477306.4123,4223,325,move
1787477306.4327,4229,326,move
1787477306.4534,4234,327,move
1787477306.4759,4238,326,move
1787477306.499,4245,328,move
1787477306.5214,4248,328,move
1787477306.5463,4254,329,move
1787477306.5621,4259,330,move
1787477306.5869,4266,331,move
1787477306.6064,4271,331,move
1787477306.624,4276,334,move
1787477306.6461,4280,334,move
1787477306.6961,4287,335,click_LEFT_press
1787477306.7761,4287,335,click_LEFT_release
1787477307.4964,4286,335,move
1787477307.5183,4281,329,move
1787477307.542,4276,324,move
1787477307.5631,4272,317,move
1787477307.5789,4265,310,move
1787477307.5945,4260,305,move
1787477307.6136,4256,299,move
1787477307.6356,4250,294,move
1787477307.6597,4244,286,move
1787477307.6762,4239,282,move
1787477307.6935,4235,274,move
1787477308.1596,4230,269,move
1787477308.1807,4219,259,move
1787477308.2002,4209,248,move
1787477308.2154,4199,237,move
1787477308.2403,4187,227,move
1787477308.256,4178,217,move
1787477308.2736,4167,205,move
1787477308.2938,4158,195,move
1787477308.3102,4147,184,move
1787477308.3295,4138,173,move
1787477308.3517,4126,162,move
1787477308.368,4116,152,move
1787477308.3862,4106,141,move
1787477308.4038,4095,131,move
1787477308.4538,4086,120,click_LEFT_press
1787477308.5338,4086,120,click_LEFT_release
1787477308.8524,4086,120,move
1787477308.8734,4093,120,move
1787477308.8904,4102,119,move
1787477308.9117,4108,120,move
1787477308.9343,4117,120,move
1787477308.9586,4124,119,move
1787477308.9786,4133,120,move
1787477308.9982,4140,119,move
1787477309.0147,4147,119,move
1787477309.0388,4155,120,move
1787477309.0615,4163,119,move
1787477309.0856,4171,120,move
1787477309.1034,4179,119,move
1787477309.1534,4187,120,click_LEFT_press
1787477309.2334,4187,120,click_LEFT_release
1787477309.8164,4187,120,move
1787477309.8314,4196,131,move
1787477309.8546,4206,143,move
1787477309.8771,4214,156,move
1787477309.898,4223,168,move
1787477309.9151,4234,180,move
1787477309.9322,4241,194,move
1787477309.9524,4251,204,move
1787477309.9741,4260,217,move
1787477309.9916,4270,229,move
1787477310.0142,4279,241,move
1787477310.3711,4288,254,move
1787477310.3878,4282,244,move
1787477310.4101,4277,236,move
1787477310.4272,4271,226,move
1787477310.4448,4265,217,move
1787477310.465,4259,208,move
1787477310.4887,4253,199,move
1787477310.5101,4247,189,move
1787477310.5324,4243,181,move
1787477310.5518,4236,171,move
1787477310.5739,4230,161,move
1787477310.5902,4225,152,move
1787477310.6088,4218,144,move
1787477310.6264,4214,133,move
1787477311.1799,4208,125,move
1787477311.196,4217,126,move
1787477311.2158,4226,128,move
1787477311.2351,4234,131,move
1787477311.2586,4244,132,move
1787477311.2804,4252,135,move
1787477311.3033,4261,136,move
1787477311.3213,4270,139,move
1787477311.3383,4278,141,move
1787477311.3556,4288,142,move
1787477311.3711,4297,144,move
1787477311.4211,4306,147,click_LEFT_press
1787477311.5011,4306,147,click_LEFT_release
1787477312.1673,4305,146,move
1787477312.1862,4309,154,move
1787477312.2052,4312,162,move
1787477312.222,4316,168,move
1787477312.2447,4320,176,move
1787477312.261,4322,183,move
1787477312.2767,4327,190,move
1787477312.2927,4330,197,move
1787477312.313,4333,205,move
1787477312.3366,4336,213,move
1787477312.3866,4341,221,click_LEFT_press
1787477312.4666,4341,221,click_LEFT_release
1787477312.8661,4341,220,move
1787477312.8833,4332,211,move
1787477312.907,4326,201,move
1787477312.9289,4319,191,move
1787477312.9523,4311,182,move
1787477312.9745,4303,173,move
1787477312.997,4295,163,move
1787477313.0176,4289,152,move
1787477313.0405,4281,143,move
1787477313.0637,4274,134,move
1787477313.0858,4265,125,move
1787477313.1069,4258,116,move
1787477313.1308,4251,105,move
1787477313.1808,4244,96,click_LEFT_press
1787477313.2608,4244,96,click_LEFT_release
1787477313.8078,4243,95,move
1787477313.8323,4238,91,move
1787477313.8523,4233,85,move
1787477313.8747,4229,79,move
1787477313.8969,4224,74,move
1787477313.9212,4219,69,move
1787477313.9445,4214,64,move
1787477313.963,4209,59,move
1787477313.984,4204,54,move
1787477314.0038,4199,49,move
1787477314.0217,4194,43,move
1787477314.6352,4189,38,move
1787477314.6521,4176,36,move
1787477314.6745,4164,34,move
1787477314.6975,4151,30,move
1787477314.7204,4139,28,move
1787477314.7452,4127,25,move
1787477314.7647,4116,21,move
1787477314.7882,4102,19,move
1787477314.8078,4090,16,move
1787477314.8296,4078,13,move
1787477314.8451,4065,10,move
1787477314.8679,4053,8,move
1787477315.4835,4040,5,move
1787477315.5073,4036,9,move
1787477315.5308,4029,12,move
1787477315.5485,4023,15,move
1787477315.5705,4019,20,move
1787477315.5874,4013,23,move
1787477315.6102,4006,26,move
1787477315.6311,4002,31,move
1787477315.6465,3997,34,move
1787477315.6679,3991,38,move
1787477315.6892,3986,43,move
1787477315.7132,3979,45,move
1787477315.7295,3974,49,move
1787477316.4266,3969,54,move
1787477316.4441,3971,62,move
1787477316.4616,3975,68,move
1787477316.4809,3979,75,move
1787477316.503,3982,82,move
1787477316.52,3986,91,move
1787477316.5351,3990,97,move
1787477316.5548,3994,104,move
1787477316.5785,3998,111,move
1787477316.5955,4001,119,move
1787477316.6121,4004,127,move
1787477316.6339,4007,133,move
1787477316.6491,4011,141,move
1787477316.6652,4015,149,move
1787477316.6838,4018,156,move
1787477317.3556,4021,164,move
1787477317.38,4018,170,move
1787477317.3985,4014,176,move
1787477317.4205,4011,182,move
1787477317.439,4007,189,move
1787477317.4556,4004,196,move
1787477317.4712,4001,202,move
1787477317.4894,3998,209,move
1787477317.5129,3995,215,move
1787477317.5353,3990,220,move
1787477317.5567,3988,228,move
1787477317.5808,3983,234,move
1787477317.5975,3981,239,move
1787477318.2107,3977,247,move
1787477318.2299,3988,245,move
1787477318.2531,3997,245,move
1787477318.2763,4010,245,move
1787477318.2966,4020,243,move
1787477318.3136,4032,242,move
1787477318.3322,4043,241,move
1787477318.3547,4052,240,move
1787477318.3716,4063,239,move
1787477318.3873,4075,239,move
1787477318.41,4086,238,move
1787477318.7363,4096,237,move
1787477318.7515,4094,227,move
1787477318.7714,4090,218,move
1787477318.7921,4087,208,move
1787477318.8157,4085,198,move
1787477318.8334,4081,189,move
1787477318.8487,4079,179,move
1787477318.8683,4075,170,move
1787477318.8875,4072,161,move
1787477318.9079,4069,151,move
1787477318.9239,4067,141,move
1787477318.9465,4063,132,move
1787477318.9965,4061,123,click_LEFT_press
1787477319.0765,4061,123,click_LEFT_release
1787477319.8798,4060,123,move
1787477319.9,4062,113,move
1787477319.9209,4066,104,move
1787477319.939,4068,92,move
1787477319.9549,4072,83,move
1787477319.9762,4073,73,move
1787477320.0003,4077,64,move
1787477320.0193,4079,55,move
1787477320.0391,4083,45,move
1787477320.0639,4085,35,move
1787477320.0819,4088,26,move
1787477320.1013,4091,16,move
1787477320.1243,4093,5,move
1787477320.1405,4095,-3,move
1787477320.4673,4098,-13,move
1787477320.4826,4098,-25,move
1787477320.4984,4099,-35,move
1787477320.5186,4099,-47,move
1787477320.536,4100,-59,move
1787477320.5536,4098,-72,move
1787477320.5771,4100,-83,move
1787477320.599,4099,-95,move
1787477320.6218,4100,-107,move
1787477320.6374,4101,-118,move
1787477320.6622,4100,-129,move
1787477320.6821,4100,-142,move
1787477321.4558,4101,-152,move
1787477321.4772,4106,-142,move
1787477321.4935,4112,-133,move
1787477321.5106,4117,-122,move
1787477321.5341,4122,-114,move
1787477321.5532,4127,-103,move
1787477321.5754,4133,-94,move
1787477321.598,4138,-85,move
1787477321.6222,4142,-74,move
1787477321.6457,4147,-64,move
1787477321.6627,4154,-55,move
1787477321.6817,4159,-46,move
1787477321.6972,4165,-35,move
1787477321.7133,4168,-26,move
1787477321.7633,4175,-16,click_LEFT_press
1787477321.8433,4175,-16,click_LEFT_release
1787477322.3039,4175,-16,move
1787477322.3205,4174,-5,move
1787477322.3359,4172,2,move
1787477322.3584,4172,13,move
1787477322.3794,4171,23,move
1787477322.3961,4170,33,move
1787477322.4165,4169,40,move
1787477322.439,4167,51,move
1787477322.4623,4167,61,move
1787477322.4862,4165,71,move
1787477322.5075,4165,79,move
1787477322.5265,4164,89,move
1787477322.5493,4163,99,move
1787477322.5676,4161,109,move
1787477322.6176,4161,119,click_LEFT_press
1787477322.6976,4161,119,click_LEFT_release
1787477323.0787,4161,118,move
1787477323.0963,4169,122,move
1787477323.1147,4175,124,move
1787477323.1393,4183,127,move
1787477323.1633,4188,129,move
1787477323.1797,4196,132,move
1787477323.1991,4202,134,move
1787477323.215,4210,137,move
1787477323.2366,4218,139,move
1787477323.2565,4225,142,move
1787477323.2734,4232,145,move
1787477323.2939,4238,148,move
1787477323.3162,4245,149,move
1787477323.3338,4254,153,move
1787477323.3838,4261,155,click_LEFT_press
1787477323.4638,4261,155,click_LEFT_release
1787477323.7855,4260,155,move
1787477323.8041,4252,150,move
1787477323.828,4243,145,move
1787477323.8484,4235,141,move
1787477323.8715,4227,137,move
1787477323.892,4218,131,move
1787477323.9115,4208,127,move
1787477323.9353,4200,123,move
1787477323.9566,4191,118,move
1787477323.9736,4183,113,move
1787477323.9901,4174,111,move
1787477324.0138,4166,106,move
1787477324.0324,4156,100,move
1787477324.8284,4149,96,move
1787477324.8526,4145,89,move
1787477324.8771,4142,80,move
1787477324.8949,4137,71,move
1787477324.9185,4134,63,move
1787477324.9367,4132,55,move
1787477324.9613,4129,47,move
1787477324.9841,4124,39,move
1787477325.0006,4121,31,move
1787477325.0164,4117,23,move
1787477325.0404,4113,16,move
1787477325.0904,4111,7,click_LEFT_press
1787477325.1704,4111,7,click_LEFT_release
1787477325.8011,4110,6,move
1787477325.8222,4110,0,move
1787477325.84,4107,-7,move
1787477325.8627,4104,-16,move
1787477325.8822,4102,-21,move
1787477325.9002,4101,-30,move
1787477325.9235,4100,-36,move
1787477325.948,4098,-44,move
1787477325.9657,4097,-52,move
1787477325.9906,4094,-60,move
1787477326.0086,4093,-67,move
1787477326.0302,4091,-74,move
1787477326.0481,4088,-83,move
1787477326.0701,4087,-90,move
1787477326.0884,4086,-97,move
1787477326.8896,4083,-105,move
1787477326.908,4096,-119,move
1787477326.924,4109,-132,move
1787477326.9455,4121,-145,move
1787477326.9702,4133,-161,move
1787477326.9875,4146,-175,move
1787477327.0031,4159,-187,move
1787477327.0252,4172,-202,move
1787477327.046,4184,-216,move
1787477327.0615,4196,-230,move
1787477327.1115,4209,-244,click_LEFT_press
1787477327.1915,4209,-244,click_LEFT_release
1787477327.9805,4208,-244,move
1787477328.0026,4205,-234,move
1787477328.0222,4203,-227,move
1787477328.0427,4201,-217,move
1787477328.062,4197,-209,move
1787477328.0797,4195,-201,move
1787477328.0988,4192,-191,move
1787477328.1192,4190,-181,move
1787477328.1355,4188,-173,move
1787477328.1584,4185,-165,move
1787477328.1783,4183,-156,move
1787477328.1936,4179,-148,move
1787477328.2143,4177,-139,move
1787477328.8203,4174,-130,move
1787477328.8391,4181,-135,move
1787477328.8568,4188,-142,move
1787477328.8817,4197,-148,move
1787477328.9006,4204,-155,move
1787477328.9221,4211,-162,move
1787477328.9448,4217,-169,move
1787477328.964,4225,-175,move
1787477328.9802,4231,-183,move
1787477328.997,4239,-189,move
1787477329.0194,4247,-194,move
1787477329.0407,4254,-201,move
1787477329.0907,4261,-209,click_LEFT_press
1787477329.1707,4261,-209,click_LEFT_release
1787477329.6012,4261,-209,move
1787477329.6172,4255,-210,move
1787477329.6412,4250,-215,move
1787477329.6597,4244,-217,move
1787477329.6832,4239,-219,move
1787477329.7023,4235,-222,move
1787477329.7183,4229,-226,move
1787477329.7395,4224,-228,move
1787477329.7605,4218,-230,move
1787477329.7806,4214,-234,move
1787477329.8022,4209,-236,move
1787477329.8204,4203,-239,move
1787477329.8371,4198,-242,move
1787477329.8616,4193,-244,move
1787477329.9116,4188,-248,click_LEFT_press
1787477329.9916,4188,-248,click_LEFT_release
1787477330.3286,4188,-248,move
1787477330.3455,4192,-259,move
1787477330.3633,4198,-270,move
1787477330.3802,4204,-281,move
1787477330.4006,4211,-293,move
1787477330.4176,4215,-305,move
1787477330.4408,4221,-315,move
1787477330.4593,4226,-328,move
1787477330.4828,4232,-337,move
1787477330.4988,4238,-349,move
1787477330.5211,4244,-361,move
1787477330.5435,4248,-372,move
1787477330.5669,4254,-383,move
1787477331.2451,4260,-394,move
1787477331.2642,4265,-383,move
1787477331.289,4267,-371,move
1787477331.3134,4271,-360,move
1787477331.3301,4275,-349,move
1787477331.3533,4279,-338,move
1787477331.3731,4282,-326,move
1787477331.3936,4286,-314,move
1787477331.4093,4289,-302,move
1787477331.4315,4293,-291,move
1787477331.4504,4297,-279,move
1787477331.4664,4299,-268,move
1787477331.4863,4303,-257,move
1787477332.2673,4307,-246,move
1787477332.2891,4304,-242,move
1787477332.3057,4298,-238,move
1787477332.3292,4295,-235,move
1787477332.3466,4290,-231,move
1787477332.3685,4287,-228,move
1787477332.3886,4282,-224,move
1787477332.4045,4280,-221,move
1787477332.4266,4274,-217,move
1787477332.4459,4271,-213,move
1787477332.4673,4267,-210,move
1787477332.4847,4263,-207,move
1787477332.5069,4259,-204,move
1787477332.5248,4255,-198,move
1787477332.9294,4251,-195,move
1787477332.949,4255,-202,move
1787477332.9646,4260,-209,move
1787477332.9873,4264,-216,move
1787477333.0055,4266,-224,move
1787477333.025,4271,-230,move
1787477333.0408,4275,-238,move
1787477333.0641,4278,-244,move
1787477333.0833,4283,-251,move
1787477333.1055,4288,-259,move
1787477333.1265,4291,-266,move
1787477333.1449,4296,-273,move
1787477333.1639,4299,-281,move
1787477333.1793,4304,-288,move
1787477333.9812,4307,-294,move
1787477334.0054,4300,-282,move
1787477334.0301,4293,-270,move
1787477334.0485,4287,-258,move
1787477334.0636,4277,-245,move
1787477334.0795,4270,-233,move
1787477334.1027,4263,-223,move
1787477334.1249,4257,-209,move
1787477334.1495,4250,-197,move
1787477334.1688,4241,-185,move
1787477334.188,4235,-174,move
1787477334.5945,4228,-161,move
1787477334.6124,4221,-170,move
1787477334.6353,4215,-178,move
1787477334.6543,4208,-188,move
1787477334.6735,4201,-196,move
1787477334.6957,4195,-205,move
1787477334.7134,4188,-215,move
1787477334.7335,4182,-224,move
1787477334.7509,4176,-233,move
1787477334.7706,4169,-242,move
1787477334.8206,4163,-251,click_LEFT_press
1787477334.9006,4163,-251,click_LEFT_release
1787477335.5814,4163,-250,move
1787477335.6026,4163,-252,move
1787477335.6226,4161,-252,move
1787477335.6439,4161,-254,move
1787477335.6672,4161,-255,move
1787477335.6866,4162,-256,move
1787477335.7022,4160,-259,move
1787477335.7182,4160,-260,move
1787477335.7365,4160,-261,move
1787477335.7568,4159,-263,move
1787477336.4,4159,-263,move
1787477336.4226,4152,-275,move
1787477336.4439,4144,-289,move
1787477336.4631,4135,-301,move
1787477336.4802,4127,-315,move
1787477336.5046,4121,-327,move
1787477336.5284,4111,-340,move
1787477336.5458,4105,-353,move
1787477336.562,4097,-365,move
1787477336.5855,4088,-377,move
1787477336.6355,4081,-391,click_LEFT_press
1787477336.7155,4081,-391,click_LEFT_release
1787477337.0583,4080,-391,move
1787477337.0763,4081,-379,move
1787477337.0989,4079,-369,move
1787477337.1235,4080,-358,move
1787477337.1411,4078,-348,move
1787477337.1615,4078,-339,move
1787477337.184,4076,-328,move
1787477337.2015,4077,-318,move
1787477337.2183,4076,-307,move
1787477337.2351,4076,-296,move
1787477337.2537,4076,-286,move
1787477337.2731,4075,-277,move
1787477337.904,4074,-265,move
1787477337.9196,4065,-275,move
1787477337.9412,4057,-285,move
1787477337.9591,4048,-295,move
1787477337.9818,4040,-303,move
1787477338.0009,4030,-314,move
1787477338.0185,4023,-323,move
1787477338.0407,4014,-333,move
1787477338.0604,4004,-342,move
1787477338.0758,3997,-351,move
1787477338.0975,3987,-361,move
1787477338.1141,3978,-371,move
1787477338.1301,3970,-380,move
1787477338.1489,3961,-390,move
1787477338.1659,3954,-400,move
1787477338.2159,3945,-409,click_LEFT_press
1787477338.2959,3945,-409,click_LEFT_release
1787477339.0154,3944,-408,move
1787477339.0392,3934,-396,move
1787477339.0562,3922,-384,move
1787477339.0735,3911,-374,move
1787477339.0961,3901,-362,move
1787477339.1127,3889,-350,move
1787477339.1324,3878,-339,move
1787477339.1497,3868,-326,move
1787477339.1714,3856,-315,move
1787477339.1953,3844,-303,move
1787477339.5246,3834,-292,move
1787477339.5398,3837,-284,move
1787477339.5633,3842,-279,move
1787477339.5842,3847,-272,move
1787477339.6033,3851,-266,move
1787477339.6282,3855,-260,move
1787477339.6502,3858,-252,move
1787477339.6725,3863,-247,move
1787477339.6934,3866,-240,move
1787477339.7086,3871,-233,move
1787477339.7299,3874,-228,move
1787477339.7471,3880,-220,move
1787477339.7704,3884,-214,move
1787477339.7912,3888,-208,move
1787477339.8412,3892,-202,click_LEFT_press
1787477339.9212,3892,-202,click_LEFT_release
1787477340.3621,3891,-201,move
1787477340.3827,3896,-195,move
1787477340.4013,3900,-187,move
1787477340.4219,3903,-181,move
1787477340.4448,3908,-174,move
1787477340.4689,3912,-165,move
1787477340.4866,3917,-158,move
1787477340.5109,3921,-151,move
1787477340.5341,3925,-144,move
1787477340.5527,3930,-137,move
1787477340.5749,3933,-130,move
1787477340.5975,3938,-124,move
1787477340.6156,3942,-115,move
1787477341.1572,3946,-109,move
1787477341.1807,3952,-101,move
1787477341.1961,3957,-93,move
1787477341.2201,3963,-87,move
1787477341.2437,3968,-79,move
1787477341.2659,3972,-72,move
1787477341.283,3977,-64,move
1787477341.3076,3983,-57,move
1787477341.3258,3988,-49,move
1787477341.3494,3993,-42,move
1787477341.3671,3998,-35,move
1787477341.3897,4004,-28,move
1787477341.4057,4008,-20,move
1787477341.4557,4015,-14,click_LEFT_press
1787477341.5357,4015,-14,click_LEFT_release
1787477342.0654,4014,-13,move
1787477342.0897,4009,-7,move
1787477342.1069,4006,0,move
1787477342.1304,4001,7,move
1787477342.1526,3998,15,move
1787477342.176,3994,22,move
1787477342.1952,3989,29,move
1787477342.2109,3986,36,move
1787477342.2263,3980,42,move
1787477342.2469,3977,50,move
1787477342.2697,3972,56,move
1787477342.7594,3968,65,move
1787477342.7784,3969,66,move
1787477342.7994,3967,65,move
1787477342.8219,3968,66,move
1787477342.8375,3967,68,move
1787477342.8554,3967,69,move
1787477342.8709,3966,69,move
1787477342.8923,3967,71,move
1787477342.9157,3966,70,move
1787477342.934,3965,71,move
1787477343.3308,3966,73,move
1787477343.3487,3970,73,move
1787477343.3732,3975,75,move
1787477343.3901,3980,76,move
1787477343.407,3983,77,move
1787477343.4306,3988,78,move
1787477343.4511,3993,79,move
1787477343.472,3997,81,move
1787477343.4872,4003,82,move
1787477343.5099,4007,82,move
1787477343.5317,4012,84,move
1787477343.5544,4017,85,move
1787477343.5758,4021,86,move
1787477344.0438,4025,86,move
1787477344.0662,4035,76,move
1787477344.0865,4043,66,move
1787477344.1029,4053,55,move
1787477344.1262,4062,44,move
1787477344.1495,4069,34,move
1787477344.174,4079,25,move
1787477344.1905,4088,13,move
1787477344.2102,4097,4,move
1787477344.2302,4105,-7,move
1787477344.2489,4115,-17,move
1787477344.2721,4125,-27,move
1787477344.2918,4133,-36,move
1787477344.3418,4142,-48,click_LEFT_press
1787477344.4218,4142,-48,click_LEFT_release
1787477345.1417,4142,-47,move
1787477345.1665,4148,-50,move
1787477345.1823,4157,-53,move
1787477345.2056,4164,-55,move
1787477345.2271,4172,-59,move
1787477345.251,4178,-62,move
1787477345.2699,4186,-63,move
1787477345.2875,4193,-66,move
1787477345.3121,4201,-70,move
1787477345.3308,4208,-73,move
1787477345.35,4215,-75,move
1787477345.3737,4223,-78,move
1787477345.3978,4230,-81,move
1787477345.4131,4238,-82,move
1787477345.431,4244,-85,move
1787477345.481,4253,-89,click_LEFT_press
1787477345.561,4253,-89,click_LEFT_release
1787477346.3505,4252,-88,move
1787477346.3702,4254,-84,move
1787477346.3877,4257,-81,move
1787477346.4116,4260,-78,move
1787477346.4318,4262,-75,move
1787477346.4509,4263,-71,move
1787477346.4733,4266,-67,move
1787477346.4967,4268,-65,move
1787477346.5156,4269,-60,move
1787477346.5395,4273,-58,move
1787477346.5606,4275,-53,move
1787477346.5808,4277,-50,move
1787477346.5992,4280,-47,move
1787477346.6215,4280,-43,move
1787477346.6459,4283,-40,move
1787477347.4204,4286,-37,move
1787477347.4405,4276,-25,move
1787477347.4636,4266,-13,move
1787477347.4821,4256,-1,move
1787477347.5014,4247,9,move
1787477347.5168,4236,22,move
1787477347.5401,4227,34,move
1787477347.5617,4217,46,move
1787477347.5852,4208,57,move
1787477347.6049,4197,69,move
1787477347.6244,4187,81,move
1787477347.648,4179,94,move
1787477347.698,4169,105,click_LEFT_press
1787477347.778,4169,105,click_LEFT_release
1787477348.4758,4168,105,move
1787477348.4911,4175,113,move
1787477348.5134,4183,119,move
1787477348.5365,4191,125,move
1787477348.5586,4199,134,move
1787477348.576,4207,140,move
1787477348.5976,4213,147,move
1787477348.621,4221,156,move
1787477348.6435,4228,162,move
1787477348.6666,4236,169,move
1787477348.6903,4243,177,move
1787477348.7079,4252,184,move
1787477348.7255,4258,192,move
1787477348.7463,4266,199,move
1787477348.7963,4274,206,click_LEFT_press
1787477348.8763,4274,206,click_LEFT_release
1787477349.6092,4274,206,move
1787477349.6246,4265,200,move
1787477349.646,4260,193,move
1787477349.6665,4253,189,move
1787477349.6869,4245,184,move
1787477349.7071,4238,177,move
1787477349.7268,4232,171,move
1787477349.7431,4225,166,move
1787477349.7588,4217,161,move
1787477349.7742,4210,156,move
1787477349.798,4202,150,move
1787477349.8141,4195,144,move
1787477349.8641,4189,139,click_LEFT_press
1787477349.9441,4189,139,click_LEFT_release
1787477350.594,4189,138,move
1787477350.6152,4177,148,move
1787477350.6376,4163,160,move
1787477350.6625,4152,169,move
1787477350.6854,4138,180,move
1787477350.709,4127,191,move
1787477350.7253,4115,202,move
1787477350.7482,4102,211,move
1787477350.7664,4090,222,move
1787477350.7859,4078,233,move
1787477350.8097,4065,242,move
1787477350.8289,4052,252,move
1787477351.3338,4040,263,move
1787477351.3542,4038,271,move
1787477351.3779,4034,278,move
1787477351.3978,4032,286,move
1787477351.4227,4029,295,move
1787477351.4408,4026,302,move
1787477351.4584,4023,311,move
1787477351.4744,4021,319,move
1787477351.4907,4019,327,move
1787477351.5087,4016,334,move
1787477351.5299,4013,341,move
1787477351.5506,4010,350,move
1787477351.5752,4007,357,move
1787477351.5963,4003,366,move
1787477351.62,4002,374,move
1787477352.409,3998,382,move
1787477352.4339,4001,378,move
1787477352.4575,4002,375,move
1787477352.4807,4004,373,move
1787477352.5013,4005,371,move
1787477352.5256,4007,367,move
1787477352.5443,4010,363,move
1787477352.5655,4011,362,move
1787477352.5823,4013,358,move
1787477352.6044,4014,356,move
1787477352.6211,4017,353,move
1787477352.64,4018,349,move
1787477353.2071,4020,347,move
1787477353.2299,4010,351,move
1787477353.2509,4001,355,move
1787477353.2692,3992,358,move
1787477353.2895,3982,364,move
1787477353.3061,3973,368,move
1787477353.3237,3963,372,move
1787477353.3465,3955,377,move
1787477353.3625,3945,381,move
1787477353.3797,3935,385,move
1787477353.403,3926,389,move
1787477353.4203,3918,394,move
1787477353.9473,3908,397,move
1787477353.9628,3917,397,move
1787477353.9867,3926,398,move
1787477354.0018,3935,398,move
1787477354.0188,3943,397,move
1787477354.0401,3952,397,move
1787477354.0575,3962,397,move
1787477354.0768,3970,397,move
1787477354.0987,3980,396,move
1787477354.1226,3989,396,move
1787477354.1408,3997,396,move
1787477354.6775,4007,397,move
1787477354.6958,4003,409,move
1787477354.7167,3999,422,move
1787477354.7404,3996,434,move
1787477354.76,3991,447,move
1787477354.7761,3988,459,move
1787477354.7989,3983,472,move
1787477354.8217,3981,483,move
1787477354.8374,3975,496,move
1787477354.8554,3973,509,move
1787477355.2577,3968,522,move
1787477355.282,3970,521,move
1787477355.2984,3971,520,move
1787477355.3179,3972,520,move
1787477355.3377,3974,519,move
1787477355.3614,3975,520,move
1787477355.3803,3976,518,move
1787477355.4017,3978,517,move
1787477355.4244,3979,517,move
1787477355.4464,3980,517,move
1787477355.4671,3982,516,move
1787477355.4848,3983,517,move
1787477355.5038,3986,516,move
1787477355.52,3986,514,move
1787477355.9104,3987,515,move
1787477355.9334,3984,515,move
1787477355.9515,3979,516,move
1787477355.9738,3975,517,move
1787477355.997,3972,519,move
1787477356.0162,3968,519,move
1787477356.041,3964,519,move
1787477356.0596,3960,521,move
1787477356.0816,3957,521,move
1787477356.1012,3953,522,move
1787477356.1216,3949,524,move
1787477356.1446,3946,525,move
1787477356.1654,3942,526,move
1787477356.1846,3936,527,move
1787477356.5501,3933,528,move
1787477356.5737,3924,532,move
1787477356.5973,3914,534,move
1787477356.6178,3904,537,move
1787477356.6352,3893,540,move
1787477356.6594,3884,544,move
1787477356.6815,3873,548,move
1787477356.6967,3863,551,move
1787477356.7169,3852,553,move
1787477356.7344,3842,558,move
1787477356.7574,3833,560,move
1787477356.7756,3822,564,move
1787477356.8256,3813,568,click_LEFT_press
1787477356.9056,3813,568,click_LEFT_release
1787477357.5364,3812,567,move
1787477357.5537,3817,574,move
1787477357.5748,3823,581,move
1787477357.5925,3827,588,move
1787477357.6119,3832,594,move
1787477357.6326,3836,601,move
1787477357.6549,3839,608,move
1787477357.6722,3845,615,move
1787477357.6907,3849,622,move
1787477357.712,3854,628,move
1787477357.7343,3858,634,move
1787477357.7508,3864,642,move
1787477357.7681,3868,649,move
1787477357.7875,3873,655,move
1787477358.2787,3877,662,move
1787477358.3022,3875,663,move
1787477358.3268,3874,662,move
1787477358.3509,3872,661,move
1787477358.3736,3871,662,move
1787477358.3919,3869,663,move
1787477358.4087,3868,663,move
1787477358.4256,3865,662,move
1787477358.4451,3864,664,move
1787477358.4604,3862,665,move
1787477358.4767,3860,663,move
1787477358.4977,3859,665,move
1787477358.5165,3858,665,move
1787477358.5665,3856,665,click_LEFT_press
1787477358.6465,3856,665,click_LEFT_release
1787477359.177,3855,665,move
1787477359.1979,3852,651,move
1787477359.2137,3848,638,move
1787477359.2314,3844,625,move
1787477359.2519,3841,611,move
1787477359.2679,3837,598,move
1787477359.2898,3833,584,move
1787477359.3052,3828,571,move
1787477359.3217,3825,558,move
1787477359.344,3822,545,move
1787477359.3604,3817,531,move
1787477359.4104,3814,519,click_LEFT_press
1787477359.4904,3814,519,click_LEFT_release
1787477359.8774,3814,519,move
1787477359.8946,3800,533,move
1787477359.9148,3785,546,move
1787477359.931,3772,561,move
1787477359.953,3757,575,move
1787477359.9689,3744,589,move
1787477359.9891,3729,603,move
1787477360.0105,3716,616,move
1787477360.0274,3702,630,move
1787477360.0449,3688,644,move
1787477360.8257,3675,659,move
1787477360.848,3661,653,move
1787477360.8727,3650,646,move
1787477360.89,3639,639,move
1787477360.9122,3626,632,move
1787477360.9285,3613,625,move
1787477360.9474,3601,619,move
1787477360.9722,3589,612,move
1787477360.993,3578,605,move
1787477361.0116,3564,599,move
1787477361.0319,3552,593,move
1787477361.0819,3541,587,click_LEFT_press
1787477361.1619,3541,587,click_LEFT_release
1787477361.6013,3541,587,move
1787477361.625,3530,577,move
1787477361.6479,3519,567,move
1787477361.6727,3509,556,move
1787477361.6881,3497,547,move
1787477361.7078,3487,535,move
1787477361.7321,3476,525,move
1787477361.7555,3466,515,move
1787477361.7726,3455,505,move
1787477361.7935,3445,497,move
1787477361.8162,3435,485,move
1787477361.8394,3423,475,move
1787477361.8894,3413,466,click_LEFT_press
1787477361.9694,3413,466,click_LEFT_release
1787477362.6586,3413,465,move
1787477362.6793,3412,461,move
1787477362.7016,3413,455,move
1787477362.7202,3413,450,move
1787477362.7431,3412,446,move
1787477362.7615,3411,439,move
1787477362.781,3411,435,move
1787477362.7969,3412,430,move
1787477362.817,3412,423,move
1787477362.8345,3411,418,move
1787477362.8537,3412,413,move
1787477362.872,3413,409,move
1787477362.8911,3411,403,move
1787477362.9411,3412,399,click_LEFT_press
1787477363.0211,3412,399,click_LEFT_release
1787477363.5152,3412,399,move
1787477363.5376,3414,389,move
1787477363.5541,3417,378,move
1787477363.5744,3421,370,move
1787477363.598,3422,360,move
1787477363.621,3427,349,move
1787477363.6365,3429,340,move
1787477363.6593,3432,331,move
1787477363.6757,3436,321,move
1787477363.6984,3438,310,move
1787477363.7168,3441,301,move
1787477363.7323,3443,291,move
1787477364.246,3447,281,move
1787477364.2646,3437,274,move
1787477364.2827,3428,266,move
1787477364.3025,3420,258,move
1787477364.3246,3412,251,move
1787477364.3436,3403,242,move
1787477364.3685,3394,234,move
1787477364.3927,3386,227,move
1787477364.4175,3377,220,move
1787477364.4371,3367,211,move
1787477364.4576,3359,203,move
1787477364.4808,3350,195,move
1787477364.5019,3343,187,move
1787477364.5235,3333,180,move
1787477364.5735,3325,172,click_LEFT_press
1787477364.6535,3325,172,click_LEFT_release
1787477365.332,3324,172,move
1787477365.3511,3335,166,move
1787477365.3738,3346,162,move
1787477365.3958,3358,158,move
1787477365.4112,3369,153,move
1787477365.4301,3379,147,move
1787477365.4497,3390,142,move
1787477365.4651,3401,138,move
1787477365.4821,3412,133,move
1787477365.5005,3423,128,move
1787477365.5216,3434,124,move
1787477365.5716,3445,120,click_LEFT_press
1787477365.6516,3445,120,click_LEFT_release
1787477366.1381,3444,120,move
1787477366.1585,3437,115,move
1787477366.178,3429,109,move
1787477366.1975,3423,104,move
1787477366.2178,3415,100,move
1787477366.2417,3409,95,move
1787477366.2592,3403,90,move
1787477366.2759,3395,84,move
1787477366.2941,3388,80,move
1787477366.311,3380,74,move
1787477366.3299,3374,70,move
1787477366.3461,3367,65,move
1787477366.981,3359,60,move
1787477366.998,3353,56,move
1787477367.0156,3348,51,move
1787477367.0401,3340,46,move
1787477367.0597,3334,42,move
1787477367.0818,3329,36,move
1787477367.099,3323,32,move
1787477367.1145,3317,28,move
1787477367.1297,3309,23,move
1787477367.1467,3305,20,move
1787477367.1711,3299,16,move
1787477367.1919,3292,10,move
1787477367.2151,3286,7,move
1787477367.987,3280,1,move
1787477368.0044,3285,-8,move
1787477368.0272,3290,-17,move
1787477368.0512,3296,-28,move
1787477368.0691,3302,-38,move
1787477368.0912,3307,-47,move
1787477368.1112,3312,-57,move
1787477368.1288,3318,-68,move
1787477368.149,3325,-77,move
1787477368.173,3331,-87,move
1787477368.8501,3336,-97,move
1787477368.8667,3344,-99,move
1787477368.8848,3351,-101,move
1787477368.9088,3359,-104,move
1787477368.9287,3366,-107,move
1787477368.9536,3375,-110,move
1787477368.9777,3383,-113,move
1787477368.9985,3390,-115,move
1787477369.0157,3397,-118,move
1787477369.0377,3407,-120,move
1787477369.8174,3413,-122,move
1787477369.8346,3416,-125,move
1787477369.851,3419,-128,move
1787477369.867,3421,-128,move
1787477369.8832,3423,-131,move
1787477369.9072,3426,-133,move
1787477369.9232,3428,-135,move
1787477369.9418,3432,-137,move
1787477369.9668,3434,-141,move
1787477369.9819,3436,-142,move
1787477370.0015,3439,-145,move
1787477370.0257,3442,-145,move
1787477370.4281,3443,-149,move
1787477370.4476,3451,-159,move
1787477370.4645,3458,-170,move
1787477370.4819,3464,-179,move
1787477370.5053,3472,-190,move
1787477370.5207,3479,-200,move
1787477370.5416,3485,-209,move
1787477370.5622,3492,-219,move
1787477370.5782,3500,-231,move
1787477370.5998,3507,-240,move
1787477370.6215,3514,-251,move
1787477370.6715,3521,-261,click_LEFT_press
1787477370.7515,3521,-261,click_LEFT_release
1787477371.2607,3520,-261,move
1787477371.2811,3508,-247,move
1787477371.2972,3494,-232,move
1787477371.3198,3482,-219,move
1787477371.3368,3469,-205,move
1787477371.3572,3456,-192,move
1787477371.3803,3443,-178,move
1787477371.3956,3429,-164,move
1787477371.419,3417,-151,move
1787477371.4392,3404,-136,move
1787477372.0857,3391,-124,move
1787477372.1071,3400,-117,move
1787477372.1293,3410,-111,move
1787477372.1467,3419,-103,move
1787477372.1625,3428,-97,move
1787477372.1812,3438,-92,move
1787477372.1997,3446,-85,move
1787477372.2236,3456,-78,move
1787477372.2469,3465,-72,move
1787477372.2661,3475,-66,move
1787477372.3161,3484,-60,click_LEFT_press
1787477372.3961,3484,-60,click_LEFT_release
1787477373.1556,3484,-60,move
1787477373.1755,3493,-70,move
1787477373.1941,3504,-80,move
1787477373.2191,3514,-91,move
1787477373.2382,3526,-102,move
1787477373.2625,3536,-112,move
1787477373.283,3545,-123,move
1787477373.3012,3556,-135,move
1787477373.3218,3567,-144,move
1787477373.3415,3577,-156,move
1787477373.3626,3588,-166,move
1787477373.386,3598,-177,move
1787477373.436,3609,-188,click_LEFT_press
1787477373.516,3609,-188,click_LEFT_release
1787477374.2317,3608,-188,move
1787477374.254,3608,-177,move
1787477374.2775,3608,-166,move
1787477374.2971,3608,-155,move
1787477374.32,3608,-144,move
1787477374.3416,3609,-135,move
1787477374.3644,3609,-124,move
1787477374.3854,3608,-113,move
1787477374.4041,3609,-102,move
1787477374.4195,3608,-92,move
1787477375.1086,3609,-82,move
1787477375.1273,3615,-84,move
1787477375.1494,3622,-86,move
1787477375.17,3629,-89,move
1787477375.1943,3636,-90,move
1787477375.2137,3641,-95,move
1787477375.2303,3648,-97,move
1787477375.252,3655,-98,move
1787477375.2747,3662,-102,move
1787477375.2948,3669,-104,move
1787477375.3195,3677,-106,move
1787477375.3425,3683,-108,move
1787477375.3589,3689,-112,move
1787477375.3833,3697,-114,move
1787477375.3991,3702,-117,move
1787477375.4491,3710,-119,click_LEFT_press
1787477375.5291,3710,-119,click_LEFT_release
1787477376.1673,3710,-119,move
1787477376.1871,3704,-115,move
1787477376.2067,3697,-111,move
1787477376.2254,3691,-106,move
1787477376.2472,3684,-102,move
1787477376.2686,3679,-98,move
1787477376.2849,3672,-93,move
1787477376.3029,3664,-89,move
1787477376.3247,3659,-85,move
1787477376.3432,3652,-80,move
1787477376.3664,3647,-76,move
1787477376.3832,3639,-72,move
1787477376.4332,3634,-68,click_LEFT_press
1787477376.5132,3634,-68,click_LEFT_release
1787477377.2899,3634,-67,move
1787477377.3125,3633,-75,move
1787477377.3357,3633,-84,move
1787477377.3562,3634,-91,move
1787477377.3807,3634,-98,move
1787477377.4024,3634,-106,move
1787477377.4226,3636,-114,move
1787477377.4409,3636,-122,move
1787477377.4608,3636,-129,move
1787477377.4829,3636,-136,move
1787477377.5055,3636,-144,move
1787477377.5296,3636,-152,move
1787477377.5503,3637,-160,move
1787477377.5748,3637,-166,move
1787477378.2691,3638,-175,move
1787477378.2864,3646,-169,move
1787477378.3064,3655,-163,move
1787477378.3249,3662,-158,move
1787477378.3473,3671,-152,move
1787477378.3639,3680,-145,move
1787477378.3885,3688,-139,move
1787477378.4068,3696,-134,move
1787477378.43,3704,-129,move
1787477378.4526,3712,-122,move
1787477378.4774,3722,-116,move
1787477378.4956,3730,-111,move
1787477378.5196,3737,-105,move
1787477378.5349,3747,-100,move
1787477378.9535,3754,-94,move
1787477378.9715,3754,-88,move
1787477378.9952,3754,-84,move
1787477379.0128,3755,-79,move
1787477379.0285,3754,-74,move
1787477379.0437,3755,-70,move
1787477379.0601,3755,-66,move
1787477379.0794,3754,-61,move
1787477379.1001,3754,-55,move
1787477379.1234,3754,-52,move
1787477379.1471,3755,-47,move
1787477379.1705,3754,-42,move
1787477379.2205,3755,-38,click_LEFT_press
1787477379.3005,3755,-38,click_LEFT_release
1787477379.9226,3755,-38,move
1787477379.9401,3757,-44,move
1787477379.9605,3761,-51,move
1787477379.9813,3764,-56,move
1787477379.9977,3769,-62,move
1787477380.0133,3771,-69,move
1787477380.0298,3775,-74,move
1787477380.0532,3778,-81,move
1787477380.0731,3783,-87,move
1787477380.0893,3785,-94,move
1787477380.6756,3788,-99,move
1787477380.6946,3799,-111,move
1787477380.7148,3811,-122,move
1787477380.7365,3820,-134,move
1787477380.7598,3832,-144,move
1787477380.7781,3842,-156,move
1787477380.7957,3855,-167,move
1787477380.8161,3865,-178,move
1787477380.8368,3877,-190,move
1787477380.8599,3887,-201,move
1787477380.88,3897,-212,move
1787477380.9016,3908,-224,move
1787477380.9205,3920,-235,move
1787477381.6418,3931,-245,move
1787477381.6574,3932,-235,move
1787477381.6773,3931,-223,move
1787477381.6972,3933,-212,move
1787477381.7209,3932,-201,move
1787477381.7399,3934,-189,move
1787477381.7601,3933,-177,move
1787477381.7808,3934,-165,move
1787477381.7985,3935,-154,move
1787477381.8228,3936,-143,move
1787477381.8728,3936,-132,click_LEFT_press
1787477381.9528,3936,-132,click_LEFT_release
1787477382.5797,3936,-132,move
1787477382.5963,3944,-121,move
1787477382.6195,3954,-108,move
1787477382.6357,3964,-97,move
1787477382.6567,3974,-85,move
1787477382.6793,3983,-73,move
1787477382.7012,3992,-62,move
1787477382.717,4001,-50,move
1787477382.7346,4011,-38,move
1787477382.7521,4022,-27,move
1787477382.7688,4032,-14,move
1787477383.4476,4040,-4,move
1787477383.4647,4032,-5,move
1787477383.4813,4023,-4,move
1787477383.4965,4015,-5,move
1787477383.5194,4005,-6,move
1787477383.5377,3997,-7,move
1787477383.5613,3986,-7,move
1787477383.5793,3979,-7,move
1787477383.5988,3969,-9,move
1787477383.6213,3961,-9,move
1787477383.6367,3951,-9,move
1787477383.6598,3943,-12,move
1787477383.6757,3934,-11,move
1787477383.6921,3925,-13,move
1787477383.7102,3917,-13,move
1787477384.2025,3907,-14,move
1787477384.224,3911,-8,move
1787477384.2447,3914,-4,move
1787477384.2687,3914,0,move
1787477384.2841,3918,3,move
1787477384.3037,3921,8,move
1787477384.3222,3923,12,move
1787477384.3373,3926,16,move
1787477384.3582,3928,20,move
1787477384.3775,3931,24,move
1787477384.3949,3934,29,move
1787477384.4109,3936,34,move
1787477384.4357,3940,37,move
1787477384.8453,3941,43,move
1787477384.8701,3933,45,move
1787477384.8853,3926,48,move
1787477384.9099,3919,52,move
1787477384.9256,3910,54,move
1787477384.9411,3902,58,move
1787477384.9658,3895,61,move
1787477384.9841,3888,65,move
1787477385.0023,3880,67,move
1787477385.0259,3873,71,move
1787477385.0436,3866,73,move
1787477385.0685,3857,78,move
1787477385.0885,3849,81,move
1787477385.1052,3842,84,move
1787477385.692,3835,87,move
1787477385.7109,3831,85,move
1787477385.7337,3825,85,move
1787477385.7578,3821,84,move
1787477385.7734,3816,81,move
1787477385.798,3811,81,move
1787477385.8193,3808,80,move
1787477385.8363,3803,78,move
1787477385.8568,3798,77,move
1787477385.8728,3793,76,move
1787477385.8934,3790,75,move
1787477385.9129,3785,74,move
1787477385.9629,3781,73,click_LEFT_press
1787477386.0429,3781,73,click_LEFT_release
1787477386.381,3780,73,move
1787477386.404,3775,69,move
1787477386.426,3770,66,move
1787477386.4469,3764,61,move
1787477386.4666,3760,58,move
1787477386.4858,3753,54,move
1787477386.5051,3749,52,move
1787477386.5295,3743,47,move
1787477386.5496,3738,43,move
1787477386.565,3732,41,move
1787477386.5871,3727,36,move
1787477386.6051,3722,33,move
1787477386.6264,3717,30,move
1787477386.6511,3710,26,move
1787477386.6684,3705,23,move
1787477387.397,3701,18,move
1787477387.4216,3700,19,move
1787477387.4425,3699,19,move
1787477387.4659,3698,20,move
1787477387.4856,3695,19,move
1787477387.5065,3695,18,move
1787477387.5249,3694,20,move
1787477387.5462,3692,19,move
1787477387.5622,3690,19,move
1787477387.5808,3690,18,move
1787477387.5968,3689,19,move
1787477387.613,3689,20,move
1787477387.6325,3686,19,move
1787477387.6476,3686,19,move
1787477387.6976,3685,20,click_LEFT_press
1787477387.7776,3685,20,click_LEFT_release
1787477388.1635,3684,20,move
1787477388.179,3688,26,move
1787477388.2,3693,33,move
1787477388.2228,3697,40,move
1787477388.241,3702,48,move
1787477388.257,3705,55,move
1787477388.272,3710,62,move
1787477388.295,3713,70,move
1787477388.3117,3719,76,move
1787477388.333,3721,84,move
1787477388.383,3727,92,click_LEFT_press
1787477388.463,3727,92,click_LEFT_release
1787477389.0401,3727,92,move
1787477389.0644,3728,88,move
1787477389.0798,3731,86,move
1787477389.096,3735,85,move
1787477389.117,3737,83,move
1787477389.1334,3740,79,move
1787477389.1531,3743,77,move
1787477389.1763,3746,75,move
1787477389.2012,3747,73,move
1787477389.2229,3751,71,move
1787477389.2453,3754,66,move
1787477389.2647,3756,64,move
1787477390.0707,3758,63,move
1787477390.0954,3766,51,move
1787477390.118,3772,41,move
1787477390.1386,3779,30,move
1787477390.1567,3784,18,move
1787477390.1755,3792,6,move
1787477390.1955,3799,-3,move
1787477390.2147,3804,-14,move
1787477390.2322,3812,-25,move
1787477390.2539,3819,-37,move
1787477390.2705,3825,-47,move
1787477390.286,3832,-58,move
1787477390.3024,3838,-70,move
1787477390.3524,3845,-82,click_LEFT_press
1787477390.4324,3845,-82,click_LEFT_release
1787477390.9526,3845,-82,move
1787477390.9721,3840,-76,move
1787477390.9904,3837,-70,move
1787477391.011,3833,-65,move
1787477391.0302,3828,-61,move
1787477391.0498,3824,-56,move
1787477391.0657,3821,-51,move
1787477391.09,3817,-44,move
1787477391.1108,3812,-40,move
1787477391.1333,3808,-35,move
1787477391.8076,3805,-30,move
1787477391.8285,3792,-19,move
1787477391.8519,3778,-8,move
1787477391.8709,3766,2,move
1787477391.8888,3753,13,move
1787477391.9056,3739,22,move
1787477391.93,3727,33,move
1787477391.949,3714,44,move
1787477391.9725,3700,54,move
1787477391.988,3687,65,move
1787477392.038,3675,77,click_LEFT_press
1787477392.118,3675,77,click_LEFT_release
1787477392.6867,3674,76,move
1787477392.7114,3685,68,move
1787477392.7265,3694,60,move
1787477392.7466,3705,52,move
1787477392.7691,3714,44,move
1787477392.7916,3724,38,move
1787477392.8144,3735,30,move
1787477392.8341,3744,22,move
1787477392.8583,3754,14,move
1787477392.8826,3765,6,move
1787477392.9013,3775,-2,move
1787477392.9218,3784,-9,move
1787477392.9411,3794,-16,move
1787477392.9911,3805,-25,click_LEFT_press
1787477393.0711,3805,-25,click_LEFT_release
1787477393.6748,3805,-25,move
1787477393.6914,3808,-21,move
1787477393.7109,3811,-17,move
1787477393.7341,3814,-12,move
1787477393.7501,3816,-8,move
1787477393.7659,3819,-3,move
1787477393.7903,3823,0,move
1787477393.8092,3825,3,move
1787477393.8305,3829,7,move
1787477393.8523,3832,12,move
1787477393.8699,3835,16,move
1787477393.8867,3836,20,move
1787477393.9088,3839,24,move
1787477393.932,3842,28,move
1787477393.9493,3846,32,move
1787477394.3331,3848,37,move
1787477394.3576,3849,45,move
1787477394.3732,3852,55,move
1787477394.3931,3852,64,move
1787477394.4094,3854,74,move
1787477394.428,3855,82,move
1787477394.4522,3857,91,move
1787477394.474,3857,100,move
1787477394.4936,3858,110,move
1787477394.5144,3860,117,move
1787477394.5361,3861,128,move
1787477394.5588,3863,136,move
1787477394.5764,3864,144,move
1787477394.598,3865,154,move
1787477394.648,3867,164,click_LEFT_press
1787477394.728,3867,164,click_LEFT_release
1787477395.3042,3866,164,move
1787477395.3204,3858,159,move
1787477395.3426,3849,155,move
1787477395.3642,3840,151,move
1787477395.3869,3829,146,move
1787477395.4066,3820,143,move
1787477395.4234,3811,138,move
1787477395.4424,3801,135,move
1787477395.463,3793,129,move
1787477395.4847,3783,125,move
1787477395.5034,3774,121,move
1787477395.5249,3765,117,move
1787477395.5454,3756,112,move
1787477395.5954,3747,109,click_LEFT_press
1787477395.6754,3747,109,click_LEFT_release
1787477396.4784,3746,108,move
1787477396.4943,3746,119,move
1787477396.5147,3747,132,move
1787477396.5313,3747,143,move
1787477396.5485,3747,155,move
1787477396.5648,3747,166,move
1787477396.589,3747,177,move
1787477396.614,3748,188,move
1787477396.6309,3749,199,move
1787477396.6548,3747,211,move
1787477396.679,3747,222,move
1787477396.6971,3748,232,move
1787477396.7471,3749,245,click_LEFT_press
1787477396.8271,3749,245,click_LEFT_release
1787477397.2135,3749,245,move
1787477397.2342,3758,250,move
1787477397.2566,3766,256,move
1787477397.2798,3776,262,move
1787477397.3043,3785,267,move
1787477397.3286,3795,272,move
1787477397.3445,3803,276,move
1787477397.3694,3812,282,move
1787477397.3896,3822,289,move
1787477397.4121,3830,293,move
1787477397.4346,3841,298,move
1787477397.454,3850,303,move
1787477397.4706,3859,309,move
1787477397.4888,3868,314,move
1787477398.071,3877,320,move
1787477398.0918,3880,309,move
1787477398.1142,3885,294,move
1787477398.135,3888,281,move
1787477398.1524,3890,270,move
1787477398.1698,3895,257,move
1787477398.1934,3897,244,move
1787477398.2089,3902,231,move
1787477398.2243,3904,217,move
1787477398.2418,3908,206,move
1787477398.2658,3911,192,move
1787477398.6583,3914,180,move
1787477398.6814,3930,188,move
1787477398.7049,3944,196,move
1787477398.7233,3958,204,move
1787477398.7465,3972,212,move
1787477398.7655,3986,220,move
1787477398.7835,4002,228,move
1787477398.7986,4015,236,move
1787477398.8141,4030,245,move
1787477398.8343,4046,253,move
1787477399.4365,4059,262,move
1787477399.4533,4053,265,move
1787477399.474,4047,267,move
1787477399.4921,4041,271,move
1787477399.5166,4034,274,move
1787477399.5407,4028,275,move
1787477399.5639,4022,279,move
1787477399.587,4016,282,move
1787477399.6099,4010,284,move
1787477399.629,4006,288,move
1787477399.6468,3998,290,move
1787477399.6654,3994,293,move
1787477399.6824,3987,295,move
1787477399.7031,3980,300,move
1787477399.7235,3975,301,move
1787477399.7735,3969,305,click_LEFT_press
1787477399.8535,3969,305,click_LEFT_release
1787477400.5854,3969,305,move
1787477400.6085,3977,299,move
1787477400.6327,3984,294,move
1787477400.6491,3993,289,move
1787477400.6733,4000,285,move
1787477400.6962,4009,280,move
1787477400.7155,4016,275,move
1787477400.7369,4023,271,move
1787477400.7583,4031,266,move
1787477400.78,4041,261,move
1787477400.7973,4047,255,move
1787477400.8214,4055,252,move
1787477401.5621,4063,247,move
1787477401.5853,4056,236,move
1787477401.6016,4049,225,move
1787477401.6178,4043,214,move
1787477401.635,4036,202,move
1787477401.6547,4029,191,move
1787477401.6729,4021,181,move
1787477401.6885,4015,170,move
1787477401.7058,4007,160,move
1787477401.7237,4000,148,move
1787477401.7411,3994,138,move
1787477401.7641,3986,127,move
1787477401.7832,3979,115,move
1787477402.4598,3972,104,move
1787477402.4817,3974,98,move
1787477402.498,3975,91,move
1787477402.5162,3977,85,move
1787477402.5389,3978,78,move
1787477402.558,3979,72,move
1787477402.5771,3980,65,move
1787477402.597,3981,57,move
1787477402.6215,3984,51,move
1787477402.6439,3984,45,move
1787477402.6627,3985,37,move
1787477402.6789,3988,31,move
1787477403.1412,3988,25,move
1787477403.1597,3978,36,move
1787477403.1776,3968,46,move
1787477403.1929,3959,57,move
1787477403.2138,3948,69,move
1787477403.2368,3938,79,move
1787477403.2608,3927,90,move
1787477403.2807,3917,102,move
1787477403.3018,3907,112,move
1787477403.3195,3896,123,move
1787477403.3383,3885,135,move
1787477403.3543,3875,146,move
1787477404.1763,3866,157,move
1787477404.1941,3871,161,move
1787477404.2147,3875,163,move
1787477404.2322,3883,166,move
1787477404.2522,3887,169,move
1787477404.2675,3892,172,move
1787477404.2882,3899,176,move
1787477404.3032,3904,178,move
1787477404.323,3909,181,move
1787477404.3449,3915,185,move
1787477404.3606,3921,188,move
1787477404.3795,3926,192,move
1787477404.3968,3932,195,move
1787477404.4125,3937,198,move
1787477404.4285,3942,201,move
1787477405.1498,3947,205,move
1787477405.1715,3958,208,move
1787477405.1928,3968,213,move
1787477405.2145,3978,215,move
1787477405.2366,3987,218,move
1787477405.2584,3998,222,move
1787477405.2747,4009,227,move
1787477405.2947,4017,230,move
1787477405.3133,4027,234,move
1787477405.3295,4039,237,move
1787477405.3453,4048,241,move
1787477405.367,4059,244,move
1787477405.3881,4069,249,move
1787477405.4381,4079,252,click_LEFT_press
1787477405.5181,4079,252,click_LEFT_release
1787477405.9719,4079,252,move
1787477405.9891,4068,248,move
1787477406.0122,4057,245,move
1787477406.0351,4045,241,move
1787477406.0594,4033,237,move
1787477406.0767,4023,233,move
1787477406.0932,4011,230,move
1787477406.115,4000,228,move
1787477406.1319,3989,223,move
1787477406.1517,3977,220,move
1787477406.1726,3966,215,move
1787477406.1935,3955,212,move
1787477406.218,3944,209,move
1787477406.268,3933,206,click_LEFT_press
1787477406.348,3933,206,click_LEFT_release
1787477406.8587,3933,205,move
1787477406.8799,3931,198,move
1787477406.8949,3927,190,move
1787477406.9143,3927,180,move
1787477406.9319,3924,173,move
1787477406.9509,3922,164,move
1787477406.9729,3920,157,move
1787477406.9915,3918,148,move
1787477407.0078,3916,140,move
1787477407.03,3913,133,move
1787477407.05,3911,124,move
1787477407.0694,3908,116,move
1787477407.1194,3907,108,click_LEFT_press
1787477407.1994,3907,108,click_LEFT_release
1787477407.655,3906,108,move
1787477407.6762,3915,97,move
1787477407.6961,3924,87,move
1787477407.7167,3933,78,move
1787477407.7338,3943,67,move
1787477407.7582,3952,57,move
1787477407.7828,3962,45,move
1787477407.7978,3970,36,move
1787477407.8155,3980,26,move
1787477407.8328,3989,15,move
1787477408.2841,3998,5,move
1787477408.3087,3991,10,move
1787477408.328,3986,12,move
1787477408.344,3980,16,move
1787477408.3651,3974,19,move
1787477408.3857,3968,23,move
1787477408.4042,3962,27,move
1787477408.4263,3955,30,move
1787477408.4425,3951,34,move
1787477408.4584,3944,37,move
1787477408.4739,3937,41,move
1787477408.4978,3932,43,move
1787477408.5478,3927,48,click_LEFT_press
1787477408.6278,3927,48,click_LEFT_release
1787477408.9648,3926,47,move
1787477408.9816,3917,45,move
1787477409.0047,3907,42,move
1787477409.0238,3897,41,move
1787477409.048,3887,40,move
1787477409.0631,3878,36,move
1787477409.0825,3866,34,move
1787477409.1015,3858,32,move
1787477409.1217,3848,30,move
1787477409.146,3838,29,move
1787477409.169,3828,26,move
1787477409.1872,3819,23,move
1787477409.2096,3809,21,move
1787477409.2596,3799,20,click_LEFT_press
1787477409.3396,3799,20,click_LEFT_release
1787477409.9356,3798,20,move
1787477409.9589,3793,23,move
1787477409.9802,3788,25,move
1787477410.0034,3783,28,move
1787477410.028,3776,30,move
1787477410.0454,3771,33,move
1787477410.0682,3766,37,move
1787477410.0844,3760,38,move
1787477410.1071,3756,41,move
1787477410.128,3750,45,move
1787477410.1529,3744,47,move
1787477410.1685,3738,49,move
1787477410.1854,3733,51,move
1787477410.2027,3729,55,move
1787477410.9666,3722,58,move
1787477410.9838,3724,54,move
1787477411.0021,3726,48,move
1787477411.0192,3728,45,move
1787477411.0351,3729,41,move
1787477411.0583,3731,36,move
1787477411.0764,3734,32,move
1787477411.0999,3736,28,move
1787477411.1216,3737,24,move
1787477411.1398,3739,18,move
1787477411.1569,3742,14,move
1787477411.1735,3744,11,move
1787477411.1923,3745,5,move
1787477411.2088,3748,2,move
1787477411.5734,3748,-1,move
1787477411.598,3736,9,move
1787477411.615,3722,23,move
1787477411.6367,3709,35,move
1787477411.6524,3696,48,move
1787477411.6717,3682,61,move
1787477411.6961,3668,75,move
1787477411.7129,3654,88,move
1787477411.732,3640,101,move
1787477411.7494,3627,115,move
1787477411.7734,3614,127,move
1787477412.1854,3601,139,move
1787477412.2097,3609,130,move
1787477412.2316,3616,121,move
1787477412.2533,3626,112,move
1787477412.2713,3633,105,move
1787477412.2917,3642,95,move
1787477412.3159,3650,87,move
1787477412.3392,3657,78,move
1787477412.3573,3664,69,move
1787477412.3786,3674,61,move
1787477412.403,3681,53,move
1787477412.4199,3689,43,move
1787477412.4443,3697,33,move
1787477412.4943,3706,26,click_LEFT_press
1787477412.5743,3706,26,click_LEFT_release
1787477412.9436,3706,25,move
1787477412.9591,3712,23,move
1787477412.9775,3720,19,move
1787477412.9933,3729,14,move
1787477413.0163,3736,11,move
1787477413.0405,3744,8,move
1787477413.0655,3752,4,move
1787477413.0817,3759,0,move
1787477413.1017,3768,-2,move
1787477413.1176,3775,-6,move
1787477413.1418,3782,-9,move
1787477413.1918,3791,-13,click_LEFT_press
1787477413.2718,3791,-13,click_LEFT_release
1787477413.7851,3791,-12,move
1787477413.8036,3795,-22,move
1787477413.8206,3801,-30,move
1787477413.8387,3805,-39,move
1787477413.8607,3810,-46,move
1787477413.8771,3814,-55,move
1787477413.8995,3819,-63,move
1787477413.915,3823,-72,move
1787477413.9392,3830,-82,move
1787477413.9638,3833,-89,move
1787477413.9797,3839,-98,move
1787477413.998,3844,-106,move
1787477414.0198,3849,-115,move
1787477414.0352,3853,-124,move
1787477414.0576,3858,-133,move
1787477414.1076,3863,-141,click_LEFT_press
1787477414.1876,3863,-141,click_LEFT_release
1787477414.9617,3862,-140,move
1787477414.9769,3874,-131,move
1787477414.9937,3887,-121,move
1787477415.0158,3901,-112,move
1787477415.0333,3913,-100,move
1787477415.0515,3925,-92,move
1787477415.0714,3937,-81,move
1787477415.0895,3951,-71,move
1787477415.1058,3964,-62,move
1787477415.1294,3976,-51,move
1787477415.1477,3989,-42,move
1787477415.6994,4001,-32,move
1787477415.7242,3997,-30,move
1787477415.745,3993,-30,move
1787477415.7643,3990,-28,move
1787477415.7872,3984,-26,move
1787477415.8102,3981,-24,move
1787477415.8255,3977,-24,move
1787477415.8502,3972,-22,move
1787477415.8656,3968,-22,move
1787477415.882,3963,-21,move
1787477415.9016,3959,-18,move
1787477415.9212,3954,-17,move
1787477416.7106,3951,-17,move
1787477416.7314,3953,-22,move
1787477416.7527,3957,-29,move
1787477416.7771,3960,-35,move
1787477416.799,3963,-43,move
1787477416.816,3965,-49,move
1787477416.8374,3969,-54,move
1787477416.854,3972,-61,move
1787477416.878,3975,-68,move
1787477416.8976,3977,-73,move
1787477416.922,3980,-80,move
1787477416.972,3984,-87,click_LEFT_press
1787477417.052,3984,-87,click_LEFT_release
1787477417.4779,3984,-87,move
1787477417.4974,3981,-81,move
1787477417.5151,3978,-75,move
1787477417.5324,3975,-69,move
1787477417.5551,3971,-62,move
1787477417.5766,3968,-56,move
1787477417.5931,3966,-51,move
1787477417.616,3962,-45,move
1787477417.6374,3960,-39,move
1787477417.6611,3957,-33,move
1787477417.6771,3953,-27,move
1787477417.7271,3951,-22,click_LEFT_press
1787477417.8071,3951,-22,click_LEFT_release
1787477418.4309,3950,-22,move
1787477418.453,3944,-32,move
1787477418.4722,3938,-45,move
1787477418.4886,3932,-56,move
1787477418.5111,3925,-68,move
1787477418.5346,3918,-79,move
1787477418.5573,3912,-90,move
1787477418.5789,3906,-102,move
1787477418.6008,3899,-114,move
1787477418.6214,3892,-125,move
1787477418.6418,3886,-137,move
1787477418.6612,3878,-147,move
1787477419.2075,3873,-159,move
1787477419.2288,3875,-164,move
1787477419.2449,3879,-170,move
1787477419.2667,3883,-175,move
1787477419.2832,3886,-179,move
1787477419.3051,3889,-185,move
1787477419.3259,3894,-189,move
1787477419.3506,3897,-194,move
1787477419.374,3901,-199,move
1787477419.3904,3903,-205,move
1787477419.4061,3908,-209,move
1787477419.4245,3912,-214,move
1787477419.4431,3916,-220,move
1787477419.9097,3918,-225,move
1787477419.9304,3919,-213,move
1787477419.9498,3921,-202,move
1787477419.9725,3924,-190,move
1787477419.9957,3924,-179,move
1787477420.0205,3926,-167,move
1787477420.0413,3928,-156,move
1787477420.0593,3929,-143,move
1787477420.0812,3930,-133,move
1787477420.1046,3931,-121,move
1787477420.1249,3934,-109,move
1787477420.145,3935,-99,move
1787477420.195,3937,-87,click_LEFT_press
1787477420.275,3937,-87,click_LEFT_release
1787477421.0712,3936,-87,move
1787477421.0913,3941,-85,move
1787477421.1083,3948,-83,move
1787477421.1259,3952,-81,move
1787477421.1439,3957,-79,move
1787477421.1637,3962,-78,move
1787477421.1805,3967,-76,move
1787477421.2022,3972,-74,move
1787477421.2222,3977,-72,move
1787477421.2409,3982,-70,move
1787477421.2624,3988,-70,move
1787477421.2836,3993,-67,move
1787477421.9146,3998,-66,move
1787477421.934,3985,-79,move
1787477421.9569,3974,-89,move
1787477421.9738,3963,-103,move
1787477421.9969,3951,-115,move
1787477422.0207,3939,-127,move
1787477422.0426,3927,-140,move
1787477422.059,3915,-152,move
1787477422.0792,3904,-164,move
1787477422.1037,3891,-176,move
1787477422.5954,3881,-188,move
1787477422.618,3881,-199,move
1787477422.6391,3881,-209,move
1787477422.6583,3880,-217,move
1787477422.6786,3881,-228,move
1787477422.7024,3882,-239,move
1787477422.7272,3880,-247,move
1787477422.7494,3881,-257,move
1787477422.7648,3882,-267,move
1787477422.7881,3882,-277,move
1787477423.2493,3881,-288,move
1787477423.265,3892,-278,move
1787477423.2871,3904,-266,move
1787477423.3059,3916,-255,move
1787477423.3289,3926,-245,move
1787477423.3457,3938,-236,move
1787477423.3619,3950,-224,move
1787477423.377,3962,-214,move
1787477423.3961,3973,-203,move
1787477423.4179,3985,-194,move
1787477423.4337,3996,-182,move
1787477423.4579,4007,-173,move
1787477424.0422,4018,-162,move
1787477424.0599,4019,-152,move
1787477424.0766,4022,-141,move
1787477424.1013,4023,-132,move
1787477424.12,4023,-122,move
1787477424.1389,4025,-112,move
1787477424.1555,4027,-103,move
1787477424.1745,4029,-93,move
1787477424.1916,4029,-84,move
1787477424.2098,4030,-74,move
1787477424.2266,4033,-64,move
1787477424.2472,4034,-54,move
1787477424.2711,4035,-45,move
1787477424.2876,4037,-35,move
1787477424.3099,4037,-25,move
1787477424.3599,4040,-16,click_LEFT_press
1787477424.4399,4040,-16,click_LEFT_release
1787477424.8311,4040,-16,move
1787477424.849,4050,-13,move
1787477424.868,4063,-12,move
1787477424.8887,4074,-11,move
1787477424.9043,4086,-9,move
1787477424.9266,4097,-8,move
1787477424.9463,4108,-4,move
1787477424.9669,4121,-4,move
1787477424.9877,4132,-2,move
1787477425.0071,4143,0,move
1787477425.0244,4155,0,move
1787477425.4108,4167,2,move
1787477425.4297,4167,-1,move
1787477425.4504,4170,-5,move
1787477425.4718,4169,-10,move
1787477425.4967,4172,-15,move
1787477425.5215,4172,-19,move
1787477425.5406,4174,-24,move
1787477425.5565,4174,-27,move
1787477425.573,4176,-32,move
1787477425.5896,4176,-36,move
1787477425.608,4177,-40,move
1787477425.6282,4179,-45,move
1787477425.6502,4180,-49,move
1787477425.673,4181,-54,move
1787477425.6929,4182,-58,move
1787477426.0996,4184,-63,move
1787477426.1209,4185,-60,move
1787477426.1445,4186,-58,move
1787477426.1633,4186,-53,move
1787477426.1874,4187,-52,move
1787477426.2028,4188,-49,move
1787477426.2229,4190,-46,move
1787477426.2456,4191,-42,move
1787477426.2638,4192,-40,move
1787477426.2798,4192,-37,move
1787477426.3011,4194,-34,move
1787477426.3166,4196,-31,move
1787477426.3666,4197,-29,click_LEFT_press
1787477426.4466,4197,-29,click_LEFT_release
1787477427.0802,4197,-29,move
1787477427.1043,4187,-19,move
1787477427.1285,4180,-12,move
1787477427.1486,4170,-2,move
1787477427.1696,4163,6,move
1787477427.1853,4154,14,move
1787477427.2091,4146,24,move
1787477427.2305,4136,33,move
1787477427.2465,4129,40,move
1787477427.2666,4120,50,move
1787477427.2892,4111,58,move
1787477427.3123,4101,67,move
1787477427.33,4093,76,move
1787477427.346,4084,84,move
1787477427.7478,4076,93,move
1787477427.7648,4079,98,move
1787477427.7823,4082,101,move
1787477427.8071,4085,104,move
1787477427.8295,4088,108,move
1787477427.8475,4089,112,move
1787477427.8642,4093,115,move
1787477427.8871,4096,118,move
1787477427.9115,4099,122,move
1787477427.9294,4101,126,move
1787477427.9489,4104,129,move
1787477427.9695,4107,132,move
1787477428.5845,4110,136,move
1787477428.6016,4108,143,move
1787477428.6189,4106,149,move
1787477428.6345,4105,155,move
1787477428.6581,4102,163,move
1787477428.6752,4101,170,move
1787477428.6999,4099,175,move
1787477428.7149,4098,182,move
1787477428.7346,4095,190,move
1787477428.7501,4093,196,move
1787477428.7707,4092,202,move
1787477428.7925,4089,210,move
1787477429.3021,4088,217,move
1787477429.326,4085,221,move
1787477429.3416,4084,226,move
1787477429.3644,4081,233,move
1787477429.3868,4079,237,move
1787477429.4075,4076,242,move
1787477429.4246,4074,248,move
1787477429.4484,4071,253,move
1787477429.464,4068,259,move
1787477429.4883,4066,264,move
1787477429.5067,4063,270,move
1787477429.5258,4059,274,move
1787477429.5758,4058,281,click_LEFT_press
1787477429.6558,4058,281,click_LEFT_release
1787477430.0421,4058,281,move
1787477430.0653,4063,281,move
1787477430.0851,4068,285,move
1787477430.107,4073,286,move
1787477430.126,4078,288,move
1787477430.1499,4084,291,move
1787477430.172,4090,292,move
1787477430.1937,4095,295,move
1787477430.2134,4101,297,move
1787477430.2298,4105,298,move
1787477430.2546,4111,299,move
1787477430.2726,4117,301,move
1787477430.3226,4123,304,click_LEFT_press
1787477430.4026,4123,304,click_LEFT_release
1787477430.8556,4123,304,move
1787477430.8769,4123,303,move
1787477430.8979,4121,301,move
1787477430.9174,4120,300,move
1787477430.9328,4119,300,move
1787477430.9542,4118,300,move
1787477430.9755,4118,299,move
1787477430.9906,4116,297,move
1787477431.0109,4115,297,move
1787477431.0336,4116,297,move
1787477431.0523,4115,295,move
1787477431.0747,4114,295,move
1787477431.0931,4113,294,move
1787477431.1165,4112,294,move
1787477431.132,4112,292,move
1787477431.182,4111,292,click_LEFT_press
1787477431.262,4111,292,click_LEFT_release
1787477431.9159,4110,291,move
1787477431.9359,4104,291,move
1787477431.9533,4095,291,move
1787477431.9734,4087,291,move
1787477431.9905,4081,292,move
1787477432.0077,4073,291,move
1787477432.0263,4066,291,move
1787477432.0493,4058,292,move
1787477432.0647,4050,292,move
1787477432.0826,4043,292,move
1787477432.1035,4035,292,move
1787477432.1264,4029,291,move
1787477432.1432,4021,291,move
1787477432.1662,4013,291,move
1787477432.8541,4005,291,move
1787477432.8696,4004,284,move
1787477432.8858,4004,277,move
1787477432.9016,4004,270,move
1787477432.9261,4004,263,move
1787477432.9457,4002,257,move
1787477432.9648,4002,250,move
1787477432.9871,4001,242,move
1787477433.0084,4000,235,move
1787477433.0241,4000,229,move
1787477433.0462,3999,222,move
1787477433.0689,3999,215,move
1787477433.0892,3998,207,move
1787477433.1392,3998,201,click_LEFT_press
1787477433.2192,3998,201,click_LEFT_release
1787477434.0245,3998,200,move
1787477434.0477,3996,201,move
1787477434.0685,3996,200,move
1787477434.0867,3993,199,move
1787477434.1052,3993,201,move
1787477434.1214,3992,198,move
1787477434.1376,3990,200,move
1787477434.1622,3989,198,move
1787477434.183,3988,199,move
1787477434.1995,3987,199,move
1787477434.2185,3987,198,move
1787477434.2352,3985,198,move
1787477434.2555,3983,197,move
1787477434.9306,3982,198,move
1787477434.9497,3978,199,move
1787477434.9712,3971,203,move
1787477434.9925,3966,205,move
1787477435.0076,3961,208,move
1787477435.0255,3955,210,move
1787477435.0421,3951,212,move
1787477435.0628,3944,215,move
1787477435.0818,3939,217,move
1787477435.1056,3934,220,move
1787477435.13,3927,224,move
1787477435.5055,3923,225,move
1787477435.5299,3921,219,move
1787477435.5466,3919,215,move
1787477435.5698,3916,209,move
1787477435.5882,3914,204,move
1787477435.6055,3911,198,move
1787477435.6242,3909,192,move
1787477435.6397,3907,187,move
1787477435.6566,3905,182,move
1787477435.6763,3903,177,move
1787477435.6931,3901,171,move
1787477435.7174,3898,167,move
1787477435.7374,3895,161,move
1787477435.7555,3893,155,move
1787477435.7753,3891,150,move
1787477436.5238,3890,145,move
1787477436.5424,3882,147,move
1787477436.5626,3874,148,move
1787477436.583,3866,151,move
1787477436.6042,3857,153,move
1787477436.6256,3849,154,move
1787477436.6497,3842,156,move
1787477436.665,3834,158,move
1787477436.6883,3826,160,move
1787477436.7041,3817,163,move
1787477436.7259,3809,165,move
1787477436.7499,3802,167,move
1787477436.7664,3793,168,move
1787477436.7854,3785,171,move
1787477437.3742,3778,172,move
1787477437.3929,3775,179,move
1787477437.417,3770,184,move
1787477437.4393,3768,192,move
1787477437.4568,3764,199,move
1787477437.4726,3760,205,move
1787477437.4923,3755,212,move
1787477437.5142,3752,217,move
1787477437.5345,3749,223,move
1787477437.5527,3746,230,move
1787477437.5754,3741,236,move
1787477437.5988,3738,242,move
1787477437.6223,3735,250,move
1787477437.6723,3732,256,click_LEFT_press
1787477437.7523,3732,256,click_LEFT_release
1787477438.5341,3732,255,move
1787477438.5495,3739,255,move
1787477438.5672,3748,255,move
1787477438.5853,3755,255,move
1787477438.6097,3763,253,move
1787477438.6293,3772,254,move
1787477438.65,3779,252,move
1787477438.6743,3789,253,move
1787477438.6908,3797,252,move
1787477438.715,3803,253,move
1787477439.1715,3813,251,move
1787477439.1924,3814,262,move
1787477439.2163,3814,274,move
1787477439.2379,3813,286,move
1787477439.26,3816,296,move
1787477439.2844,3816,308,move
1787477439.3082,3817,320,move
1787477439.3245,3817,331,move
1787477439.3405,3817,341,move
1787477439.357,3818,353,move
1787477440.098,3818,365,move
1787477440.1144,3822,370,move
1787477440.1302,3823,376,move
1787477440.1541,3827,383,move
1787477440.1735,3830,388,move
1787477440.1977,3833,394,move
1787477440.2212,3834,401,move
1787477440.2378,3838,406,move
1787477440.2536,3840,412,move
1787477440.2751,3843,418,move
1787477440.2981,3847,424,move
1787477440.317,3849,431,move
1787477440.8868,3851,437,move
1787477440.9085,3856,441,move
1787477440.9254,3863,446,move
1787477440.9438,3868,451,move
1787477440.9661,3872,456,move
1787477440.9816,3879,460,move
1787477441.0013,3884,464,move
1787477441.0209,3888,469,move
1787477441.0366,3894,474,move
1787477441.0583,3898,478,move
1787477441.0767,3905,484,move
1787477441.0997,3910,487,move
1787477441.1163,3915,493,move
1787477441.7228,3921,498,move
1787477441.7388,3932,512,move
1787477441.7632,3943,526,move
1787477441.7835,3956,539,move
1787477441.8021,3967,555,move
1787477441.821,3978,568,move
1787477441.8421,3991,582,move
1787477441.859,4002,598,move
1787477441.8756,4013,611,move
1787477441.8977,4025,625,move
1787477442.4895,4037,640,move
1787477442.5047,4045,645,move
1787477442.525,4053,652,move
1787477442.5491,4060,657,move
1787477442.5693,4067,662,move
1787477442.5939,4076,668,move
1787477442.609,4083,674,move
1787477442.634,4092,678,move
1787477442.6573,4099,683,move
1787477442.6773,4106,689,move
1787477442.6975,4114,695,move
1787477442.7215,4121,701,move
1787477442.738,4130,708,move
1787477442.7595,4137,711,move
1787477442.7774,4146,718,move
1787477443.2725,4154,724,move
1787477443.2958,4141,721,move
1787477443.3147,4131,718,move
1787477443.3306,4119,716,move
1787477443.351,4108,712,move
1787477443.3724,4095,708,move
1787477443.3942,4084,706,move
1787477443.417,4073,704,move
1787477443.4396,4062,699,move
1787477443.4587,4049,698,move
1787477443.4807,4039,694,move
1787477444.2442,4026,692,move
1787477444.2635,4023,702,move
1787477444.2847,4017,713,move
1787477444.3009,4015,724,move
1787477444.3194,4010,735,move
1787477444.3353,4006,745,move
1787477444.3588,4000,757,move
1787477444.3818,3997,767,move
1787477444.3982,3992,779,move
1787477444.4195,3987,789,move
1787477444.4345,3984,800,move
1787477444.4543,3981,811,move
1787477445.1458,3975,822,move
1787477445.1618,3983,820,move
1787477445.1834,3990,818,move
1787477445.2019,3997,815,move
1787477445.2229,4004,814,move
1787477445.2447,4012,811,move
1787477445.2671,4018,809,move
1787477445.2891,4025,807,move
1787477445.3094,4034,803,move
1787477445.3311,4040,801,move
1787477445.3483,4047,798,move
1787477445.3701,4054,797,move
1787477445.3921,4062,794,move
1787477445.4115,4069,792,move
1787477445.4284,4077,790,move
1787477446.2073,4084,788,move
1787477446.2307,4089,779,move
1787477446.2524,4093,770,move
1787477446.274,4096,763,move
1787477446.2941,4102,754,move
1787477446.3152,4106,746,move
1787477446.3385,4111,737,move
1787477446.3616,4116,728,move
1787477446.3766,4120,720,move
1787477446.4004,4123,712,move
1787477446.4242,4129,704,move
1787477446.4418,4132,695,move
1787477446.4575,4137,686,move
1787477446.4794,4143,678,move
1787477447.2826,4146,669,move
1787477447.2983,4139,665,move
1787477447.3179,4133,658,move
1787477447.3371,4126,652,move
1787477447.3522,4120,648,move
1787477447.3754,4112,643,move
1787477447.3919,4106,636,move
1787477447.4123,4099,630,move
1787477447.4353,4092,626,move
1787477447.4573,4086,620,move
1787477447.4762,4081,614,move
1787477447.4952,4074,608,move
1787477448.202,4067,604,move
1787477448.2176,4070,600,move
1787477448.2413,4073,596,move
1787477448.2587,4075,592,move
1787477448.2784,4080,589,move
1787477448.2997,4081,584,move
1787477448.3205,4085,580,move
1787477448.3441,4088,576,move
1787477448.3677,4091,574,move
1787477448.3848,4095,569,move
1787477448.4084,4099,566,move
1787477448.4258,4102,562,move
1787477448.4493,4104,558,move
1787477448.9642,4108,554,move
1787477448.9858,4101,552,move
1787477449.0075,4095,549,move
1787477449.0295,4087,547,move
1787477449.0534,4081,544,move
1787477449.0688,4074,543,move
1787477449.0859,4067,541,move
1787477449.1035,4060,539,move
1787477449.1269,4054,536,move
1787477449.1448,4047,535,move
1787477449.1628,4041,532,move
1787477449.1818,4034,531,move
1787477449.2052,4027,529,move
1787477449.2246,4022,527,move
1787477449.249,4014,524,move
1787477449.299,4008,523,click_LEFT_press
1787477449.379,4008,523,click_LEFT_release
1787477450.1353,4008,522,move
1787477450.1547,4007,527,move
1787477450.1745,4007,530,move
1787477450.1959,4007,534,move
1787477450.2167,4007,537,move
1787477450.2343,4009,542,move
1787477450.2517,4009,544,move
1787477450.2685,4008,550,move
1787477450.2886,4008,553,move
1787477450.3096,4009,557,move
1787477450.3251,4009,561,move
1787477450.3429,4009,564,move
1787477450.3669,4008,568,move
1787477450.3905,4009,572,move
1787477450.4405,4010,576,click_LEFT_press
1787477450.5205,4010,576,click_LEFT_release
1787477451.1968,4009,576,move
1787477451.2119,4012,565,move
1787477451.2336,4014,554,move
1787477451.2573,4017,542,move
1787477451.2764,4018,532,move
1787477451.2955,4021,521,move
1787477451.3138,4023,509,move
1787477451.3328,4025,498,move
1787477451.3478,4028,488,move
1787477451.3704,4031,476,move
1787477451.3907,4033,464,move
1787477451.4075,4036,453,move
1787477451.4575,4038,443,click_LEFT_press
1787477451.5375,4038,443,click_LEFT_release
1787477452.2144,4038,443,move
1787477452.2371,4040,447,move
1787477452.2587,4042,450,move
1787477452.2762,4044,453,move
1787477452.2972,4045,456,move
1787477452.3175,4048,459,move
1787477452.3407,4049,462,move
1787477452.3646,4051,466,move
1787477452.3817,4054,468,move
1787477452.4024,4056,472,move
1787477452.4218,4057,475,move
1787477452.4718,4060,479,click_LEFT_press
1787477452.5518,4060,479,click_LEFT_release
1787477452.9253,4059,479,move
1787477452.9482,4068,464,move
1787477452.9677,4076,448,move
1787477452.9903,4084,435,move
1787477453.0132,4090,420,move
1787477453.0306,4099,405,move
1787477453.052,4107,391,move
1787477453.0759,4114,375,move
1787477453.0963,4121,361,move
1787477453.1191,4129,348,move
1787477453.1691,4138,333,click_LEFT_press
1787477453.2491,4138,333,click_LEFT_release
1787477453.7415,4137,332,move
1787477453.7581,4133,337,move
1787477453.7767,4128,341,move
1787477453.7961,4124,346,move
1787477453.8162,4119,352,move
1787477453.839,4115,356,move
1787477453.8616,4109,361,move
1787477453.885,4105,365,move
1787477453.908,4101,371,move
1787477453.9275,4095,373,move
1787477453.952,4091,379,move
1787477454.5431,4086,383,move
1787477454.5664,4075,392,move
1787477454.5858,4064,403,move
1787477454.6036,4052,411,move
1787477454.6195,4040,421,move
1787477454.6351,4030,432,move
1787477454.6527,4017,441,move
1787477454.675,4007,450,move
1787477454.696,3995,459,move
1787477454.7169,3983,470,move
1787477454.7347,3972,479,move
1787477454.7847,3962,489,click_LEFT_press
1787477454.8647,3962,489,click_LEFT_release
1787477455.1836,3961,488,move
1787477455.1989,3950,491,move
1787477455.2162,3939,493,move
1787477455.235,3928,496,move
1787477455.2502,3917,500,move
1787477455.2721,3904,501,move
1787477455.2936,3893,506,move
1787477455.3144,3882,508,move
1787477455.3364,3870,510,move
1787477455.355,3860,513,move
1787477455.3709,3849,516,move
1787477455.8474,3837,519,move
1787477455.8717,3847,513,move
1787477455.887,3856,508,move
1787477455.9056,3865,503,move
1787477455.9236,3874,498,move
1787477455.9484,3885,492,move
1787477455.9701,3894,488,move
1787477455.9902,3903,481,move
1787477456.0099,3912,477,move
1787477456.0295,3923,470,move
1787477456.0533,3932,467,move
1787477456.4502,3942,460,move
1787477456.4745,3941,458,move
1787477456.4937,3941,457,move
1787477456.5144,3941,455,move
1787477456.5305,3941,455,move
1787477456.5455,3942,454,move
1787477456.5622,3942,451,move
1787477456.5832,3942,450,move
1787477456.6035,3942,449,move
1787477456.6219,3940,448,move
1787477456.6407,3941,446,move
1787477457.1525,3941,444,move
1787477457.1688,3950,446,move
1787477457.1927,3958,446,move
1787477457.2088,3965,447,move
1787477457.2287,3974,447,move
1787477457.2499,3983,448,move
1787477457.2742,3990,449,move
1787477457.2946,3999,450,move
1787477457.3189,4007,451,move
1787477457.3382,4016,451,move
1787477457.361,4024,451,move
1787477457.3778,4033,452,move
1787477457.3935,4041,453,move
1787477457.4085,4049,454,move
1787477457.4299,4058,453,move
1787477458.2112,4066,454,move
1787477458.233,4074,452,move
1787477458.257,4082,452,move
1787477458.2773,4090,451,move
1787477458.2998,4098,448,move
1787477458.3216,4106,447,move
1787477458.3385,4115,446,move
1787477458.3625,4122,444,move
1787477458.3801,4130,443,move
1787477458.3979,4138,441,move
1787477458.4163,4146,439,move
1787477458.4362,4154,439,move
1787477458.4579,4162,437,move
1787477458.4748,4170,436,move
1787477458.5248,4179,434,click_LEFT_press
1787477458.6048,4179,434,click_LEFT_release
1787477458.9825,4179,434,move
1787477459.0071,4182,431,move
1787477459.0232,4185,429,move
1787477459.0456,4189,428,move
1787477459.0645,4192,425,move
1787477459.086,4197,424,move
1787477459.1091,4199,423,move
1787477459.1306,4203,422,move
1787477459.1523,4208,418,move
1787477459.1722,4211,417,move
1787477459.1958,4213,415,move
1787477459.2202,4217,414,move
1787477459.2398,4221,411,move
1787477460.0512,4224,409,move
1787477460.0665,4216,409,move
1787477460.0886,4206,407,move
1787477460.1088,4195,405,move
1787477460.1325,4187,404,move
1787477460.1477,4177,402,move
1787477460.1641,4167,401,move
1787477460.183,4157,400,move
1787477460.1984,4148,400,move
1787477460.2147,4138,398,move
1787477460.2376,4127,395,move
1787477460.2555,4118,395,move
1787477460.3055,4109,394,click_LEFT_press
1787477460.3855,4109,394,click_LEFT_release
1787477460.8567,4109,393,move
1787477460.8742,4103,403,move
1787477460.8916,4097,416,move
1787477460.9128,4092,427,move
1787477460.9323,4087,437,move
1787477460.9473,4081,447,move
1787477460.9646,4075,458,move
1787477460.9833,4070,469,move
1787477461.0047,4065,479,move
1787477461.0249,4059,491,move
1787477461.042,4055,501,move
1787477461.058,4050,511,move
1787477461.108,4044,523,click_LEFT_press
1787477461.188,4044,523,click_LEFT_release
1787477461.9057,4044,523,move
1787477461.9276,4052,524,move
1787477461.9448,4059,528,move
1787477461.9626,4068,530,move
1787477461.9851,4077,530,move
1787477462.0074,4085,534,move
1787477462.0296,4093,535,move
1787477462.05,4101,537,move
1787477462.0737,4111,540,move
1787477462.0982,4118,542,move
1787477462.1159,4126,545,move
1787477462.134,4135,547,move
1787477462.1504,4143,549,move
1787477462.1704,4152,551,move
1787477462.6692,4159,554,move
1787477462.6903,4159,553,move
1787477462.7105,4159,553,move
1787477462.7283,4157,552,move
1787477462.7481,4158,551,move
1787477462.7657,4157,551,move
1787477462.7869,4156,549,move
1787477462.8089,4156,549,move
1787477462.8274,4155,549,move
1787477462.844,4155,549,move
1787477462.8603,4153,548,move
1787477462.878,4153,547,move
1787477462.9023,4153,547,move
1787477462.9195,4151,547,move
1787477463.6013,4152,545,move
1787477463.6255,4142,555,move
1787477463.6416,4133,564,move
1787477463.6625,4123,574,move
1787477463.682,4113,584,move
1787477463.6978,4103,593,move
1787477463.7128,4094,602,move
1787477463.7328,4085,612,move
1787477463.7561,4076,621,move
1787477463.7776,4066,631,move
1787477463.8002,4056,640,move
1787477463.823,4046,650,move
1787477463.8476,4038,659,move
1787477463.8654,4028,669,move
1787477463.8886,4017,679,move
1787477463.9386,4009,689,click_LEFT_press
1787477464.0186,4009,689,click_LEFT_release
1787477464.3668,4008,689,move
1787477464.3853,4015,684,move
1787477464.4012,4021,678,move
1787477464.4195,4026,674,move
1787477464.4395,4031,668,move
1787477464.4617,4036,662,move
1787477464.4842,4042,658,move
1787477464.5072,4048,652,move
1787477464.5258,4054,646,move
1787477464.5453,4061,641,move
1787477464.5612,4065,636,move
1787477464.5815,4071,630,move
1787477464.5987,4077,625,move
1787477465.1973,4082,621,move
1787477465.216,4077,627,move
1787477465.2363,4072,634,move
1787477465.2573,4065,642,move
1787477465.2772,4061,648,move
1787477465.2977,4054,653,move
1787477465.3209,4049,661,move
1787477465.341,4043,667,move
1787477465.3588,4037,676,move
1787477465.3837,4030,681,move
1787477465.3989,4026,689,move
1787477465.4185,4020,695,move
1787477465.4403,4015,701,move
1787477465.4903,4009,709,click_LEFT_press
1787477465.5703,4009,709,click_LEFT_release
1787477465.9591,4008,709,move
1787477465.9822,4002,709,move
1787477466.0036,3997,710,move
1787477466.0215,3990,713,move
1787477466.0382,3984,714,move
1787477466.0589,3978,715,move
1787477466.0799,3971,715,move
1787477466.0995,3964,717,move
1787477466.1228,3958,718,move
1787477466.1405,3952,719,move
1787477466.1605,3946,720,move
1787477466.1781,3941,721,move
1787477466.1996,3935,722,move
1787477466.2239,3927,725,move
1787477466.8869,3921,726,move
1787477466.903,3917,720,move
1787477466.9228,3910,716,move
1787477466.9445,3905,712,move
1787477466.9613,3900,707,move
1787477466.9789,3894,703,move
1787477467.0011,3888,699,move
1787477467.022,3884,694,move
1787477467.0425,3878,688,move
1787477467.0641,3872,684,move
1787477467.0831,3866,680,move
1787477467.0988,3860,675,move
1787477467.1212,3856,671,move
1787477467.1415,3850,666,move
1787477467.1661,3843,661,move
1787477467.2161,3839,657,click_LEFT_press
1787477467.2961,3839,657,click_LEFT_release
1787477467.7929,3839,657,move
1787477467.8087,3835,658,move
1787477467.8309,3831,657,move
1787477467.8525,3828,659,move
1787477467.8736,3825,658,move
1787477467.8945,3822,659,move
1787477467.9169,3818,658,move
1787477467.936,3816,659,move
1787477467.9526,3812,659,move
1787477467.9718,3808,661,move
1787477467.9913,3805,660,move
1787477468.015,3801,660,move
1787477468.0396,3799,661,move
1787477468.0616,3794,662,move
1787477468.0838,3792,661,move
1787477468.6373,3788,662,move
1787477468.6551,3790,665,move
1787477468.6739,3791,669,move
1787477468.6908,3794,672,move
1787477468.7059,3796,675,move
1787477468.7257,3796,678,move
1787477468.7506,3799,682,move
1787477468.7738,3800,685,move
1787477468.7923,3801,690,move
1787477468.8085,3804,693,move
1787477468.8269,3804,695,move
1787477468.8464,3807,698,move
1787477468.8648,3809,702,move
1787477469.258,3810,705,move
1787477469.276,3802,713,move
1787477469.301,3793,722,move
1787477469.3172,3785,730,move
1787477469.3338,3778,738,move
1787477469.3503,3771,747,move
1787477469.3707,3763,755,move
1787477469.3939,3755,762,move
1787477469.4184,3748,772,move
1787477469.4408,3740,779,move
1787477469.4622,3731,788,move
1787477469.4854,3723,797,move
1787477469.9835,3717,805,move
1787477470.0071,3726,814,move
1787477470.0225,3739,825,move
1787477470.0404,3749,834,move
1787477470.0594,3760,844,move
1787477470.0838,3771,855,move
1787477470.1018,3781,865,move
1787477470.1213,3792,875,move
1787477470.145,3804,884,move
1787477470.1622,3814,894,move
1787477470.1782,3825,904,move
1787477470.194,3836,914,move
1787477470.209,3847,924,move
1787477470.6225,3857,934,move
1787477470.6453,3855,928,move
1787477470.666,3853,923,move
1787477470.6814,3851,916,move
1787477470.6985,3848,910,move
1787477470.7229,3846,904,move
1787477470.7394,3843,898,move
1787477470.7566,3842,893,move
1787477470.7754,3839,886,move
1787477470.7961,3838,881,move
1787477470.8133,3836,874,move
1787477470.8374,3834,869,move
1787477470.8605,3831,863,move
1787477470.8785,3828,857,move
1787477471.3472,3827,850,move
1787477471.37,3815,850,move
1787477471.3901,3804,850,move
1787477471.4125,3792,849,move
1787477471.4372,3782,849,move
1787477471.462,3770,848,move
1787477471.4777,3760,848,move
1787477471.4958,3748,848,move
1787477471.5161,3736,847,move
1787477471.5395,3725,848,move
1787477471.5561,3715,847,move
1787477471.9212,3704,846,move
1787477471.9401,3696,838,move
1787477471.957,3690,829,move
1787477471.975,3682,820,move
1787477471.9968,3674,811,move
1787477472.0215,3668,803,move
1787477472.0424,3661,795,move
1787477472.0583,3653,788,move
1787477472.0762,3646,778,move
1787477472.0997,3638,770,move
1787477472.1162,3632,761,move
1787477472.1379,3625,752,move
1787477472.1554,3617,745,move
1787477472.173,3610,736,move
1787477472.1929,3602,727,move
1787477472.5461,3596,718,move
1787477472.5697,3594,722,move
1787477472.5895,3592,725,move
1787477472.6113,3591,728,move
1787477472.6292,3588,730,move
1787477472.6511,3587,733,move
1787477472.6676,3585,736,move
1787477472.6862,3583,740,move
1787477472.7045,3582,742,move
1787477472.725,3579,745,move
1787477472.7477,3578,747,move
1787477473.2572,3577,750,move
1787477473.2762,3563,756,move
1787477473.2955,3550,762,move
1787477473.3192,3537,769,move
1787477473.3355,3523,776,move
1787477473.3541,3511,781,move
1787477473.3731,3497,789,move
1787477473.3964,3484,795,move
1787477473.4174,3471,800,move
1787477473.4351,3458,806,move
1787477473.4516,3444,812,move
1787477473.8612,3431,818,move
1787477473.8798,3424,811,move
1787477473.9015,3415,803,move
1787477473.9218,3406,795,move
1787477473.9449,3396,786,move
1787477473.9625,3389,777,move
1787477473.9871,3380,770,move
1787477474.0036,3372,762,move
1787477474.0218,3362,754,move
1787477474.044,3354,745,move
1787477474.066,3346,738,move
1787477474.0879,3335,729,move
1787477474.8259,3328,721,move
1787477474.8424,3340,713,move
1787477474.8585,3352,704,move
1787477474.8765,3365,696,move
1787477474.9011,3377,687,move
1787477474.9249,3389,679,move
1787477474.9428,3400,670,move
1787477474.9612,3413,662,move
1787477474.9771,3425,654,move
1787477474.9988,3437,644,move
1787477475.016,3450,637,move
1787477475.0325,3462,626,move
1787477475.5119,3473,619,move
1787477475.5347,3469,620,move
1787477475.5498,3463,619,move
1787477475.5728,3458,620,move
1787477475.5967,3453,621,move
1787477475.6202,3448,620,move
1787477475.6357,3444,621,move
1787477475.6583,3438,621,move
1787477475.6763,3433,622,move
1787477475.7007,3429,622,move
1787477475.717,3423,622,move
1787477475.736,3418,624,move
1787477475.7515,3413,624,move
1787477476.5436,3408,623,move
1787477476.5615,3409,635,move
1787477476.5815,3413,646,move
1787477476.6019,3415,657,move
1787477476.6268,3415,668,move
1787477476.6435,3418,680,move
1787477476.6682,3421,689,move
1787477476.6845,3424,701,move
1787477476.7049,3424,711,move
1787477476.7291,3427,723,move
1787477476.7463,3428,733,move
1787477476.7676,3432,745,move
1787477476.7892,3433,756,move
1787477477.5447,3436,767,move
1787477477.5612,3428,757,move
1787477477.579,3423,745,move
1787477477.596,3416,735,move
1787477477.6135,3409,723,move
1787477477.633,3404,713,move
1787477477.6493,3397,703,move
1787477477.6669,3391,691,move
1787477477.6912,3385,681,move
1787477477.712,3377,670,move
1787477477.7339,3372,659,move
1787477477.7564,3365,650,move
1787477477.7724,3359,638,move
1787477478.3626,3353,627,move
1787477478.3842,3346,628,move
1787477478.3994,3339,630,move
1787477478.4147,3332,632,move
1787477478.4368,3324,634,move
1787477478.455,3317,635,move
1787477478.4779,3310,637,move
1787477478.4966,3303,638,move
1787477478.5137,3296,639,move
1787477478.5373,3289,642,move
1787477478.5873,3282,644,click_LEFT_press
1787477478.6673,3282,644,click_LEFT_release
1787477479.3717,3282,644,move
1787477479.3954,3289,637,move
1787477479.4196,3297,631,move
1787477479.4426,3303,626,move
1787477479.4592,3311,621,move
1787477479.4807,3319,615,move
1787477479.4967,3326,607,move
1787477479.5178,3334,602,move
1787477479.5367,3341,596,move
1787477479.5537,3348,591,move
1787477479.5688,3356,585,move
1787477479.5889,3363,580,move
1787477479.6083,3371,574,move
1787477479.6305,3378,567,move
1787477479.6804,3386,562,click_LEFT_press
1787477479.7604,3386,562,click_LEFT_release
1787477480.1327,3385,562,move
1787477480.154,3375,555,move
1787477480.1762,3366,548,move
1787477480.192,3354,541,move
1787477480.2127,3344,534,move
1787477480.2341,3334,529,move
1787477480.2564,3323,522,move
1787477480.2754,3313,516,move
1787477480.2965,3303,508,move
1787477480.3172,3293,502,move
1787477480.3392,3282,496,move
1787477480.3543,3271,489,move
1787477480.3722,3260,484,move
1787477480.9116,3251,476,move
1787477480.9312,3240,471,move
1787477480.9498,3230,465,move
1787477480.9663,3219,461,move
1787477480.9881,3209,454,move
1787477481.0121,3198,450,move
1787477481.0367,3189,445,move
1787477481.0529,3178,440,move
1787477481.0761,3167,434,move
1787477481.0971,3157,429,move
1787477481.1131,3147,422,move
1787477481.5552,3136,418,move
1787477481.5713,3148,410,move
1787477481.5892,3160,401,move
1787477481.6069,3171,392,move
1787477481.6232,3183,385,move
1787477481.6416,3193,376,move
1787477481.6623,3206,368,move
1787477481.6837,3218,359,move
1787477481.6998,3229,352,move
1787477481.7246,3239,342,move
1787477481.746,3251,334,move
1787477481.7654,3264,326,move
1787477482.3051,3275,318,move
1787477482.3225,3286,318,move
1787477482.3408,3297,319,move
1787477482.3574,3308,321,move
1787477482.3742,3321,322,move
1787477482.3932,3330,322,move
1787477482.417,3343,322,move
1787477482.4369,3353,323,move
1787477482.4605,3366,323,move
1787477482.4831,3377,324,move
1787477482.5024,3388,325,move
1787477482.5524,3400,326,click_LEFT_press
1787477482.6324,3400,326,click_LEFT_release
1787477482.9555,3400,325,move
1787477482.9788,3393,334,move
1787477483.0027,3387,341,move
1787477483.0243,3381,349,move
1787477483.0471,3375,358,move
1787477483.0716,3369,366,move
1787477483.0939,3363,373,move
1787477483.1128,3357,380,move
1787477483.1282,3349,388,move
1787477483.1466,3342,397,move
1787477483.1621,3337,405,move
1787477483.7185,3330,413,move
1787477483.743,3340,403,move
1787477483.7663,3348,391,move
1787477483.7889,3357,381,move
1787477483.8138,3367,369,move
1787477483.8379,3376,359,move
1787477483.8615,3386,349,move
1787477483.8829,3394,337,move
1787477483.8989,3403,328,move
1787477483.9182,3411,316,move
1787477483.9423,3421,306,move
1787477483.966,3430,294,move
1787477483.9844,3440,283,move
1787477484.0344,3449,274,click_LEFT_press
1787477484.1144,3449,274,click_LEFT_release
1787477484.8065,3448,274,move
1787477484.8252,3437,259,move
1787477484.8464,3426,245,move
1787477484.866,3415,233,move
1787477484.8827,3403,218,move
1787477484.9065,3391,205,move
1787477484.9244,3380,191,move
1787477484.9457,3369,178,move
1787477484.9664,3358,163,move
1787477484.9863,3347,151,move
1787477485.0363,3336,137,click_LEFT_press
1787477485.1163,3336,137,click_LEFT_release
1787477485.7679,3336,136,move
1787477485.7883,3330,136,move
1787477485.8046,3322,138,move
1787477485.8262,3314,138,move
1787477485.8444,3308,139,move
1787477485.8598,3301,139,move
1787477485.8775,3293,140,move
1787477485.8974,3287,140,move
1787477485.9212,3280,139,move
1787477485.9383,3272,141,move
1787477485.9566,3266,142,move
1787477485.9762,3260,141,move
1787477485.9932,3252,141,move
1787477486.0432,3246,143,click_LEFT_press
1787477486.1232,3246,143,click_LEFT_release
1787477486.7502,3245,143,move
1787477486.7739,3243,137,move
1787477486.7951,3241,130,move
1787477486.8154,3238,123,move
1787477486.8304,3237,115,move
1787477486.8496,3234,109,move
1787477486.8733,3231,102,move
1787477486.8975,3229,97,move
1787477486.9183,3227,90,move
1787477486.9362,3224,82,move
1787477486.9526,3223,77,move
1787477486.9708,3220,70,move
1787477486.9858,3219,63,move
1787477487.5807,3216,56,move
1787477487.6014,3216,50,move
1787477487.6244,3216,42,move
1787477487.6452,3213,36,move
1787477487.6648,3214,28,move
1787477487.6813,3213,21,move
1787477487.7005,3214,15,move
1787477487.7242,3213,8,move
1787477487.7455,3213,1,move
1787477487.7614,3211,-5,move
1787477487.7839,3211,-12,move
1787477487.8016,3212,-19,move
1787477487.8175,3210,-27,move
1787477487.8376,3210,-34,move
1787477487.8528,3210,-41,move
1787477487.9028,3210,-48,click_LEFT_press
1787477487.9828,3210,-48,click_LEFT_release
1787477488.7164,3209,-48,move
1787477488.7382,3211,-37,move
1787477488.7539,3213,-28,move
1787477488.7788,3214,-18,move
1787477488.803,3215,-9,move
1787477488.819,3216,0,move
1787477488.8407,3217,10,move
1787477488.8573,3218,20,move
1787477488.876,3220,31,move
1787477488.8951,3221,40,move
1787477488.9113,3221,51,move
1787477488.9613,3224,61,click_LEFT_press
1787477489.0413,3224,61,click_LEFT_release
1787477489.474,3223,60,move
1787477489.4898,3236,69,move
1787477489.5087,3246,78,move
1787477489.5257,3257,87,move
1787477489.5434,3269,97,move
1787477489.5646,3280,105,move
1787477489.5864,3290,115,move
1787477489.6053,3301,125,move
1787477489.6207,3313,133,move
1787477489.6418,3324,143,move
1787477490.1315,3336,152,move
1787477490.1493,3325,137,move
1787477490.1679,3315,124,move
1787477490.1907,3306,108,move
1787477490.2102,3295,96,move
1787477490.2299,3286,80,move
1787477490.2503,3275,66,move
1787477490.2677,3264,52,move
1787477490.2919,3256,39,move
1787477490.3097,3245,24,move
1787477490.9305,3234,11,move
1787477490.9478,3237,16,move
1787477490.9648,3240,22,move
1787477490.9866,3243,27,move
1787477491.0016,3244,33,move
1787477491.0196,3247,41,move
1787477491.0384,3250,47,move
1787477491.0585,3253,52,move
1787477491.0831,3254,57,move
1787477491.1002,3256,64,move
1787477491.487,3260,69,move
1787477491.5063,3271,75,move
1787477491.5285,3284,80,move
1787477491.5477,3295,86,move
1787477491.5726,3307,91,move
1787477491.597,3317,97,move
1787477491.6196,3330,101,move
1787477491.6439,3341,107,move
1787477491.6649,3353,112,move
1787477491.6823,3366,117,move
1787477492.1463,3377,123,move
1787477492.1684,3370,112,move
1787477492.1891,3362,100,move
1787477492.2047,3356,88,move
1787477492.2244,3347,77,move
1787477492.2472,3341,65,move
1787477492.2651,3334,53,move
1787477492.2827,3325,42,move
1787477492.3075,3319,29,move
1787477492.3254,3311,18,move
1787477492.3456,3305,6,move
1787477492.3643,3297,-5,move
1787477492.8105,3291,-17,move
1787477492.8294,3296,-9,move
1787477492.8542,3301,-3,move
1787477492.8776,3307,3,move
1787477492.8964,3311,9,move
1787477492.9196,3317,16,move
1787477492.9399,3322,24,move
1787477492.9589,3328,31,move
1787477492.9809,3333,37,move
1787477492.9969,3338,43,move
1787477493.0195,3343,51,move
1787477493.0695,3349,57,click_LEFT_press
1787477493.1495,3349,57,click_LEFT_release
1787477493.6981,3349,57,move
1787477493.7138,3347,65,move
1787477493.7359,3344,73,move
1787477493.7512,3342,81,move
1787477493.7728,3340,90,move
1787477493.7927,3338,98,move
1787477493.8114,3336,108,move
1787477493.8298,3335,117,move
1787477493.8512,3332,125,move
1787477493.8711,3330,134,move
1787477494.2707,3328,142,move
1787477494.2907,3333,155,move
1787477494.3127,3338,166,move
1787477494.3286,3344,180,move
1787477494.3469,3348,192,move
1787477494.3663,3354,204,move
1787477494.3879,3359,217,move
1787477494.4125,3364,229,move
1787477494.4277,3370,243,move
1787477494.451,3373,256,move
1787477495.0546,3380,268,move
1787477495.0714,3375,281,move
1787477495.0906,3369,293,move
1787477495.1138,3364,306,move
1787477495.1341,3359,319,move
1787477495.1529,3353,332,move
1787477495.1716,3348,346,move
1787477495.1871,3343,358,move
1787477495.2074,3337,371,move
1787477495.2263,3333,383,move
1787477495.6704,3327,397,move
1787477495.6952,3323,408,move
1787477495.7131,3318,419,move
1787477495.7336,3312,429,move
1787477495.749,3307,439,move
1787477495.7715,3301,452,move
1787477495.796,3296,462,move
1787477495.8134,3291,472,move
1787477495.8369,3286,484,move
1787477495.8604,3281,496,move
1787477495.879,3276,507,move
1787477495.8966,3270,517,move
1787477495.9466,3266,528,click_LEFT_press
1787477496.0266,3266,528,click_LEFT_release
1787477496.6234,3266,527,move
1787477496.6386,3264,525,move
1787477496.6555,3263,521,move
1787477496.6744,3261,519,move
1787477496.6966,3261,517,move
1787477496.7136,3258,514,move
1787477496.7362,3257,511,move
1787477496.7531,3256,511,move
1787477496.7754,3255,507,move
1787477496.7931,3254,505,move
1787477496.8082,3251,503,move
1787477497.5945,3250,500,move
1787477497.6181,3255,509,move
1787477497.643,3260,518,move
1787477497.6641,3267,527,move
1787477497.6857,3271,537,move
1787477497.7021,3277,545,move
1787477497.7242,3282,553,move
1787477497.749,3287,563,move
1787477497.7649,3292,571,move
1787477497.7878,3296,581,move
1787477497.811,3303,591,move
1787477497.8325,3308,600,move
1787477497.8518,3312,609,move
1787477497.9018,3318,618,click_LEFT_press
1787477497.9818,3318,618,click_LEFT_release
1787477498.3686,3317,618,move
1787477498.3934,3311,617,move
1787477498.4118,3305,617,move
1787477498.4305,3299,616,move
1787477498.449,3291,615,move
1787477498.4662,3284,615,move
1787477498.4868,3278,614,move
1787477498.5058,3272,613,move
1787477498.5304,3266,612,move
1787477498.5529,3258,611,move
1787477498.5705,3251,611,move
1787477498.5855,3247,610,move
1787477498.6075,3239,609,move
1787477498.6254,3232,610,move
1787477498.65,3225,609,move
1787477499.1013,3220,608,move
1787477499.1184,3228,601,move
1787477499.1433,3234,595,move
1787477499.16,3243,588,move
1787477499.1755,3250,583,move
1787477499.1962,3258,576,move
1787477499.2137,3265,570,move
1787477499.2328,3274,562,move
1787477499.2485,3282,557,move
1787477499.2677,3289,550,move
1787477499.2918,3297,544,move
1787477499.3069,3303,537,move
1787477499.3309,3312,533,move
1787477499.3809,3320,526,click_LEFT_press
1787477499.4609,3320,526,click_LEFT_release
